[09Apr2026 18:19:53.128] [main/INFO] [cpw.mods.modlauncher.Launcher/MODLAUNCHER]: ModLauncher running: args [--gameDir, ., --launchTarget, fmlserver, --fml.forgeVersion, 36.2.42, --fml.mcpVersion, 20210115.111550, --fml.mcVersion, 1.16.5, --fml.forgeGroup, net.minecraftforge, nogui]
[09Apr2026 18:19:53.131] [main/INFO] [cpw.mods.modlauncher.Launcher/MODLAUNCHER]: ModLauncher 8.1.3+8.1.3+main-8.1.x.c94d18ec starting: java version 11.0.30 by Ubuntu
[09Apr2026 18:19:53.636] [main/INFO] [com.teampotato.redirector.Redirector/]: Redirector CoreMod initialized successfully!
[09Apr2026 18:19:53.814] [main/INFO] [net.minecraftforge.fml.loading.FixSSL/CORE]: Added Lets Encrypt root certificates as additional trust
[09Apr2026 18:19:53.817] [main/INFO] [MixinBootstrap Launch/]: MixinBootstrap v1.1.0
[09Apr2026 18:19:53.818] [main/INFO] [MixinBootstrap Launch/]: Mixin v0.8.4
[09Apr2026 18:19:53.819] [main/INFO] [MixinBootstrap Launch/]: ModLauncher v8.1.3+8.1.3+main-8.1.x.c94d18ec (7.0)
[09Apr2026 18:19:53.896] [main/INFO] [mixin/]: SpongePowered MIXIN Subsystem Version=0.8.4 Source=file:/workspaces/poseta/servidor_minecraft/libraries/org/spongepowered/mixin/0.8.4/mixin-0.8.4.jar Service=ModLauncher Env=SERVER
[09Apr2026 18:19:54.832] [main/INFO] [STDERR/]: [jdk.nashorn.api.scripting.NashornScriptEngine:<init>:143]: Warning: Nashorn engine is planned to be removed from a future JDK release
[09Apr2026 18:19:54.952] [main/INFO] [STDERR/]: [jdk.nashorn.api.scripting.NashornScriptEngine:<init>:143]: Warning: Nashorn engine is planned to be removed from a future JDK release
[09Apr2026 18:19:54.967] [main/INFO] [STDERR/]: [jdk.nashorn.api.scripting.NashornScriptEngine:<init>:143]: Warning: Nashorn engine is planned to be removed from a future JDK release
[09Apr2026 18:19:54.975] [main/INFO] [STDERR/]: [jdk.nashorn.api.scripting.NashornScriptEngine:<init>:143]: Warning: Nashorn engine is planned to be removed from a future JDK release
[09Apr2026 18:19:54.987] [main/INFO] [STDERR/]: [jdk.nashorn.api.scripting.NashornScriptEngine:<init>:143]: Warning: Nashorn engine is planned to be removed from a future JDK release
[09Apr2026 18:19:55.003] [main/INFO] [STDERR/]: [jdk.nashorn.api.scripting.NashornScriptEngine:<init>:143]: Warning: Nashorn engine is planned to be removed from a future JDK release
[09Apr2026 18:19:55.014] [main/INFO] [STDERR/]: [jdk.nashorn.api.scripting.NashornScriptEngine:<init>:143]: Warning: Nashorn engine is planned to be removed from a future JDK release
[09Apr2026 18:19:55.022] [main/INFO] [STDERR/]: [jdk.nashorn.api.scripting.NashornScriptEngine:<init>:143]: Warning: Nashorn engine is planned to be removed from a future JDK release
[09Apr2026 18:19:55.031] [main/INFO] [STDERR/]: [jdk.nashorn.api.scripting.NashornScriptEngine:<init>:143]: Warning: Nashorn engine is planned to be removed from a future JDK release
[09Apr2026 18:19:55.039] [main/INFO] [STDERR/]: [jdk.nashorn.api.scripting.NashornScriptEngine:<init>:143]: Warning: Nashorn engine is planned to be removed from a future JDK release
[09Apr2026 18:19:55.049] [main/INFO] [STDERR/]: [jdk.nashorn.api.scripting.NashornScriptEngine:<init>:143]: Warning: Nashorn engine is planned to be removed from a future JDK release
[09Apr2026 18:19:55.062] [main/INFO] [STDERR/]: [jdk.nashorn.api.scripting.NashornScriptEngine:<init>:143]: Warning: Nashorn engine is planned to be removed from a future JDK release
[09Apr2026 18:19:55.069] [main/INFO] [STDERR/]: [jdk.nashorn.api.scripting.NashornScriptEngine:<init>:143]: Warning: Nashorn engine is planned to be removed from a future JDK release
[09Apr2026 18:19:55.075] [main/INFO] [STDERR/]: [jdk.nashorn.api.scripting.NashornScriptEngine:<init>:143]: Warning: Nashorn engine is planned to be removed from a future JDK release
[09Apr2026 18:19:55.086] [main/INFO] [STDERR/]: [jdk.nashorn.api.scripting.NashornScriptEngine:<init>:143]: Warning: Nashorn engine is planned to be removed from a future JDK release
[09Apr2026 18:19:55.093] [main/INFO] [STDERR/]: [jdk.nashorn.api.scripting.NashornScriptEngine:<init>:143]: Warning: Nashorn engine is planned to be removed from a future JDK release
[09Apr2026 18:19:55.107] [main/INFO] [STDERR/]: [jdk.nashorn.api.scripting.NashornScriptEngine:<init>:143]: Warning: Nashorn engine is planned to be removed from a future JDK release
[09Apr2026 18:19:55.391] [main/INFO] [STDERR/]: [org.antlr.v4.runtime.ConsoleErrorListener:syntaxError:38]: line 2:141 token recognition error at: ';'
[09Apr2026 18:19:58.017] [main/INFO] [mixin/]: Successfully loaded Mixin Connector [tictim.paraglider.MixinConnector]
[09Apr2026 18:19:58.025] [main/INFO] [cpw.mods.modlauncher.LaunchServiceHandler/MODLAUNCHER]: Launching target 'fmlserver' with arguments [--gameDir, ., nogui]
[09Apr2026 18:19:58.099] [main/INFO] [opotato/]: Mod BetterMineshafts-Forge-1.16.4-2.0.4.jar loaded!
[09Apr2026 18:19:58.099] [main/INFO] [opotato/]: Mod BiomesOPlenty-1.16.5-13.1.0.488-universal.jar loaded!
[09Apr2026 18:19:58.099] [main/INFO] [opotato/]: Mod BrassAmberBattleTowers-1.16.5-1.6.3.jar loaded!
[09Apr2026 18:19:58.099] [main/INFO] [opotato/]: Mod CC(FG1.16.5) v1.1.6.jar loaded!
[09Apr2026 18:19:58.100] [main/INFO] [opotato/]: Mod Chunky-1.2.123.jar loaded!
[09Apr2026 18:19:58.100] [main/INFO] [opotato/]: Mod CosmeticArmorReworked-1.16.5-v5a.jar loaded!
[09Apr2026 18:19:58.100] [main/INFO] [opotato/]: Mod CreativeCore_v2.2.1_mc1.16.5.jar loaded!
[09Apr2026 18:19:58.100] [main/INFO] [opotato/]: Mod DungeonCrawl-1.16.5-2.3.12.jar loaded!
[09Apr2026 18:19:58.100] [main/INFO] [opotato/]: Mod DungeonsArise-1.16.5-2.1.49-beta.jar loaded!
[09Apr2026 18:19:58.100] [main/INFO] [opotato/]: Mod DynamicTrees-1.16.5-0.10.5.jar loaded!
[09Apr2026 18:19:58.100] [main/INFO] [opotato/]: Mod DynamicTreesBOP-1.16.5-2.0.9.jar loaded!
[09Apr2026 18:19:58.100] [main/INFO] [opotato/]: Mod FpsReducer-forge-1.24-mc1.16.5.jar loaded!
[09Apr2026 18:19:58.101] [main/INFO] [opotato/]: Mod Hwyla-forge-1.10.11-B78_1.16.2.jar loaded!
[09Apr2026 18:19:58.101] [main/INFO] [opotato/]: Mod IamMusicPlayer-1.16.5-2.10.jar loaded!
[09Apr2026 18:19:58.101] [main/INFO] [opotato/]: Mod InventoryHud_[1.16.2-1.16.5].forge-3.4.1.jar loaded!
[09Apr2026 18:19:58.101] [main/INFO] [opotato/]: Mod Ksyxis-1.3.4.jar loaded!
[09Apr2026 18:19:58.101] [main/INFO] [opotato/]: Mod Mantle-1.16.5-1.6.157.jar loaded!
[09Apr2026 18:19:58.101] [main/INFO] [opotato/]: Mod NDIIIAlpha4.jar loaded!
[09Apr2026 18:19:58.102] [main/INFO] [opotato/]: Mod NaturesCompass-1.16.5-1.9.1-forge.jar loaded!
[09Apr2026 18:19:58.103] [main/INFO] [opotato/]: Mod NoChatLagForge-1.1.0-1.16.jar loaded!
[09Apr2026 18:19:58.103] [main/INFO] [opotato/]: Mod OnlyLooking-1.16.5-1.0.0.jar loaded!
[09Apr2026 18:19:58.103] [main/INFO] [opotato/]: Mod OresAboveDiamonds-1.16.5-v6.4.1.jar loaded!
[09Apr2026 18:19:58.103] [main/INFO] [opotato/]: Mod OtyacraftEngine-1.16.5-1.23.jar loaded!
[09Apr2026 18:19:58.104] [main/INFO] [opotato/]: Mod Paraglider-1.16.5-1.3.2.14.jar loaded!
[09Apr2026 18:19:58.104] [main/INFO] [opotato/]: Mod Placebo-1.16.5-4.7.1.jar loaded!
[09Apr2026 18:19:58.104] [main/INFO] [opotato/]: Mod PlayerRevive_v2.0.0-pre04_mc1.16.5.jar loaded!
[09Apr2026 18:19:58.105] [main/INFO] [opotato/]: Mod SimpleCoreLib-1.16.5-2.0.8.22.jar loaded!
[09Apr2026 18:19:58.105] [main/INFO] [opotato/]: Mod SkyVillage_1.0.0_1.16.5.jar loaded!
[09Apr2026 18:19:58.105] [main/INFO] [opotato/]: Mod TConstruct-1.16.5-3.3.4.335.jar loaded!
[09Apr2026 18:19:58.105] [main/INFO] [opotato/]: Mod THT-1.16.5-2.3.0.jar loaded!
[09Apr2026 18:19:58.107] [main/INFO] [opotato/]: Mod TerraForged-1.16.5-0.2.16.jar loaded!
[09Apr2026 18:19:58.107] [main/INFO] [opotato/]: Mod TravelersBackpack-1.16.5-5.4.51.jar loaded!
[09Apr2026 18:19:58.107] [main/INFO] [opotato/]: Mod Waystones_1.16.5-7.6.4.jar loaded!
[09Apr2026 18:19:58.107] [main/INFO] [opotato/]: Mod Xaeros_Minimap_25.3.2_Forge_1.16.5.jar loaded!
[09Apr2026 18:19:58.107] [main/INFO] [opotato/]: Mod YungsApi-1.16.4-Forge-13.jar loaded!
[09Apr2026 18:19:58.107] [main/INFO] [opotato/]: Mod [1.16.5] SecurityCraft v1.10.jar loaded!
[09Apr2026 18:19:58.110] [main/INFO] [opotato/]: Mod alexsmobs-1.12.1.jar loaded!
[09Apr2026 18:19:58.110] [main/INFO] [opotato/]: Mod appleskin-forge-mc1.16.x-2.5.1.jar loaded!
[09Apr2026 18:19:58.110] [main/INFO] [opotato/]: Mod architectury-1.32.68.jar loaded!
[09Apr2026 18:19:58.110] [main/INFO] [opotato/]: Mod betterbiomeblend-1.16.4-1.2.9-forge.jar loaded!
[09Apr2026 18:19:58.110] [main/INFO] [opotato/]: Mod bettervillage-forge-1.16.5-3.3.1.jar loaded!
[09Apr2026 18:19:58.110] [main/INFO] [opotato/]: Mod carryon-1.16.5-1.15.6.24 (1).jar loaded!
[09Apr2026 18:19:58.110] [main/INFO] [opotato/]: Mod castle_dungeons-3.3-1.16.5-forge.jar loaded!
[09Apr2026 18:19:58.111] [main/INFO] [opotato/]: Mod citadel-1.8.1-1.16.5.jar loaded!
[09Apr2026 18:19:58.112] [main/INFO] [opotato/]: Mod collective-1.16.5-5.49.jar loaded!
[09Apr2026 18:19:58.112] [main/INFO] [opotato/]: Mod connectivity-2.4-1.16.5.jar loaded!
[09Apr2026 18:19:58.112] [main/INFO] [opotato/]: Mod dragonseeker-1.1.jar loaded!
[09Apr2026 18:19:58.112] [main/INFO] [opotato/]: Mod dungeons_1.10.3_mc1.16.5.jar loaded!
[09Apr2026 18:19:58.112] [main/INFO] [opotato/]: Mod dungeons_enhanced-1.16.5-1.9.2.jar loaded!
[09Apr2026 18:19:58.112] [main/INFO] [opotato/]: Mod embeddiumextras-1.16.5-1.12.0.jar loaded!
[09Apr2026 18:19:58.112] [main/INFO] [opotato/]: Mod fastasyncworldsave-1.16.5-1.4.jar loaded!
[09Apr2026 18:19:58.112] [main/INFO] [opotato/]: Mod ferritecore-2.1.1-forge.jar loaded!
[09Apr2026 18:19:58.112] [main/INFO] [opotato/]: Mod forge-1.16.5-36.2.42-server.jar loaded!
[09Apr2026 18:19:58.113] [main/INFO] [opotato/]: Mod forge-1.16.5-36.2.42-universal.jar loaded!
[09Apr2026 18:19:58.113] [main/INFO] [opotato/]: Mod francium-1.16.5-1.0.1.jar loaded!
[09Apr2026 18:19:58.113] [main/INFO] [opotato/]: Mod geckolib-forge-1.16.5-3.0.106.jar loaded!
[09Apr2026 18:19:58.114] [main/INFO] [opotato/]: Mod getittogetherdrops-1.16.5-v1.2.jar loaded!
[09Apr2026 18:19:58.114] [main/INFO] [opotato/]: Mod guardvillagers-1.16.5.1.2.6.jar loaded!
[09Apr2026 18:19:58.114] [main/INFO] [opotato/]: Mod iceandfire-2.1.12-1.16.5-patch-1.jar loaded!
[09Apr2026 18:19:58.117] [main/INFO] [opotato/]: Mod inventorysorter-1.16.1-18.1.0.jar loaded!
[09Apr2026 18:19:58.117] [main/INFO] [opotato/]: Mod ironchest-1.16.5-11.2.21.jar loaded!
[09Apr2026 18:19:58.117] [main/INFO] [opotato/]: Mod jei-1.16.5-7.8.0.1013.jar loaded!
[09Apr2026 18:19:58.117] [main/INFO] [opotato/]: Mod lazydfu-0.1.3.jar loaded!
[09Apr2026 18:19:58.117] [main/INFO] [opotato/]: Mod libraryferret-forge-1.16.5-4.0.0.jar loaded!
[09Apr2026 18:19:58.117] [main/INFO] [opotato/]: Mod memoryleakfix-forge-pre1.17-1.0.0.jar loaded!
[09Apr2026 18:19:58.117] [main/INFO] [opotato/]: Mod modernfix-forge-5.18.0+mc1.16.5.jar loaded!
[09Apr2026 18:19:58.117] [main/INFO] [opotato/]: Mod morevanillaarmor-1.16.4-1.2.6.jar loaded!
[09Apr2026 18:19:58.118] [main/INFO] [opotato/]: Mod morevanillalib-1.16.4-1.4.1.jar loaded!
[09Apr2026 18:19:58.118] [main/INFO] [opotato/]: Mod mowziesmobs-1.5.27.jar loaded!
[09Apr2026 18:19:58.118] [main/INFO] [opotato/]: Mod mutantmore-1.16.5-1.0.2.jar loaded!
[09Apr2026 18:19:58.118] [main/INFO] [opotato/]: Mod opotato-1.16.5-2.3.0.jar loaded!
[09Apr2026 18:19:58.118] [main/INFO] [opotato/]: Mod repurposed_structures_forge-3.4.7+1.16.5.jar loaded!
[09Apr2026 18:19:58.118] [main/INFO] [opotato/]: Mod structure_gel-1.16.5-1.7.8.jar loaded!
[09Apr2026 18:19:58.118] [main/INFO] [opotato/]: Mod subwild-1.3.1.jar loaded!
[09Apr2026 18:19:58.118] [main/INFO] [opotato/]: Mod supertools-1.16.5-4.5.jar loaded!
[09Apr2026 18:19:58.119] [main/INFO] [opotato/]: Mod textrue_embeddium_options-0.1.2+mc1.16.5.jar loaded!
[09Apr2026 18:19:58.122] [main/INFO] [opotato/]: Mod tombstone-1.16.5-6.9.7.jar loaded!
[09Apr2026 18:19:58.122] [main/INFO] [opotato/]: Mod towers_of_the_wild-1.16.4-2.0.1.jar loaded!
[09Apr2026 18:19:58.122] [main/INFO] [opotato/]: Mod twilightforest-1.16.5-4.0.870-universal.jar loaded!
[09Apr2026 18:19:58.123] [main/INFO] [opotato/]: Mod unnamedanimalmod-1.0.0.jar loaded!
[09Apr2026 18:19:58.123] [main/INFO] [opotato/]: Mod useless-sword-1.16.5-V1.3.7.jar loaded!
[09Apr2026 18:19:58.123] [main/INFO] [opotato/]: Mod valhelsia_core-16.0.15.jar loaded!
[09Apr2026 18:19:58.123] [main/INFO] [opotato/]: Mod valhelsia_structures-1.16.5-0.1.6.jar loaded!
[09Apr2026 18:19:58.123] [main/INFO] [opotato/]: Mod villagernames_1.16.5-4.3.jar loaded!
[09Apr2026 18:19:58.123] [main/INFO] [opotato/]: Mod xaerolib-forge-1.16.5-1.1.0.jar loaded!
[09Apr2026 18:19:58.123] [main/INFO] [opotato/]: Mod xaeroworldmap-forge-1.16.5-1.40.11.jar loaded!
[09Apr2026 18:19:58.133] [main/INFO] [opotato/]: Loaded configuration file for Opotato: 37 options available, 0 override(s) found
[09Apr2026 18:19:58.561] [main/INFO] [ModernFix/]: Loaded configuration file for ModernFix 5.18.0+mc1.16.5: 89 options available, 0 override(s) found
[09Apr2026 18:19:59.826] [main/INFO] [ModernFix/]: Applied Forge config corruption patch
[09Apr2026 18:19:59.849] [main/INFO] [com.teampotato.redirector.Redirector/]: Redirecting org/embeddedt/modernfix/forge/shadow/mixinextras/service/MixinExtrasVersion
[09Apr2026 18:20:00.175] [main/INFO] [com.teampotato.redirector.Redirector/]: Redirecting me/kall/embeddiumextras/mixinextras/service/MixinExtrasVersion
[09Apr2026 18:20:00.193] [main/INFO] [com.teampotato.redirector.Redirector/]: Redirecting me/kall/embeddiumextras/mixinextras/lib/semver/VersionParser$CharType
[09Apr2026 18:20:00.858] [main/INFO] [net.minecraftforge.coremod.CoreMod.placebo/COREMODLOG]: Patching LivingEntity#attackEntityFrom
[09Apr2026 18:20:01.140] [main/WARN] [mixin/]: Error loading class: xaero/common/patreon/Patreon (java.lang.ClassNotFoundException: null)
[09Apr2026 18:20:01.141] [main/WARN] [mixin/]: @Mixin target xaero.common.patreon.Patreon was not found opotato.mixins.json:opotato.xaerominimap.MixinPatreon
[09Apr2026 18:20:01.144] [main/WARN] [mixin/]: Error loading class: xaero/map/patreon/Patreon (java.lang.ClassNotFoundException: null)
[09Apr2026 18:20:01.147] [main/WARN] [mixin/]: @Mixin target xaero.map.patreon.Patreon was not found opotato.mixins.json:opotato.xaeroworldmap.MixinPatreon
[09Apr2026 18:20:02.019] [main/INFO] [net.minecraftforge.coremod.CoreMod.placebo/COREMODLOG]: Patching ItemStack#onItemUse
[09Apr2026 18:20:02.898] [main/INFO] [net.minecraftforge.coremod.CoreMod.placebo/COREMODLOG]: Patching LivingEntity#attackEntityFrom
[09Apr2026 18:20:03.135] [main/INFO] [net.minecraftforge.coremod.CoreMod.placebo/COREMODLOG]: Patching LootTableManager#apply
[09Apr2026 18:20:05.773] [main/INFO] [memoryleakfix/]: [MemoryLeakFix] Will be applying 3 memory leak fixes!
[09Apr2026 18:20:05.774] [main/INFO] [memoryleakfix/]: [MemoryLeakFix] Currently enabled memory leak fixes: [entityMemoriesLeak, biomeTemperatureLeak, drownedNavigationLeak]
[09Apr2026 18:20:07.135] [main/INFO] [com.teampotato.redirector.Redirector/]: Redirecting net/minecraft/util/Unit
[09Apr2026 18:20:07.156] [main/INFO] [MixinExtras|Service/]: Initializing MixinExtras via me.kall.embeddiumextras.mixinextras.service.MixinExtrasServiceImpl(version=0.5.0).
[09Apr2026 18:20:07.157] [main/WARN] [MixinExtras|Service/]: Found problematic active MixinExtras instance at ca.fxco.memoryleakfix.mixinextras (version 0.2.0-beta.6)
[09Apr2026 18:20:07.158] [main/WARN] [MixinExtras|Service/]: Versions from 0.2.0-beta.1 to 0.2.0-beta.9 have limited support and it is strongly recommended to update.
[09Apr2026 18:20:07.823] [main/INFO] [com.teampotato.redirector.Redirector/]: Redirecting com/mojang/datafixers/util/Unit
[09Apr2026 18:20:08.352] [main/INFO] [net.minecraft.util.registry.Bootstrap/]: ModernFix reached bootstrap stage (21.77 s after launch)
[09Apr2026 18:20:08.440] [main/INFO] [com.teampotato.redirector.Redirector/]: Redirecting net/minecraft/util/Util$IdentityStrategy
[09Apr2026 18:20:09.227] [main/INFO] [net.minecraftforge.coremod.CoreMod.placebo/COREMODLOG]: Patching LivingEntity#attackEntityFrom
[09Apr2026 18:20:09.426] [main/INFO] [com.teampotato.redirector.Redirector/]: Redirecting net/minecraft/util/Direction
[09Apr2026 18:20:09.428] [main/INFO] [com.teampotato.redirector.Redirector/]: Redirecting net/minecraft/util/Direction$AxisDirection
[09Apr2026 18:20:09.429] [main/INFO] [com.teampotato.redirector.Redirector/]: Redirecting net/minecraft/util/Direction$Axis
[09Apr2026 18:20:09.654] [main/INFO] [com.teampotato.redirector.Redirector/]: Redirecting net/minecraft/block/material/PushReaction
[09Apr2026 18:20:09.865] [main/INFO] [FerriteCore - class definer/]: Using Java 9+ class definer
[09Apr2026 18:20:09.884] [main/INFO] [com.teampotato.redirector.Redirector/]: Redirecting net/minecraft/util/Direction$Plane
[09Apr2026 18:20:09.887] [main/INFO] [com.teampotato.redirector.Redirector/]: Redirecting net/minecraft/world/gen/feature/jigsaw/JigsawOrientation
[09Apr2026 18:20:09.906] [main/INFO] [com.teampotato.redirector.Redirector/]: Redirecting net/minecraft/state/properties/AttachFace
[09Apr2026 18:20:09.907] [main/INFO] [com.teampotato.redirector.Redirector/]: Redirecting net/minecraft/state/properties/BellAttachment
[09Apr2026 18:20:09.908] [main/INFO] [com.teampotato.redirector.Redirector/]: Redirecting net/minecraft/block/WallHeight
[09Apr2026 18:20:09.909] [main/INFO] [com.teampotato.redirector.Redirector/]: Redirecting net/minecraft/state/properties/RedstoneSide
[09Apr2026 18:20:09.909] [main/INFO] [com.teampotato.redirector.Redirector/]: Redirecting net/minecraft/state/properties/DoubleBlockHalf
[09Apr2026 18:20:09.910] [main/INFO] [com.teampotato.redirector.Redirector/]: Redirecting net/minecraft/state/properties/Half
[09Apr2026 18:20:09.911] [main/INFO] [com.teampotato.redirector.Redirector/]: Redirecting net/minecraft/state/properties/RailShape
[09Apr2026 18:20:09.914] [main/INFO] [com.teampotato.redirector.Redirector/]: Redirecting net/minecraft/state/properties/BedPart
[09Apr2026 18:20:09.916] [main/INFO] [com.teampotato.redirector.Redirector/]: Redirecting net/minecraft/state/properties/ChestType
[09Apr2026 18:20:09.917] [main/INFO] [com.teampotato.redirector.Redirector/]: Redirecting net/minecraft/state/properties/ComparatorMode
[09Apr2026 18:20:09.919] [main/INFO] [com.teampotato.redirector.Redirector/]: Redirecting net/minecraft/state/properties/DoorHingeSide
[09Apr2026 18:20:09.921] [main/INFO] [com.teampotato.redirector.Redirector/]: Redirecting net/minecraft/state/properties/NoteBlockInstrument
[09Apr2026 18:20:09.923] [main/INFO] [com.teampotato.redirector.Redirector/]: Redirecting net/minecraft/state/properties/PistonType
[09Apr2026 18:20:09.924] [main/INFO] [com.teampotato.redirector.Redirector/]: Redirecting net/minecraft/state/properties/SlabType
[09Apr2026 18:20:09.926] [main/INFO] [com.teampotato.redirector.Redirector/]: Redirecting net/minecraft/state/properties/StairsShape
[09Apr2026 18:20:09.928] [main/INFO] [com.teampotato.redirector.Redirector/]: Redirecting net/minecraft/state/properties/StructureMode
[09Apr2026 18:20:09.929] [main/INFO] [com.teampotato.redirector.Redirector/]: Redirecting net/minecraft/state/properties/BambooLeaves
[09Apr2026 18:20:10.156] [main/INFO] [com.teampotato.redirector.Redirector/]: Redirecting net/minecraft/item/DyeColor
[09Apr2026 18:20:10.291] [main/INFO] [com.teampotato.redirector.Redirector/]: Redirecting net/minecraft/potion/EffectType
[09Apr2026 18:20:10.305] [main/INFO] [com.teampotato.redirector.Redirector/]: Redirecting net/minecraft/util/text/TextFormatting
[09Apr2026 18:20:10.313] [main/INFO] [com.teampotato.redirector.Redirector/]: Redirecting net/minecraft/entity/ai/attributes/AttributeModifier$Operation
[09Apr2026 18:20:10.461] [main/INFO] [com.teampotato.redirector.Redirector/]: Redirecting net/minecraft/block/PressurePlateBlock$Sensitivity
[09Apr2026 18:20:10.691] [main/INFO] [com.teampotato.redirector.Redirector/]: Redirecting net/minecraft/block/SkullBlock$Types
[09Apr2026 18:20:11.181] [main/INFO] [com.teampotato.redirector.Redirector/]: Redirecting net/minecraft/world/gen/Heightmap$Type
[09Apr2026 18:20:11.182] [main/INFO] [com.teampotato.redirector.Redirector/]: Redirecting net/minecraft/world/gen/Heightmap$Usage
[09Apr2026 18:20:11.230] [main/INFO] [com.teampotato.redirector.Redirector/]: Redirecting net/minecraft/entity/EntityClassification
[09Apr2026 18:20:11.423] [main/INFO] [com.teampotato.redirector.Redirector/]: Redirecting net/minecraft/entity/ai/goal/Goal$Flag
[09Apr2026 18:20:11.485] [main/INFO] [net.minecraftforge.coremod.CoreMod.placebo/COREMODLOG]: Patching ItemStack#onItemUse
[09Apr2026 18:20:12.016] [main/INFO] [com.teampotato.redirector.Redirector/]: Redirecting net/minecraft/world/gen/GenerationStage$Carving
[09Apr2026 18:20:12.076] [main/INFO] [com.teampotato.redirector.Redirector/]: Redirecting net/minecraft/world/gen/GenerationStage$Decoration
[09Apr2026 18:20:12.078] [main/INFO] [com.teampotato.redirector.Redirector/]: Redirecting net/minecraft/world/gen/feature/structure/MineshaftStructure$Type
[09Apr2026 18:20:12.082] [main/INFO] [com.teampotato.redirector.Redirector/]: Redirecting net/minecraft/world/gen/feature/structure/RuinedPortalStructure$Location
[09Apr2026 18:20:12.087] [main/INFO] [com.teampotato.redirector.Redirector/]: Redirecting net/minecraft/world/gen/feature/structure/OceanRuinStructure$Type
[09Apr2026 18:20:12.123] [main/INFO] [com.teampotato.redirector.Redirector/]: Redirecting net/minecraft/world/gen/feature/jigsaw/JigsawPattern$PlacementBehaviour
[09Apr2026 18:20:12.220] [main/INFO] [com.teampotato.redirector.Redirector/]: Redirecting net/minecraft/tileentity/JigsawTileEntity$OrientationType
[09Apr2026 18:20:12.269] [main/INFO] [com.teampotato.redirector.Redirector/]: Redirecting net/minecraft/world/biome/Biome$TemperatureModifier
[09Apr2026 18:20:12.271] [main/INFO] [com.teampotato.redirector.Redirector/]: Redirecting net/minecraft/world/biome/Biome$RainType
[09Apr2026 18:20:12.273] [main/INFO] [com.teampotato.redirector.Redirector/]: Redirecting net/minecraft/world/biome/Biome$Category
[09Apr2026 18:20:12.275] [main/INFO] [com.teampotato.redirector.Redirector/]: Redirecting net/minecraft/world/biome/BiomeAmbience$GrassColorModifier
[09Apr2026 18:20:12.408] [main/INFO] [com.teampotato.redirector.Redirector/]: Redirecting net/minecraft/inventory/EquipmentSlotType
[09Apr2026 18:20:12.409] [main/INFO] [com.teampotato.redirector.Redirector/]: Redirecting net/minecraft/inventory/EquipmentSlotType$Group
[09Apr2026 18:20:12.409] [main/INFO] [com.teampotato.redirector.Redirector/]: Redirecting net/minecraft/enchantment/Enchantment$Rarity
[09Apr2026 18:20:12.410] [main/INFO] [com.teampotato.redirector.Redirector/]: Redirecting net/minecraft/enchantment/ProtectionEnchantment$Type
[09Apr2026 18:20:12.411] [main/INFO] [com.teampotato.redirector.Redirector/]: Redirecting net/minecraft/enchantment/EnchantmentType
[09Apr2026 18:20:12.540] [main/INFO] [com.teampotato.redirector.Redirector/]: Redirecting net/minecraft/item/Rarity
[09Apr2026 18:20:12.577] [main/INFO] [com.teampotato.redirector.Redirector/]: Redirecting net/minecraft/item/ArmorMaterial
[09Apr2026 18:20:12.593] [main/INFO] [com.teampotato.redirector.Redirector/]: Redirecting net/minecraft/item/ItemTier
[09Apr2026 18:20:12.603] [main/INFO] [com.teampotato.redirector.Redirector/]: Redirecting net/minecraft/entity/item/minecart/AbstractMinecartEntity$Type
[09Apr2026 18:20:12.608] [main/INFO] [com.teampotato.redirector.Redirector/]: Redirecting net/minecraft/entity/item/BoatEntity$Type
[09Apr2026 18:20:12.635] [main/INFO] [com.teampotato.redirector.Redirector/]: Redirecting net/minecraft/tileentity/BannerPattern
[09Apr2026 18:20:12.672] [main/INFO] [com.teampotato.redirector.Redirector/]: Redirecting net/minecraft/scoreboard/ScoreCriteria$RenderType
[09Apr2026 18:20:12.690] [main/INFO] [com.teampotato.redirector.Redirector/]: Redirecting net/minecraft/world/chunk/ChunkStatus$Type
[09Apr2026 18:20:13.011] [main/INFO] [com.teampotato.redirector.Redirector/]: Redirecting com/mojang/brigadier/arguments/StringArgumentType$StringType
[09Apr2026 18:20:13.078] [main/INFO] [net.minecraft.util.registry.Bootstrap/]: Vanilla bootstrap took 4718 milliseconds
[09Apr2026 18:20:13.142] [main/INFO] [com.teampotato.redirector.Redirector/]: Redirecting net/minecraftforge/fml/LogicalSidedProvider
[09Apr2026 18:20:13.332] [main/INFO] [com.teampotato.redirector.Redirector/]: Redirecting net/minecraftforge/fml/network/NetworkDirection
[09Apr2026 18:20:13.335] [main/INFO] [com.teampotato.redirector.Redirector/]: Redirecting net/minecraftforge/fml/LogicalSide
[09Apr2026 18:20:13.393] [main/INFO] [com.teampotato.redirector.Redirector/]: Redirecting net/minecraftforge/fml/config/ModConfig$Type
[09Apr2026 18:20:14.675] [main/INFO] [com.teampotato.redirector.Redirector/]: Redirecting net/minecraftforge/fml/ModLoadingStage
[09Apr2026 18:20:14.678] [main/INFO] [com.teampotato.redirector.Redirector/]: Redirecting net/minecraftforge/fml/ModLoadingStage$ThreadSelector
[09Apr2026 18:20:14.749] [main/INFO] [net.minecraftforge.registries.GameData/]: Potentially Dangerous alternative prefix `citadel` for name `debug`, expected `minecraft`. This could be a intended override, but in most cases indicates a broken mod.
[09Apr2026 18:20:14.751] [main/INFO] [net.minecraftforge.registries.GameData/]: Potentially Dangerous alternative prefix `citadel` for name `citadel_book`, expected `minecraft`. This could be a intended override, but in most cases indicates a broken mod.
[09Apr2026 18:20:14.752] [main/INFO] [net.minecraftforge.registries.GameData/]: Potentially Dangerous alternative prefix `citadel` for name `effect_item`, expected `minecraft`. This could be a intended override, but in most cases indicates a broken mod.
[09Apr2026 18:20:14.752] [main/INFO] [net.minecraftforge.registries.GameData/]: Potentially Dangerous alternative prefix `citadel` for name `fancy_item`, expected `minecraft`. This could be a intended override, but in most cases indicates a broken mod.
[09Apr2026 18:20:14.793] [main/INFO] [com.teampotato.redirector.Redirector/]: Redirecting net/minecraft/world/GameRules$Category
[09Apr2026 18:20:14.816] [main/INFO] [com.teampotato.redirector.Redirector/]: Redirecting slimeknights/tconstruct/smeltery/block/component/SearedTankBlock$TankType
[09Apr2026 18:20:14.817] [main/INFO] [com.teampotato.redirector.Redirector/]: Redirecting slimeknights/tconstruct/shared/block/SlimeType
[09Apr2026 18:20:14.818] [main/INFO] [com.teampotato.redirector.Redirector/]: Redirecting slimeknights/tconstruct/gadgets/entity/FrameType
[09Apr2026 18:20:14.975] [main/INFO] [net.minecraftforge.registries.GameData/]: Potentially Dangerous alternative prefix `playerrevive` for name `death`, expected `minecraft`. This could be a intended override, but in most cases indicates a broken mod.
[09Apr2026 18:20:14.976] [main/INFO] [net.minecraftforge.registries.GameData/]: Potentially Dangerous alternative prefix `playerrevive` for name `revived`, expected `minecraft`. This could be a intended override, but in most cases indicates a broken mod.
[09Apr2026 18:20:15.069] [modloading-worker-0/INFO] [red.felnull.otyacraftengine.OtyacraftEngine/]: Loading Client Config
[09Apr2026 18:20:15.076] [modloading-worker-0/INFO] [com.teampotato.redirector.Redirector/]: Redirecting net/minecraftforge/fml/common/Mod$EventBusSubscriber$Bus
[09Apr2026 18:20:15.133] [modloading-worker-3/INFO] [com.teampotato.redirector.Redirector/]: Redirecting com/bobmowzie/mowziesmobs/server/creativetab/CreativeTabHandler
[09Apr2026 18:20:15.150] [modloading-worker-0/INFO] [com.teampotato.redirector.Redirector/]: Redirecting net/minecraft/entity/SpawnReason
[09Apr2026 18:20:15.199] [modloading-worker-2/INFO] [xaero.lib.XaeroLib/]: Registering common data for channel xaerolib:main!
[09Apr2026 18:20:15.234] [modloading-worker-2/INFO] [xaero.lib.XaeroLib/]: Loading primary common config for channel xaerolib:main!
[09Apr2026 18:20:15.245] [modloading-worker-2/INFO] [xaero.lib.XaeroLib/]: Loading server config profiles for channel xaerolib:main!
[09Apr2026 18:20:15.357] [modloading-worker-2/INFO] [com.teampotato.redirector.Redirector/]: Redirecting net/minecraftforge/event/TickEvent$Phase
[09Apr2026 18:20:15.359] [modloading-worker-2/INFO] [com.teampotato.redirector.Redirector/]: Redirecting net/minecraftforge/event/TickEvent$Type
[09Apr2026 18:20:15.433] [modloading-worker-2/INFO] [com.jtorleonstudios.libraryferret.LibraryFerret/]: Initialize mod Library Ferret
[09Apr2026 18:20:15.445] [modloading-worker-3/INFO] [com.teampotato.redirector.Redirector/]: Redirecting net/minecraft/entity/Pose
[09Apr2026 18:20:15.456] [modloading-worker-2/INFO] [com.jtorleonstudios.libraryferret.LibraryFerret/]: Initialized mod Library Ferret
[09Apr2026 18:20:15.509] [modloading-worker-2/INFO] [com.teampotato.redirector.Redirector/]: Redirecting net/minecraft/command/Commands$EnvironmentType
[09Apr2026 18:20:15.513] [modloading-worker-2/INFO] [com.teampotato.redirector.Redirector/]: Redirecting net/blay09/mods/waystones/config/WorldGenStyle
[09Apr2026 18:20:15.517] [modloading-worker-2/INFO] [com.teampotato.redirector.Redirector/]: Redirecting net/blay09/mods/waystones/worldgen/namegen/NameGenerationMode
[09Apr2026 18:20:15.520] [modloading-worker-3/INFO] [com.teampotato.redirector.Redirector/]: Redirecting net/minecraft/util/Hand
[09Apr2026 18:20:15.545] [modloading-worker-2/INFO] [com.teampotato.redirector.Redirector/]: Redirecting net/blay09/mods/waystones/config/DimensionalWarp
[09Apr2026 18:20:15.594] [modloading-worker-2/INFO] [xaero.map.WorldMap/]: Registering common data for channel xaeroworldmap:main!
[09Apr2026 18:20:15.605] [modloading-worker-3/INFO] [com.teampotato.redirector.Redirector/]: Redirecting com/terraforged/engine/module/Ridge$Mode
[09Apr2026 18:20:15.616] [modloading-worker-3/INFO] [TerraForged/]: Environment: dev=false, stable=true, vanilla=false
[09Apr2026 18:20:15.617] [modloading-worker-3/INFO] [TerraForged/]: Running on minimum supported core-count. Performance may not be optimal!
[09Apr2026 18:20:15.628] [modloading-worker-2/INFO] [xaero.map.WorldMap/]: Loading primary common config for channel xaeroworldmap:main!
[09Apr2026 18:20:15.629] [modloading-worker-3/INFO] [TerraForged/]: Signature:  7b:73:d0:a2:c3:40:13:84:35:4f:c9:0e:2b:85:8c:08:ea:3c:3c:eb:f1:98:8b:5b:6e:ca:8a:a0:9a:cf:12:b3
[09Apr2026 18:20:15.633] [modloading-worker-2/INFO] [xaero.map.WorldMap/]: Loading server config profiles for channel xaeroworldmap:main!
[09Apr2026 18:20:15.679] [modloading-worker-3/INFO] [TerraForged/]: Trust Data: CN=TerraForged self-signed
[09Apr2026 18:20:15.684] [modloading-worker-3/INFO] [TerraForged/]: Initializing tags
[09Apr2026 18:20:15.724] [modloading-worker-2/INFO] [net.minecraftforge.coremod.CoreMod.placebo/COREMODLOG]: Patching LootTableManager#apply
[09Apr2026 18:20:15.819] [modloading-worker-3/INFO] [com.teampotato.redirector.Redirector/]: Redirecting mezz/jei/network/PacketIdServer
[09Apr2026 18:20:15.941] [modloading-worker-3/INFO] [com.teampotato.redirector.Redirector/]: Redirecting net/minecraft/util/math/RayTraceContext$FluidMode
[09Apr2026 18:20:16.146] [modloading-worker-2/INFO] [com.teampotato.redirector.Redirector/]: Redirecting com/chaosthedude/naturescompass/client/OverlaySide
[09Apr2026 18:20:16.174] [modloading-worker-2/INFO] [Dungeon Crawl/]: Here we go! Launching Dungeon Crawl 2.3.12...
[09Apr2026 18:20:16.339] [modloading-worker-2/INFO] [net.minecraftforge.coremod.CoreMod.placebo/COREMODLOG]: Patching DataPackRegistries#<init>
[09Apr2026 18:20:16.438] [modloading-worker-2/INFO] [net.minecraftforge.common.ForgeMod/FORGEMOD]: Forge mod loading, version 36.2.42, for MC 1.16.5 with MCP 20210115.111550
[09Apr2026 18:20:16.438] [modloading-worker-2/INFO] [net.minecraftforge.common.MinecraftForge/FORGE]: MinecraftForge v36.2.42 Initialized
[09Apr2026 18:20:16.474] [modloading-worker-0/INFO] [com.teampotato.redirector.Redirector/]: Redirecting tictim/paraglider/loot/ParagliderModifier$ConfigOption
[09Apr2026 18:20:16.478] [modloading-worker-0/INFO] [com.teampotato.redirector.Redirector/]: Redirecting tictim/paraglider/capabilities/PlayerState
[09Apr2026 18:20:16.501] [modloading-worker-0/INFO] [com.teampotato.redirector.Redirector/]: Redirecting tictim/paraglider/recipe/ConfigConditionSerializer
[09Apr2026 18:20:16.539] [modloading-worker-3/INFO] [com.teampotato.redirector.Redirector/]: Redirecting net/minecraft/entity/EntitySpawnPlacementRegistry$PlacementType
[09Apr2026 18:20:16.642] [modloading-worker-3/INFO] [com.teampotato.redirector.Redirector/]: Redirecting com/progwml6/ironchest/common/item/IronChestsUpgradeType
[09Apr2026 18:20:16.643] [modloading-worker-3/INFO] [com.teampotato.redirector.Redirector/]: Redirecting com/progwml6/ironchest/common/block/IronChestsTypes
[09Apr2026 18:20:16.678] [modloading-worker-1/INFO] [com.teampotato.redirector.Redirector/]: Redirecting com/github/alexthe666/iceandfire/enums/EnumDragonEgg
[09Apr2026 18:20:16.891] [modloading-worker-1/INFO] [com.teampotato.redirector.Redirector/]: Redirecting com/github/alexthe666/iceandfire/enums/EnumDragonArmor
[09Apr2026 18:20:16.896] [modloading-worker-1/INFO] [com.teampotato.redirector.Redirector/]: Redirecting com/github/alexthe666/iceandfire/enums/EnumSeaSerpent
[09Apr2026 18:20:16.910] [modloading-worker-1/INFO] [com.teampotato.redirector.Redirector/]: Redirecting com/github/alexthe666/iceandfire/enums/EnumSkullType
[09Apr2026 18:20:16.941] [modloading-worker-3/INFO] [com.teampotato.redirector.Redirector/]: Redirecting slimeknights/tconstruct/library/utils/Orientation2D
[09Apr2026 18:20:16.942] [modloading-worker-3/INFO] [com.teampotato.redirector.Redirector/]: Redirecting slimeknights/tconstruct/library/utils/Orientation2D$Orientation1D
[09Apr2026 18:20:16.943] [modloading-worker-1/INFO] [com.teampotato.redirector.Redirector/]: Redirecting com/github/alexthe666/iceandfire/enums/EnumParticles
[09Apr2026 18:20:16.954] [modloading-worker-3/INFO] [com.teampotato.redirector.Redirector/]: Redirecting slimeknights/tconstruct/world/TinkerHeadType
[09Apr2026 18:20:16.969] [modloading-worker-3/INFO] [com.teampotato.redirector.Redirector/]: Redirecting slimeknights/tconstruct/shared/block/ClearStainedGlassBlock$GlassColor
[09Apr2026 18:20:16.974] [modloading-worker-2/INFO] [twilightforest/]: Skipped compatibility for mod immersiveengineering.
[09Apr2026 18:20:16.997] [modloading-worker-1/INFO] [com.teampotato.redirector.Redirector/]: Redirecting com/BrassAmber/ba_bt/util/GolemType
[09Apr2026 18:20:17.001] [modloading-worker-1/INFO] [com.teampotato.redirector.Redirector/]: Redirecting com/BrassAmber/ba_bt/item/BTItemTier
[09Apr2026 18:20:17.005] [modloading-worker-1/INFO] [com.teampotato.redirector.Redirector/]: Redirecting com/BrassAmber/ba_bt/item/BTArmorMaterial
[09Apr2026 18:20:17.010] [modloading-worker-1/INFO] [com.teampotato.redirector.Redirector/]: Redirecting com/BrassAmber/ba_bt/block/block/GolemChestBlock$BTChestType
[09Apr2026 18:20:17.144] [modloading-worker-1/INFO] [red.felnull.imp.client.config.ClientConfig/]: Loading Client Config
[09Apr2026 18:20:17.283] [modloading-worker-1/INFO] [com.teampotato.redirector.Redirector/]: Redirecting biomesoplenty/common/world/BOPOverworldGenSettings$BiomeSize
[09Apr2026 18:20:17.289] [modloading-worker-1/INFO] [com.teampotato.redirector.Redirector/]: Redirecting biomesoplenty/common/world/BOPOverworldGenSettings$RiverSize
[09Apr2026 18:20:17.289] [modloading-worker-1/INFO] [com.teampotato.redirector.Redirector/]: Redirecting biomesoplenty/common/world/BOPOverworldGenSettings$TemperatureVariationScheme
[09Apr2026 18:20:17.293] [modloading-worker-1/INFO] [com.teampotato.redirector.Redirector/]: Redirecting biomesoplenty/common/world/BOPOverworldGenSettings$RainfallVariationScheme
[09Apr2026 18:20:17.307] [modloading-worker-2/INFO] [com.teampotato.redirector.Redirector/]: Redirecting net/minecraft/item/UseAction
[09Apr2026 18:20:17.311] [modloading-worker-2/INFO] [com.teampotato.redirector.Redirector/]: Redirecting net/minecraft/util/ActionResultType
[09Apr2026 18:20:17.324] [modloading-worker-2/INFO] [mod.alexndr.simplecorelib.SimpleCoreLib/]: Hello from SimpleCoreLib!
[09Apr2026 18:20:17.357] [modloading-worker-1/INFO] [com.teampotato.redirector.Redirector/]: Redirecting biomesoplenty/api/enums/BOPClimates
[09Apr2026 18:20:17.369] [modloading-worker-1/INFO] [Ksyxis/MOD_KSYXIS]: Ksyxis: Booting... (platform: Forge/KForge, manual: false)
[09Apr2026 18:20:17.371] [modloading-worker-2/INFO] [com._idrae.towers_of_the_wild.TowersOfTheWild/]: tower structure registered
[09Apr2026 18:20:17.374] [modloading-worker-1/INFO] [Ksyxis/MOD_KSYXIS]: Ksyxis: Ready. As always, this mod will speed up your world loading and might or might not break it. (mixinVersion: 0.8.4, time: 4 ms)
[09Apr2026 18:20:17.377] [modloading-worker-2/INFO] [com._idrae.towers_of_the_wild.TowersOfTheWild/]: ice_tower structure registered
[09Apr2026 18:20:17.377] [modloading-worker-2/INFO] [com._idrae.towers_of_the_wild.TowersOfTheWild/]: jungle_tower structure registered
[09Apr2026 18:20:17.377] [modloading-worker-2/INFO] [com._idrae.towers_of_the_wild.TowersOfTheWild/]: derelict_tower structure registered
[09Apr2026 18:20:17.378] [modloading-worker-2/INFO] [com._idrae.towers_of_the_wild.TowersOfTheWild/]: derelict_grass_tower structure registered
[09Apr2026 18:20:17.378] [modloading-worker-2/INFO] [com._idrae.towers_of_the_wild.TowersOfTheWild/]: ocean_tower structure registered
[09Apr2026 18:20:17.378] [modloading-worker-2/INFO] [com._idrae.towers_of_the_wild.TowersOfTheWild/]: ocean_warm_tower structure registered
[09Apr2026 18:20:17.394] [modloading-worker-1/INFO] [com.teampotato.redirector.Redirector/]: Redirecting net/minecraft/world/biome/ColumnFuzzedBiomeMagnifier
[09Apr2026 18:20:17.404] [modloading-worker-1/INFO] [com.teampotato.redirector.Redirector/]: Redirecting net/minecraft/world/biome/FuzzedBiomeMagnifier
[09Apr2026 18:20:17.429] [modloading-worker-2/INFO] [xaero.common.HudMod/]: Registering common data for channel xaerominimap:main!
[09Apr2026 18:20:17.486] [modloading-worker-2/INFO] [xaero.common.HudMod/]: Loading primary common config for channel xaerominimap:main!
[09Apr2026 18:20:17.490] [modloading-worker-2/INFO] [xaero.common.HudMod/]: Loading server config profiles for channel xaerominimap:main!
[09Apr2026 18:20:17.534] [modloading-worker-3/INFO] [com.teampotato.redirector.Redirector/]: Redirecting slimeknights/tconstruct/tools/item/ArmorSlotType
[09Apr2026 18:20:17.536] [modloading-worker-2/INFO] [com.teampotato.redirector.Redirector/]: Redirecting ovh/corail/tombstone/api/cooldown/CooldownType
[09Apr2026 18:20:17.749] [modloading-worker-2/INFO] [com.teampotato.redirector.Redirector/]: Redirecting ovh/corail/tombstone/item/ItemScrollBuff$SpellBuff
[09Apr2026 18:20:17.801] [modloading-worker-3/INFO] [com.teampotato.redirector.Redirector/]: Redirecting slimeknights/tconstruct/shared/network/GeneratePartTexturesPacket$Operation
[09Apr2026 18:20:17.820] [modloading-worker-3/INFO] [com.teampotato.redirector.Redirector/]: Redirecting slimeknights/tconstruct/tools/network/TinkerControlPacket
[09Apr2026 18:20:17.821] [modloading-worker-3/INFO] [com.teampotato.redirector.Redirector/]: Redirecting slimeknights/tconstruct/tools/network/OnChestplateUsePacket
[09Apr2026 18:20:17.850] [modloading-worker-2/INFO] [com.teampotato.redirector.Redirector/]: Redirecting ovh/corail/tombstone/helper/DamageCategory
[09Apr2026 18:20:17.857] [modloading-worker-3/INFO] [com.teampotato.redirector.Redirector/]: Redirecting slimeknights/tconstruct/common/Sounds
[09Apr2026 18:20:17.950] [modloading-worker-2/INFO] [com.teampotato.redirector.Redirector/]: Redirecting ovh/corail/tombstone/item/ItemAdvancement$IconType
[09Apr2026 18:20:17.969] [modloading-worker-2/INFO] [com.teampotato.redirector.Redirector/]: Redirecting ovh/corail/tombstone/helper/TimeHelper$SpecialEvent
[09Apr2026 18:20:17.998] [modloading-worker-2/INFO] [com.teampotato.redirector.Redirector/]: Redirecting ovh/corail/tombstone/registry/ModTriggers$WololoColor
[09Apr2026 18:20:18.008] [modloading-worker-2/INFO] [com.teampotato.redirector.Redirector/]: Redirecting ovh/corail/tombstone/config/ConfigTombstone$Client$FogDensity
[09Apr2026 18:20:18.009] [modloading-worker-2/INFO] [com.teampotato.redirector.Redirector/]: Redirecting ovh/corail/tombstone/block/GraveModel
[09Apr2026 18:20:18.021] [modloading-worker-2/INFO] [com.teampotato.redirector.Redirector/]: Redirecting ovh/corail/tombstone/block/BlockGraveMarble$MarbleType
[09Apr2026 18:20:18.021] [modloading-worker-2/INFO] [com.teampotato.redirector.Redirector/]: Redirecting ovh/corail/tombstone/config/ConfigTombstone$Client$GraveSkinRule
[09Apr2026 18:20:18.022] [modloading-worker-2/INFO] [com.teampotato.redirector.Redirector/]: Redirecting ovh/corail/tombstone/config/ConfigTombstone$Client$AutoEquipRule
[09Apr2026 18:20:18.022] [modloading-worker-2/INFO] [com.teampotato.redirector.Redirector/]: Redirecting ovh/corail/tombstone/config/ConfigTombstone$Client$MarkerType
[09Apr2026 18:20:18.073] [modloading-worker-3/FATAL] [net.minecraftforge.fml.loading.RuntimeDistCleaner/DISTXFORM]: Attempted to load class net/mcreator/nuggetsdungeonsii/entity/renderer/ZombieSquidmanRenderer for invalid dist DEDICATED_SERVER
[09Apr2026 18:20:18.074] [modloading-worker-3/INFO] [STDERR/]: [net.mcreator.nuggetsdungeonsii.NuggetsDungeonsIiModElements:<init>:60]: java.lang.reflect.InvocationTargetException
[09Apr2026 18:20:18.074] [modloading-worker-3/INFO] [STDERR/]: [net.mcreator.nuggetsdungeonsii.NuggetsDungeonsIiModElements:<init>:60]: 	at java.base/jdk.internal.reflect.NativeConstructorAccessorImpl.newInstance0(Native Method)
[09Apr2026 18:20:18.075] [modloading-worker-3/INFO] [STDERR/]: [net.mcreator.nuggetsdungeonsii.NuggetsDungeonsIiModElements:<init>:60]: 	at java.base/jdk.internal.reflect.NativeConstructorAccessorImpl.newInstance(NativeConstructorAccessorImpl.java:62)
[09Apr2026 18:20:18.075] [modloading-worker-3/INFO] [STDERR/]: [net.mcreator.nuggetsdungeonsii.NuggetsDungeonsIiModElements:<init>:60]: 	at java.base/jdk.internal.reflect.DelegatingConstructorAccessorImpl.newInstance(DelegatingConstructorAccessorImpl.java:45)
[09Apr2026 18:20:18.078] [modloading-worker-3/INFO] [STDERR/]: [net.mcreator.nuggetsdungeonsii.NuggetsDungeonsIiModElements:<init>:60]: 	at java.base/java.lang.reflect.Constructor.newInstance(Constructor.java:490)
[09Apr2026 18:20:18.078] [modloading-worker-3/INFO] [STDERR/]: [net.mcreator.nuggetsdungeonsii.NuggetsDungeonsIiModElements:<init>:60]: 	at net.mcreator.nuggetsdungeonsii.NuggetsDungeonsIiModElements.<init>(NuggetsDungeonsIiModElements.java:56)
[09Apr2026 18:20:18.078] [modloading-worker-3/INFO] [STDERR/]: [net.mcreator.nuggetsdungeonsii.NuggetsDungeonsIiModElements:<init>:60]: 	at net.mcreator.nuggetsdungeonsii.NuggetsDungeonsIiMod.<init>(NuggetsDungeonsIiMod.java:52)
[09Apr2026 18:20:18.078] [modloading-worker-3/INFO] [STDERR/]: [net.mcreator.nuggetsdungeonsii.NuggetsDungeonsIiModElements:<init>:60]: 	at java.base/jdk.internal.reflect.NativeConstructorAccessorImpl.newInstance0(Native Method)
[09Apr2026 18:20:18.078] [modloading-worker-3/INFO] [STDERR/]: [net.mcreator.nuggetsdungeonsii.NuggetsDungeonsIiModElements:<init>:60]: 	at java.base/jdk.internal.reflect.NativeConstructorAccessorImpl.newInstance(NativeConstructorAccessorImpl.java:62)
[09Apr2026 18:20:18.079] [modloading-worker-3/INFO] [STDERR/]: [net.mcreator.nuggetsdungeonsii.NuggetsDungeonsIiModElements:<init>:60]: 	at java.base/jdk.internal.reflect.DelegatingConstructorAccessorImpl.newInstance(DelegatingConstructorAccessorImpl.java:45)
[09Apr2026 18:20:18.079] [modloading-worker-3/INFO] [STDERR/]: [net.mcreator.nuggetsdungeonsii.NuggetsDungeonsIiModElements:<init>:60]: 	at java.base/java.lang.reflect.Constructor.newInstance(Constructor.java:490)
[09Apr2026 18:20:18.079] [modloading-worker-3/INFO] [STDERR/]: [net.mcreator.nuggetsdungeonsii.NuggetsDungeonsIiModElements:<init>:60]: 	at java.base/java.lang.Class.newInstance(Class.java:584)
[09Apr2026 18:20:18.079] [modloading-worker-3/INFO] [STDERR/]: [net.mcreator.nuggetsdungeonsii.NuggetsDungeonsIiModElements:<init>:60]: 	at net.minecraftforge.fml.javafmlmod.FMLModContainer.constructMod(FMLModContainer.java:67)
[09Apr2026 18:20:18.079] [modloading-worker-3/INFO] [STDERR/]: [net.mcreator.nuggetsdungeonsii.NuggetsDungeonsIiModElements:<init>:60]: 	at net.minecraftforge.fml.ModContainer.lambda$buildTransitionHandler$4(ModContainer.java:106)
[09Apr2026 18:20:18.079] [modloading-worker-3/INFO] [STDERR/]: [net.mcreator.nuggetsdungeonsii.NuggetsDungeonsIiModElements:<init>:60]: 	at java.base/java.util.concurrent.CompletableFuture$AsyncRun.run(CompletableFuture.java:1736)
[09Apr2026 18:20:18.080] [modloading-worker-3/INFO] [STDERR/]: [net.mcreator.nuggetsdungeonsii.NuggetsDungeonsIiModElements:<init>:60]: 	at java.base/java.util.concurrent.CompletableFuture$AsyncRun.exec(CompletableFuture.java:1728)
[09Apr2026 18:20:18.080] [modloading-worker-3/INFO] [STDERR/]: [net.mcreator.nuggetsdungeonsii.NuggetsDungeonsIiModElements:<init>:60]: 	at java.base/java.util.concurrent.ForkJoinTask.doExec(ForkJoinTask.java:290)
[09Apr2026 18:20:18.081] [modloading-worker-3/INFO] [STDERR/]: [net.mcreator.nuggetsdungeonsii.NuggetsDungeonsIiModElements:<init>:60]: 	at java.base/java.util.concurrent.ForkJoinPool$WorkQueue.topLevelExec(ForkJoinPool.java:1020)
[09Apr2026 18:20:18.081] [modloading-worker-3/INFO] [STDERR/]: [net.mcreator.nuggetsdungeonsii.NuggetsDungeonsIiModElements:<init>:60]: 	at java.base/java.util.concurrent.ForkJoinPool.scan(ForkJoinPool.java:1656)
[09Apr2026 18:20:18.081] [modloading-worker-3/INFO] [STDERR/]: [net.mcreator.nuggetsdungeonsii.NuggetsDungeonsIiModElements:<init>:60]: 	at java.base/java.util.concurrent.ForkJoinPool.runWorker(ForkJoinPool.java:1594)
[09Apr2026 18:20:18.082] [modloading-worker-3/INFO] [STDERR/]: [net.mcreator.nuggetsdungeonsii.NuggetsDungeonsIiModElements:<init>:60]: 	at java.base/java.util.concurrent.ForkJoinWorkerThread.run(ForkJoinWorkerThread.java:183)
[09Apr2026 18:20:18.082] [modloading-worker-3/INFO] [STDERR/]: [java.lang.Throwable:printStackTrace:639]: Caused by: java.lang.RuntimeException: Attempted to load class net/mcreator/nuggetsdungeonsii/entity/renderer/ZombieSquidmanRenderer for invalid dist DEDICATED_SERVER
[09Apr2026 18:20:18.085] [modloading-worker-3/INFO] [STDERR/]: [java.lang.Throwable:printStackTrace:639]: 	at net.minecraftforge.fml.loading.RuntimeDistCleaner.processClassWithFlags(RuntimeDistCleaner.java:57)
[09Apr2026 18:20:18.085] [modloading-worker-3/INFO] [STDERR/]: [java.lang.Throwable:printStackTrace:639]: 	at cpw.mods.modlauncher.LaunchPluginHandler.offerClassNodeToPlugins(LaunchPluginHandler.java:85)
[09Apr2026 18:20:18.085] [modloading-worker-3/INFO] [STDERR/]: [java.lang.Throwable:printStackTrace:639]: 	at cpw.mods.modlauncher.ClassTransformer.transform(ClassTransformer.java:120)
[09Apr2026 18:20:18.085] [modloading-worker-3/INFO] [STDERR/]: [java.lang.Throwable:printStackTrace:639]: 	at cpw.mods.modlauncher.TransformingClassLoader$DelegatedClassLoader.findClass(TransformingClassLoader.java:265)
[09Apr2026 18:20:18.085] [modloading-worker-3/INFO] [STDERR/]: [java.lang.Throwable:printStackTrace:639]: 	at cpw.mods.modlauncher.TransformingClassLoader.loadClass(TransformingClassLoader.java:136)
[09Apr2026 18:20:18.086] [modloading-worker-3/INFO] [STDERR/]: [java.lang.Throwable:printStackTrace:639]: 	at cpw.mods.modlauncher.TransformingClassLoader.loadClass(TransformingClassLoader.java:98)
[09Apr2026 18:20:18.086] [modloading-worker-3/INFO] [STDERR/]: [java.lang.Throwable:printStackTrace:639]: 	at java.base/java.lang.ClassLoader.loadClass(ClassLoader.java:527)
[09Apr2026 18:20:18.086] [modloading-worker-3/INFO] [STDERR/]: [java.lang.Throwable:printStackTrace:639]: 	at java.base/java.lang.Class.getDeclaringClass0(Native Method)
[09Apr2026 18:20:18.086] [modloading-worker-3/INFO] [STDERR/]: [java.lang.Throwable:printStackTrace:639]: 	at java.base/java.lang.Class.isTopLevelClass(Class.java:1693)
[09Apr2026 18:20:18.087] [modloading-worker-3/INFO] [STDERR/]: [java.lang.Throwable:printStackTrace:639]: 	at java.base/java.lang.Class.getSimpleBinaryName(Class.java:1678)
[09Apr2026 18:20:18.087] [modloading-worker-3/INFO] [STDERR/]: [java.lang.Throwable:printStackTrace:639]: 	at java.base/java.lang.Class.getSimpleName0(Class.java:1562)
[09Apr2026 18:20:18.087] [modloading-worker-3/INFO] [STDERR/]: [java.lang.Throwable:printStackTrace:639]: 	at java.base/java.lang.Class.getSimpleName(Class.java:1553)
[09Apr2026 18:20:18.088] [modloading-worker-3/INFO] [STDERR/]: [java.lang.Throwable:printStackTrace:639]: 	at net.minecraftforge.eventbus.ASMEventHandler.getUniqueName(ASMEventHandler.java:167)
[09Apr2026 18:20:18.089] [modloading-worker-3/INFO] [STDERR/]: [java.lang.Throwable:printStackTrace:639]: 	at net.minecraftforge.eventbus.ASMEventHandler.createWrapper(ASMEventHandler.java:107)
[09Apr2026 18:20:18.089] [modloading-worker-3/INFO] [STDERR/]: [java.lang.Throwable:printStackTrace:639]: 	at net.minecraftforge.eventbus.ASMEventHandler.<init>(ASMEventHandler.java:50)
[09Apr2026 18:20:18.092] [modloading-worker-3/INFO] [STDERR/]: [java.lang.Throwable:printStackTrace:639]: 	at net.minecraftforge.eventbus.EventBus.register(EventBus.java:254)
[09Apr2026 18:20:18.092] [modloading-worker-3/INFO] [STDERR/]: [java.lang.Throwable:printStackTrace:639]: 	at net.minecraftforge.eventbus.EventBus.registerListener(EventBus.java:150)
[09Apr2026 18:20:18.092] [modloading-worker-3/INFO] [STDERR/]: [java.lang.Throwable:printStackTrace:639]: 	at net.minecraftforge.eventbus.EventBus.lambda$null$6(EventBus.java:98)
[09Apr2026 18:20:18.092] [modloading-worker-3/INFO] [STDERR/]: [java.lang.Throwable:printStackTrace:639]: 	at java.base/java.util.Optional.ifPresent(Optional.java:183)
[09Apr2026 18:20:18.092] [modloading-worker-3/INFO] [STDERR/]: [java.lang.Throwable:printStackTrace:639]: 	at net.minecraftforge.eventbus.EventBus.lambda$registerObject$7(EventBus.java:98)
[09Apr2026 18:20:18.093] [modloading-worker-3/INFO] [STDERR/]: [java.lang.Throwable:printStackTrace:639]: 	at java.base/java.util.stream.ForEachOps$ForEachOp$OfRef.accept(ForEachOps.java:183)
[09Apr2026 18:20:18.093] [modloading-worker-3/INFO] [STDERR/]: [java.lang.Throwable:printStackTrace:639]: 	at java.base/java.util.stream.ReferencePipeline$2$1.accept(ReferencePipeline.java:177)
[09Apr2026 18:20:18.093] [modloading-worker-3/INFO] [STDERR/]: [java.lang.Throwable:printStackTrace:639]: 	at java.base/java.util.Spliterators$ArraySpliterator.forEachRemaining(Spliterators.java:948)
[09Apr2026 18:20:18.094] [modloading-worker-3/INFO] [STDERR/]: [java.lang.Throwable:printStackTrace:639]: 	at java.base/java.util.stream.AbstractPipeline.copyInto(AbstractPipeline.java:484)
[09Apr2026 18:20:18.094] [modloading-worker-3/INFO] [STDERR/]: [java.lang.Throwable:printStackTrace:639]: 	at java.base/java.util.stream.AbstractPipeline.wrapAndCopyInto(AbstractPipeline.java:474)
[09Apr2026 18:20:18.095] [modloading-worker-3/INFO] [STDERR/]: [java.lang.Throwable:printStackTrace:639]: 	at java.base/java.util.stream.ForEachOps$ForEachOp.evaluateSequential(ForEachOps.java:150)
[09Apr2026 18:20:18.095] [modloading-worker-3/INFO] [STDERR/]: [java.lang.Throwable:printStackTrace:639]: 	at java.base/java.util.stream.ForEachOps$ForEachOp$OfRef.evaluateSequential(ForEachOps.java:173)
[09Apr2026 18:20:18.095] [modloading-worker-3/INFO] [STDERR/]: [java.lang.Throwable:printStackTrace:639]: 	at java.base/java.util.stream.AbstractPipeline.evaluate(AbstractPipeline.java:234)
[09Apr2026 18:20:18.095] [modloading-worker-3/INFO] [STDERR/]: [java.lang.Throwable:printStackTrace:639]: 	at java.base/java.util.stream.ReferencePipeline.forEach(ReferencePipeline.java:497)
[09Apr2026 18:20:18.096] [modloading-worker-3/INFO] [STDERR/]: [java.lang.Throwable:printStackTrace:639]: 	at net.minecraftforge.eventbus.EventBus.registerObject(EventBus.java:94)
[09Apr2026 18:20:18.096] [modloading-worker-3/INFO] [STDERR/]: [java.lang.Throwable:printStackTrace:639]: 	at net.minecraftforge.eventbus.EventBus.register(EventBus.java:120)
[09Apr2026 18:20:18.096] [modloading-worker-3/INFO] [STDERR/]: [java.lang.Throwable:printStackTrace:639]: 	at net.mcreator.nuggetsdungeonsii.entity.ZombieSquidmanEntity.<init>(ZombieSquidmanEntity.java:50)
[09Apr2026 18:20:18.097] [modloading-worker-3/INFO] [STDERR/]: [java.lang.Throwable:printStackTrace:639]: 	... 20 more
[09Apr2026 18:20:18.109] [modloading-worker-2/INFO] [com.teampotato.redirector.Redirector/]: Redirecting ovh/corail/tombstone/config/ConfigTombstone$Enchantments$MagicSiphonOnPlayerRule
[09Apr2026 18:20:18.131] [modloading-worker-2/INFO] [com.teampotato.redirector.Redirector/]: Redirecting net/minecraft/util/SoundCategory
[09Apr2026 18:20:18.199] [modloading-worker-1/INFO] [com.teampotato.redirector.Redirector/]: Redirecting net/minecraftforge/event/world/NoteBlockEvent$Octave
[09Apr2026 18:20:18.200] [modloading-worker-1/INFO] [com.teampotato.redirector.Redirector/]: Redirecting net/minecraftforge/event/world/NoteBlockEvent$Note
[09Apr2026 18:20:18.215] [modloading-worker-1/INFO] [com.teampotato.redirector.Redirector/]: Redirecting de/melanx/MoreVanillaArmor/Config$DefaultMaterial
[09Apr2026 18:20:18.218] [modloading-worker-2/INFO] [com.teampotato.redirector.Redirector/]: Redirecting ovh/corail/tombstone/block/SoulType
[09Apr2026 18:20:18.232] [modloading-worker-1/INFO] [com.teampotato.redirector.Redirector/]: Redirecting de/melanx/MoreVanillaArmor/items/ArmorTiers
[09Apr2026 18:20:18.235] [modloading-worker-2/INFO] [com.teampotato.redirector.Redirector/]: Redirecting ovh/corail/tombstone/helper/UpdaterHandler$PoolType
[09Apr2026 18:20:18.284] [modloading-worker-1/INFO] [com.teampotato.redirector.Redirector/]: Redirecting me/shedaniel/architectury/utils/Env
[09Apr2026 18:20:18.418] [modloading-worker-2/INFO] [com.teampotato.redirector.Redirector/]: Redirecting net/valhelsia/valhelsia_core/client/CosmeticsCategory
[09Apr2026 18:20:18.475] [modloading-worker-1/INFO] [com.teampotato.redirector.Redirector/]: Redirecting me/shedaniel/architectury/networking/NetworkManager$Side
[09Apr2026 18:20:18.489] [modloading-worker-1/INFO] [com.teampotato.redirector.Redirector/]: Redirecting net/minecraft/resources/ResourcePackType
[09Apr2026 18:20:18.490] [modloading-worker-1/INFO] [com.teampotato.redirector.Redirector/]: Redirecting com/ferreusveritas/dynamictrees/DynamicTrees$SwampOakWaterState
[09Apr2026 18:20:18.496] [modloading-worker-1/INFO] [com.teampotato.redirector.Redirector/]: Redirecting com/ferreusveritas/dynamictrees/DynamicTrees$AxeDamage
[09Apr2026 18:20:18.509] [modloading-worker-2/INFO] [com.teampotato.redirector.Redirector/]: Redirecting net/valhelsia/valhelsia_core/util/ValhelsiaRenderType
[09Apr2026 18:20:18.515] [modloading-worker-2/INFO] [com.teampotato.redirector.Redirector/]: Redirecting com/stal111/valhelsia_structures/block/properties/DungeonDoorPart
[09Apr2026 18:20:18.577] [modloading-worker-1/INFO] [com.teampotato.redirector.Redirector/]: Redirecting com/ferreusveritas/dynamictrees/util/CoordUtils$Surround
[09Apr2026 18:20:18.660] [modloading-worker-1/INFO] [com.teampotato.redirector.Redirector/]: Redirecting com/ferreusveritas/dynamictrees/blocks/leaves/LeavesProperties$AgeingConfiguration
[09Apr2026 18:20:18.735] [modloading-worker-1/INFO] [com.teampotato.redirector.Redirector/]: Redirecting com/ferreusveritas/dynamictrees/blocks/GrowableBlock$MatureAction
[09Apr2026 18:20:21.360] [main/INFO] [com.teampotato.redirector.Redirector/]: Redirecting com/ferreusveritas/dynamictrees/systems/genfeatures/VinesGenFeature$VineType
[09Apr2026 18:20:21.412] [main/INFO] [com.teampotato.redirector.Redirector/]: Redirecting com/ferreusveritas/dynamictrees/worldgen/BiomeDatabase$Operation
[09Apr2026 18:20:21.553] [Worker-Main-1/INFO] [com.teampotato.redirector.Redirector/]: Redirecting com/ferreusveritas/dynamictrees/DynamicTrees$DestroyMode
[09Apr2026 18:20:21.564] [Worker-Main-1/ERROR] [com.ferreusveritas.dynamictrees.api.resource.loading.preparation.JsonRegistryResourceLoader/]: Error whilst loading type "Family" with name "dtbop:burnt": [common_leaves] Could not find LeavesProperties for registry name 'dtbop:burnt'.
[09Apr2026 18:20:21.584] [main/INFO] [com.teampotato.redirector.Redirector/]: Redirecting com/mojang/serialization/DataResult$Instance
[09Apr2026 18:20:21.801] [main/INFO] [com.teampotato.redirector.Redirector/]: Redirecting net/minecraftforge/common/capabilities/CapabilityManager
[09Apr2026 18:20:21.995] [main/INFO] [com.teampotato.redirector.Redirector/]: Redirecting twilightforest/enums/BossVariant
[09Apr2026 18:20:21.996] [main/INFO] [com.teampotato.redirector.Redirector/]: Redirecting twilightforest/enums/BossVariant$TrophyType
[09Apr2026 18:20:22.001] [main/INFO] [com.teampotato.redirector.Redirector/]: Redirecting twilightforest/enums/PlantVariant
[09Apr2026 18:20:22.003] [main/INFO] [com.teampotato.redirector.Redirector/]: Redirecting twilightforest/enums/FireJetVariant
[09Apr2026 18:20:22.004] [main/INFO] [com.teampotato.redirector.Redirector/]: Redirecting twilightforest/enums/NagastoneVariant
[09Apr2026 18:20:22.007] [main/INFO] [com.teampotato.redirector.Redirector/]: Redirecting twilightforest/enums/MagicWoodVariant
[09Apr2026 18:20:22.012] [main/INFO] [com.teampotato.redirector.Redirector/]: Redirecting twilightforest/enums/TowerDeviceVariant
[09Apr2026 18:20:22.027] [main/INFO] [com.teampotato.redirector.Redirector/]: Redirecting twilightforest/enums/HugeLilypadPiece
[09Apr2026 18:20:22.046] [main/INFO] [com.teampotato.redirector.Redirector/]: Redirecting twilightforest/enums/Diagonals
[09Apr2026 18:20:22.046] [main/INFO] [com.teampotato.redirector.Redirector/]: Redirecting net/minecraft/util/Rotation
[09Apr2026 18:20:22.047] [main/INFO] [com.teampotato.redirector.Redirector/]: Redirecting net/minecraft/util/Mirror
[09Apr2026 18:20:22.054] [main/INFO] [com.teampotato.redirector.Redirector/]: Redirecting twilightforest/enums/BlockLoggingEnum
[09Apr2026 18:20:22.093] [main/INFO] [com.teampotato.redirector.Redirector/]: Redirecting com/legacy/structure_gel/blocks/IStructureGel$Behavior
[09Apr2026 18:20:22.739] [main/INFO] [com.teampotato.redirector.Redirector/]: Redirecting slimeknights/tconstruct/world/block/SlimeVineBlock$VineStage
[09Apr2026 18:20:22.800] [main/INFO] [com.teampotato.redirector.Redirector/]: Redirecting slimeknights/tconstruct/smeltery/block/ChannelBlock$ChannelConnection
[09Apr2026 18:20:22.857] [main/INFO] [com.teampotato.redirector.Redirector/]: Redirecting red/felnull/imp/block/propertie/BoomboxMode
[09Apr2026 18:20:22.945] [main/INFO] [syric.dragonseeker.Dragonseeker/]: HELLO from Register Block
[09Apr2026 18:20:22.952] [main/INFO] [com.teampotato.redirector.Redirector/]: Redirecting net/geforcemods/securitycraft/blocks/KeypadBarrelBlock$LidFacing
[09Apr2026 18:20:23.069] [main/INFO] [com.teampotato.redirector.Redirector/]: Redirecting com/alexander/mutantmore/blocks/CustomSkullBlock$CustomSkullTypes
[09Apr2026 18:20:23.101] [main/INFO] [com.teampotato.redirector.Redirector/]: Redirecting com/bobmowzie/mowziesmobs/server/entity/barakoa/MaskType
[09Apr2026 18:20:23.124] [main/INFO] [com.teampotato.redirector.Redirector/]: Redirecting oresAboveDiamonds/lists/ToolMaterialList
[09Apr2026 18:20:23.126] [main/INFO] [com.teampotato.redirector.Redirector/]: Redirecting oresAboveDiamonds/lists/ArmorMaterialList
[09Apr2026 18:20:23.138] [main/INFO] [com.teampotato.redirector.Redirector/]: Redirecting com/github/alexthe666/iceandfire/enums/EnumTroll$Weapon
[09Apr2026 18:20:23.140] [main/INFO] [com.teampotato.redirector.Redirector/]: Redirecting com/github/alexthe666/iceandfire/enums/EnumTroll
[09Apr2026 18:20:23.152] [main/INFO] [com.teampotato.redirector.Redirector/]: Redirecting net/minecraft/util/HandSide
[09Apr2026 18:20:23.153] [main/INFO] [com.teampotato.redirector.Redirector/]: Redirecting net/minecraft/pathfinding/PathNodeType
[09Apr2026 18:20:23.155] [main/INFO] [com.teampotato.redirector.Redirector/]: Redirecting twilightforest/enums/TwilightArmorMaterial
[09Apr2026 18:20:23.159] [main/INFO] [com.teampotato.redirector.Redirector/]: Redirecting twilightforest/enums/TwilightItemTier
[09Apr2026 18:20:23.469] [main/INFO] [com.teampotato.redirector.Redirector/]: Redirecting slimeknights/tconstruct/shared/item/TinkerBookItem$BookType
[09Apr2026 18:20:23.506] [main/INFO] [com.teampotato.redirector.Redirector/]: Redirecting biomesoplenty/common/entity/item/BoatEntityBOP$BoatModel
[09Apr2026 18:20:23.520] [main/INFO] [com.teampotato.redirector.Redirector/]: Redirecting net/geforcemods/securitycraft/misc/ModuleType
[09Apr2026 18:20:23.523] [main/INFO] [com.teampotato.redirector.Redirector/]: Redirecting net/geforcemods/securitycraft/misc/PageGroup
[09Apr2026 18:20:23.525] [main/INFO] [com.teampotato.redirector.Redirector/]: Redirecting net/geforcemods/securitycraft/util/RegisterItemBlock$SCItemGroup
[09Apr2026 18:20:23.614] [main/INFO] [com.teampotato.redirector.Redirector/]: Redirecting com/alexander/mutantmore/materials/CustomArmourMaterial
[09Apr2026 18:20:23.670] [main/INFO] [com.teampotato.redirector.Redirector/]: Redirecting net/minecraft/loot/LootContext$EntityTarget
[09Apr2026 18:20:23.677] [main/INFO] [TerraForged/]: Registering level types
[09Apr2026 18:20:23.891] [main/INFO] [ModernFix/]: Bypassed Mojang DFU
[09Apr2026 18:20:23.892] [main/INFO] [ModernFix/]: Instantiating Mojang DFU
[09Apr2026 18:20:23.943] [main/INFO] [com.teampotato.redirector.Redirector/]: Redirecting com/mojang/datafixers/functions/PointFreeRule$CataFuseSame
[09Apr2026 18:20:23.945] [main/INFO] [com.teampotato.redirector.Redirector/]: Redirecting com/mojang/datafixers/functions/PointFreeRule$CataFuseDifferent
[09Apr2026 18:20:23.946] [main/INFO] [com.teampotato.redirector.Redirector/]: Redirecting com/mojang/datafixers/functions/PointFreeRule$LensAppId
[09Apr2026 18:20:23.947] [main/INFO] [com.teampotato.redirector.Redirector/]: Redirecting com/mojang/datafixers/functions/PointFreeRule$LensComp
[09Apr2026 18:20:23.948] [main/INFO] [com.teampotato.redirector.Redirector/]: Redirecting com/mojang/datafixers/functions/PointFreeRule$AppNest
[09Apr2026 18:20:23.948] [main/INFO] [com.teampotato.redirector.Redirector/]: Redirecting com/mojang/datafixers/functions/PointFreeRule$LensCompFunc
[09Apr2026 18:20:23.949] [main/INFO] [com.teampotato.redirector.Redirector/]: Redirecting com/mojang/datafixers/functions/PointFreeRule$CompAssocLeft
[09Apr2026 18:20:23.952] [main/INFO] [com.teampotato.redirector.Redirector/]: Redirecting com/mojang/datafixers/functions/PointFreeRule$SortInj
[09Apr2026 18:20:23.953] [main/INFO] [com.teampotato.redirector.Redirector/]: Redirecting com/mojang/datafixers/functions/PointFreeRule$SortProj
[09Apr2026 18:20:23.953] [main/INFO] [com.teampotato.redirector.Redirector/]: Redirecting com/mojang/datafixers/functions/PointFreeRule$CompAssocRight
[09Apr2026 18:20:24.498] [main/INFO] [net.minecraftforge.registries.GameData/]: Potentially Dangerous alternative prefix `minecraft` for name `milk`, expected `forge`. This could be a intended override, but in most cases indicates a broken mod.
[09Apr2026 18:20:24.499] [main/INFO] [net.minecraftforge.registries.GameData/]: Potentially Dangerous alternative prefix `minecraft` for name `flowing_milk`, expected `forge`. This could be a intended override, but in most cases indicates a broken mod.
[09Apr2026 18:20:24.525] [main/INFO] [net.minecraftforge.registries.GameData/]: Potentially Dangerous alternative prefix `otyacraftengine` for name `music_sharing_device`, expected `iammusicplayer`. This could be a intended override, but in most cases indicates a broken mod.
[09Apr2026 18:20:24.526] [main/INFO] [net.minecraftforge.registries.GameData/]: Potentially Dangerous alternative prefix `otyacraftengine` for name `cassette_deck`, expected `iammusicplayer`. This could be a intended override, but in most cases indicates a broken mod.
[09Apr2026 18:20:24.526] [main/INFO] [net.minecraftforge.registries.GameData/]: Potentially Dangerous alternative prefix `otyacraftengine` for name `boombox`, expected `iammusicplayer`. This could be a intended override, but in most cases indicates a broken mod.
[09Apr2026 18:20:24.526] [main/INFO] [net.minecraftforge.registries.GameData/]: Potentially Dangerous alternative prefix `otyacraftengine` for name `cassette_storage`, expected `iammusicplayer`. This could be a intended override, but in most cases indicates a broken mod.
[09Apr2026 18:20:24.609] [main/INFO] [com.teampotato.redirector.Redirector/]: Redirecting slimeknights/tconstruct/library/recipe/modifiers/spilling/effects/DamageSpillingEffect$LivingEntityPredicate
[09Apr2026 18:20:24.610] [main/INFO] [com.teampotato.redirector.Redirector/]: Redirecting slimeknights/tconstruct/library/recipe/modifiers/spilling/effects/DamageSpillingEffect$DamageType
[09Apr2026 18:20:24.681] [main/INFO] [com.teampotato.redirector.Redirector/]: Redirecting net/geforcemods/securitycraft/misc/SCSounds
[09Apr2026 18:20:24.693] [main/INFO] [com.teampotato.redirector.Redirector/]: Redirecting net/minecraftforge/common/BiomeManager$BiomeType
[09Apr2026 18:20:24.713] [main/INFO] [com.teampotato.redirector.Redirector/]: Redirecting biomesoplenty/common/biome/BiomeRegistry$RegistrationType
[09Apr2026 18:20:24.957] [main/INFO] [TerraForged/]: Registering decorators
[09Apr2026 18:20:24.986] [main/INFO] [TerraForged/]: Registering features
[09Apr2026 18:20:24.993] [main/INFO] [com.teampotato.redirector.Redirector/]: Redirecting com/terraforged/noise/Source
[09Apr2026 18:20:25.009] [main/INFO] [com.teampotato.redirector.Redirector/]: Redirecting com/terraforged/noise/func/CellFunc
[09Apr2026 18:20:25.010] [main/INFO] [com.teampotato.redirector.Redirector/]: Redirecting com/terraforged/noise/func/EdgeFunc
[09Apr2026 18:20:25.012] [main/INFO] [com.teampotato.redirector.Redirector/]: Redirecting com/terraforged/noise/func/DistanceFunc
[09Apr2026 18:20:25.013] [main/INFO] [com.teampotato.redirector.Redirector/]: Redirecting com/terraforged/noise/func/Interpolation
[09Apr2026 18:20:25.112] [main/INFO] [com.teampotato.redirector.Redirector/]: Redirecting net/minecraft/util/math/vector/Orientation
[09Apr2026 18:20:25.116] [main/INFO] [com.teampotato.redirector.Redirector/]: Redirecting net/minecraft/util/TriplePermutation
[09Apr2026 18:20:25.300] [main/INFO] [com.teampotato.redirector.Redirector/]: Redirecting twilightforest/TFFeature
[09Apr2026 18:20:25.439] [main/INFO] [com.teampotato.redirector.Redirector/]: Redirecting com/telepathicgrunt/repurposedstructures/modinit/RSStructureTagMap$STRUCTURE_TAGS
[09Apr2026 18:20:25.448] [main/INFO] [com.teampotato.redirector.Redirector/]: Redirecting com/telepathicgrunt/repurposedstructures/world/structures/pieces/MansionPieces$MANSIONTYPE
[09Apr2026 18:20:25.482] [main/INFO] [com.teampotato.redirector.Redirector/]: Redirecting com/barion/dungeons_enhanced/world/gen/DETerrainAnalyzer$GenerationType
[09Apr2026 18:20:25.509] [main/INFO] [com.barion.dungeons_enhanced.DungeonsEnhanced/]: Dungeons Enhanced structures loaded
[09Apr2026 18:20:25.533] [main/INFO] [ModdingLegacy/structure_gel/Compat/]: Checking for biome dictionary registry methods in other mods.
[09Apr2026 18:20:25.554] [main/INFO] [com.teampotato.redirector.Redirector/]: Redirecting slimeknights/tconstruct/library/modifiers/ExtraModifier$ExtraType
[09Apr2026 18:20:25.555] [main/INFO] [com.teampotato.redirector.Redirector/]: Redirecting slimeknights/tconstruct/library/modifiers/ExtraModifier$ModifierSource
[09Apr2026 18:20:25.557] [main/INFO] [com.teampotato.redirector.Redirector/]: Redirecting net/minecraft/network/play/server/SPlayerPositionLookPacket$Flags
[09Apr2026 18:20:25.611] [main/INFO] [com.teampotato.redirector.Redirector/]: Redirecting net/minecraft/world/Difficulty
[09Apr2026 18:20:25.710] [main/INFO] [com.teampotato.redirector.Redirector/]: Redirecting com/github/alexthe666/citadel/config/biome/BiomeEntryType
[09Apr2026 18:20:25.794] [main/INFO] [com._idrae.towers_of_the_wild.TowersOfTheWild/]: Config set
[09Apr2026 18:20:25.816] [main/INFO] [com.teampotato.redirector.Redirector/]: Redirecting com/ferreusveritas/dynamictrees/api/worldgen/BiomePropertySelectors$Chance
[09Apr2026 18:20:25.824] [modloading-worker-3/INFO] [com.connectivity.Connectivity/]: Connectivity initialized
[09Apr2026 18:20:25.824] [modloading-worker-1/INFO] [xaero.lib.XaeroLib/]: Loading XaeroLib common 1/2!
[09Apr2026 18:20:25.825] [modloading-worker-3/INFO] [TerraForged/]: Common setup
[09Apr2026 18:20:25.870] [modloading-worker-1/INFO] [com.teampotato.redirector.Redirector/]: Redirecting mezz/jei/util/GiveMode
[09Apr2026 18:20:25.882] [modloading-worker-0/INFO] [Dungeon Crawl/]: Common Setup
[09Apr2026 18:20:25.884] [modloading-worker-1/WARN] [citadel/]: Failed to load patreon contributor perks
[09Apr2026 18:20:25.887] [modloading-worker-3/INFO] [com.teampotato.redirector.Redirector/]: Redirecting net/minecraftforge/server/permission/DefaultPermissionLevel
[09Apr2026 18:20:25.888] [modloading-worker-3/INFO] [com.teampotato.redirector.Redirector/]: Redirecting net/minecraftforge/server/permission/DefaultPermissionHandler
[09Apr2026 18:20:25.890] [modloading-worker-1/INFO] [com.teampotato.redirector.Redirector/]: Redirecting net/minecraft/world/raid/Raid$WaveMember
[09Apr2026 18:20:25.894] [modloading-worker-0/INFO] [Dungeon Crawl/]: Whitelisted Dimensions:
[09Apr2026 18:20:25.896] [modloading-worker-0/INFO] [Dungeon Crawl/]: minecraft:overworld
[09Apr2026 18:20:25.919] [modloading-worker-1/INFO] [com.teampotato.redirector.Redirector/]: Redirecting net/minecraftforge/fml/VersionChecker$Status
[09Apr2026 18:20:26.020] [modloading-worker-1/INFO] [com.BrassAmber.ba_bt.BrassAmberBattleTowers/]: HELLO FROM PREINIT
[09Apr2026 18:20:26.020] [modloading-worker-1/INFO] [com.BrassAmber.ba_bt.BrassAmberBattleTowers/]: DIRT BLOCK >> minecraft:dirt
[09Apr2026 18:20:26.053] [modloading-worker-1/INFO] [STDERR/]: [red.felnull.imp.libs.org.slf4j.helpers.Util:report:128]: SLF4J: Failed to load class "org.slf4j.impl.StaticLoggerBinder".
[09Apr2026 18:20:26.054] [modloading-worker-1/INFO] [STDERR/]: [red.felnull.imp.libs.org.slf4j.helpers.Util:report:128]: SLF4J: Defaulting to no-operation (NOP) logger implementation
[09Apr2026 18:20:26.054] [modloading-worker-1/INFO] [STDERR/]: [red.felnull.imp.libs.org.slf4j.helpers.Util:report:128]: SLF4J: See http://www.slf4j.org/codes.html#StaticLoggerBinder for further details.
[09Apr2026 18:20:26.065] [modloading-worker-3/INFO] [com.teampotato.redirector.Redirector/]: Redirecting net/minecraft/world/biome/DefaultBiomeMagnifier
[09Apr2026 18:20:26.066] [modloading-worker-1/INFO] [com.teampotato.redirector.Redirector/]: Redirecting dev/felnull/imp/libs/com/sedmelluq/discord/lavaplayer/player/AudioConfiguration$ResamplingQuality
[09Apr2026 18:20:26.081] [modloading-worker-3/INFO] [syric.dragonseeker.Dragonseeker/]: HELLO FROM PREINIT
[09Apr2026 18:20:26.085] [modloading-worker-0/INFO] [com.teampotato.redirector.Redirector/]: Redirecting slimeknights/tconstruct/library/tools/layout/LayoutIcon$Type
[09Apr2026 18:20:26.088] [modloading-worker-3/INFO] [syric.dragonseeker.Dragonseeker/]: DIRT BLOCK >> minecraft:dirt
[09Apr2026 18:20:26.092] [modloading-worker-2/INFO] [com.teampotato.redirector.Redirector/]: Redirecting net/geforcemods/securitycraft/network/client/OpenScreen$DataType
[09Apr2026 18:20:26.114] [modloading-worker-2/INFO] [com.teampotato.redirector.Redirector/]: Redirecting net/geforcemods/securitycraft/network/server/RemoteControlMine$Action
[09Apr2026 18:20:26.122] [modloading-worker-0/INFO] [com.teampotato.redirector.Redirector/]: Redirecting ovh/corail/tombstone/item/CastingType
[09Apr2026 18:20:26.145] [modloading-worker-2/INFO] [com.teampotato.redirector.Redirector/]: Redirecting net/geforcemods/securitycraft/util/StandingOrWallType
[09Apr2026 18:20:26.147] [modloading-worker-2/INFO] [com.teampotato.redirector.Redirector/]: Redirecting net/geforcemods/securitycraft/blockentities/BlockChangeDetectorBlockEntity$DetectionMode
[09Apr2026 18:20:26.152] [modloading-worker-3/INFO] [com.teampotato.redirector.Redirector/]: Redirecting com/ferreusveritas/dynamictrees/items/DendroPotion$DendroPotionType
[09Apr2026 18:20:26.152] [modloading-worker-0/INFO] [com.teampotato.redirector.Redirector/]: Redirecting team/creative/creativecore/common/config/sync/ConfigSynchronization
[09Apr2026 18:20:26.161] [modloading-worker-2/INFO] [com.teampotato.redirector.Redirector/]: Redirecting net/geforcemods/securitycraft/network/server/SyncProjector$DataType
[09Apr2026 18:20:26.173] [modloading-worker-2/INFO] [com.teampotato.redirector.Redirector/]: Redirecting net/geforcemods/securitycraft/blockentities/RiftStabilizerBlockEntity$TeleportationType
[09Apr2026 18:20:26.176] [modloading-worker-2/INFO] [com.teampotato.redirector.Redirector/]: Redirecting net/geforcemods/securitycraft/network/server/SyncSSSSettingsOnServer$DataType
[09Apr2026 18:20:26.198] [modloading-worker-1/INFO] [com.teampotato.redirector.Redirector/]: Redirecting dev/felnull/imp/libs/com/sedmelluq/discord/lavaplayer/container/MediaContainer
[09Apr2026 18:20:26.212] [modloading-worker-0/WARN] [supertools/]: FMLCommonSetupEvent
[09Apr2026 18:20:26.310] [modloading-worker-1/INFO] [com.teampotato.redirector.Redirector/]: Redirecting red/felnull/otyacraftengine/data/SendReceiveLogger$SRResult
[09Apr2026 18:20:26.445] [Thread-0/INFO] [ModernFix/]: Please use /mfsrc to reload any changed mod config files
[09Apr2026 18:20:26.502] [main/INFO] [com.tiviacz.travelersbackpack.TravelersBackpack/]: Registered the fluid minecraft:water as a FluidEffect for Water with the ID 0
[09Apr2026 18:20:26.502] [main/INFO] [com.tiviacz.travelersbackpack.TravelersBackpack/]: Registered the fluid minecraft:lava as a FluidEffect for Lava with the ID 1
[09Apr2026 18:20:26.503] [main/INFO] [com.tiviacz.travelersbackpack.TravelersBackpack/]: Registered the fluid travelersbackpack:potion_fluid as a FluidEffect for Uncraftable Potion with the ID 2
[09Apr2026 18:20:26.503] [main/INFO] [com.tiviacz.travelersbackpack.TravelersBackpack/]: Registered the fluid minecraft:milk as a FluidEffect for Milk with the ID 3
[09Apr2026 18:20:26.504] [main/INFO] [com.tiviacz.travelersbackpack.TravelersBackpack/]: Registered the fluid minecraft:empty as a FluidEffect for Air with the ID 4
[09Apr2026 18:20:26.507] [main/WARN] [net.minecraftforge.common.ForgeHooks/]: Called deprecated GlobalEntityTypeAttributes#put for guardvillagers:guard, use EntityAttributeCreationEvent instead.
[09Apr2026 18:20:26.508] [main/INFO] [Dungeon Crawl/]: Registering Structure Piece Types
[09Apr2026 18:20:26.571] [main/INFO] [castle_dungeons/]: Loaded 2 themes!
[09Apr2026 18:20:26.707] [main/INFO] [com.teampotato.redirector.Redirector/]: Redirecting net/minecraft/item/FireworkRocketItem$Shape
[09Apr2026 18:20:26.719] [main/WARN] [net.minecraftforge.common.ForgeHooks/]: Called deprecated GlobalEntityTypeAttributes#put for mutantmore:mutant_husk, use EntityAttributeCreationEvent instead.
[09Apr2026 18:20:26.720] [main/WARN] [net.minecraftforge.common.ForgeHooks/]: Called deprecated GlobalEntityTypeAttributes#put for mutantmore:mutant_wither_skeleton, use EntityAttributeCreationEvent instead.
[09Apr2026 18:20:26.720] [main/WARN] [net.minecraftforge.common.ForgeHooks/]: Called deprecated GlobalEntityTypeAttributes#put for mutantmore:mutant_blaze, use EntityAttributeCreationEvent instead.
[09Apr2026 18:20:26.721] [main/WARN] [net.minecraftforge.common.ForgeHooks/]: Called deprecated GlobalEntityTypeAttributes#put for mutantmore:rodling, use EntityAttributeCreationEvent instead.
[09Apr2026 18:20:26.721] [main/WARN] [net.minecraftforge.common.ForgeHooks/]: Called deprecated GlobalEntityTypeAttributes#put for mutantmore:mutant_hoglin, use EntityAttributeCreationEvent instead.
[09Apr2026 18:20:26.722] [main/WARN] [net.minecraftforge.common.ForgeHooks/]: Called deprecated GlobalEntityTypeAttributes#put for mutantmore:mutant_shulker, use EntityAttributeCreationEvent instead.
[09Apr2026 18:20:26.722] [main/WARN] [net.minecraftforge.common.ForgeHooks/]: Called deprecated GlobalEntityTypeAttributes#put for mutantmore:mutant_shulker_box, use EntityAttributeCreationEvent instead.
[09Apr2026 18:20:26.793] [modloading-worker-0/INFO] [xaero.lib.XaeroLib/]: Loading XaeroLib server 1/2!
[09Apr2026 18:20:26.793] [modloading-worker-1/INFO] [xaero.map.server.WorldMapServer/]: Loading Xaero's World Map - Stage 1/2 (Server)
[09Apr2026 18:20:26.794] [modloading-worker-3/INFO] [xaero.minimap.XaeroMinimap/]: Loading Xaero's Minimap - Stage 1/2 (Server)
[09Apr2026 18:20:26.819] [main/INFO] [xaero.lib.XaeroLib/]: Loading XaeroLib common 2/2!
[09Apr2026 18:20:26.820] [main/INFO] [xaero.lib.XaeroLib/]: Loading XaeroLib server 2/2!
[09Apr2026 18:20:26.820] [main/INFO] [xaero.map.server.WorldMapServer/]: Loading Xaero's World Map - Stage 2/2 (Server)
[09Apr2026 18:20:26.820] [main/INFO] [xaero.minimap.XaeroMinimap/]: Loading Xaero's Minimap - Stage 2/2 (Server)
[09Apr2026 18:20:26.848] [modloading-worker-2/INFO] [com.teampotato.redirector.Redirector/]: Redirecting ovh/corail/tombstone/compatibility/SupportMods
[09Apr2026 18:20:26.899] [modloading-worker-3/INFO] [syric.dragonseeker.Dragonseeker/]: Hello world from the MDK
[09Apr2026 18:20:26.899] [modloading-worker-3/INFO] [syric.dragonseeker.Dragonseeker/]: Got IMC [Hello world]
[09Apr2026 18:20:26.948] [modloading-worker-3/INFO] [TerraForged/]: Loaded TerraForged version 0.2.16
[09Apr2026 18:20:26.949] [modloading-worker-3/INFO] [ModdingLegacy/structure_gel/]: Attempting to register unregistered biomes to the biome dictionary. This can be disabled via config.
[09Apr2026 18:20:26.950] [modloading-worker-1/INFO] [com.teampotato.redirector.Redirector/]: Redirecting mcp/mobius/waila/api/TooltipPosition
[09Apr2026 18:20:26.958] [modloading-worker-1/INFO] [Waila/]: Registered plugin at net.blay09.mods.waystones.compat.WailaProvider
[09Apr2026 18:20:26.970] [modloading-worker-1/INFO] [Waila/]: Registered plugin at mcp.mobius.waila.addons.minecraft.PluginMinecraft
[09Apr2026 18:20:26.980] [modloading-worker-1/INFO] [Waila/]: Registered plugin at net.geforcemods.securitycraft.compat.hudmods.JadeDataProvider
[09Apr2026 18:20:26.981] [modloading-worker-1/INFO] [Waila/]: Registered plugin at ovh.corail.tombstone.compatibility.IntegrationWaila
[09Apr2026 18:20:26.985] [modloading-worker-1/INFO] [Waila/]: Registered plugin at com.ferreusveritas.dynamictrees.compat.waila.WailaCompat
[09Apr2026 18:20:27.158] [modloading-worker-3/INFO] [ModdingLegacy/structure_gel/]: Registered terraforged:fir_forest to structure_gel:[]
[09Apr2026 18:20:27.158] [modloading-worker-3/INFO] [ModdingLegacy/structure_gel/]: Registered terraforged:stone_forest to structure_gel:[]
[09Apr2026 18:20:27.159] [modloading-worker-3/INFO] [ModdingLegacy/structure_gel/]: Registered duneons:dingy_jungle to structure_gel:[]
[09Apr2026 18:20:27.159] [modloading-worker-3/INFO] [ModdingLegacy/structure_gel/]: Registered twilightforest:firefly_forest to structure_gel:[]
[09Apr2026 18:20:27.159] [modloading-worker-3/INFO] [ModdingLegacy/structure_gel/]: Registered twilightforest:enchanted_forest to structure_gel:[]
[09Apr2026 18:20:27.160] [modloading-worker-3/INFO] [ModdingLegacy/structure_gel/]: Registered terraforged:shattered_savanna_scrub to structure_gel:[]
[09Apr2026 18:20:27.160] [modloading-worker-3/INFO] [ModdingLegacy/structure_gel/]: Registered nuggets_dungeons_ii:pumpkin_patch to structure_gel:[]
[09Apr2026 18:20:27.160] [modloading-worker-3/INFO] [ModdingLegacy/structure_gel/]: Registered terraforged:taiga_scrub to structure_gel:[]
[09Apr2026 18:20:27.161] [modloading-worker-3/INFO] [ModdingLegacy/structure_gel/]: Registered twilightforest:spooky_forest to structure_gel:[]
[09Apr2026 18:20:27.161] [modloading-worker-3/INFO] [ModdingLegacy/structure_gel/]: Registered terraforged:lake to structure_gel:[]
[09Apr2026 18:20:27.161] [modloading-worker-3/INFO] [ModdingLegacy/structure_gel/]: Registered twilightforest:mushroom_forest to structure_gel:[]
[09Apr2026 18:20:27.162] [modloading-worker-3/INFO] [ModdingLegacy/structure_gel/]: Registered terraforged:bryce to structure_gel:[]
[09Apr2026 18:20:27.162] [modloading-worker-3/INFO] [ModdingLegacy/structure_gel/]: Registered twilightforest:forest to structure_gel:[]
[09Apr2026 18:20:27.162] [modloading-worker-3/INFO] [ModdingLegacy/structure_gel/]: Registered terraforged:steppe to structure_gel:[]
[09Apr2026 18:20:27.163] [modloading-worker-3/INFO] [ModdingLegacy/structure_gel/]: Registered nuggets_dungeons_ii:shadow_biome to structure_gel:[]
[09Apr2026 18:20:27.163] [modloading-worker-3/INFO] [ModdingLegacy/structure_gel/]: Registered terraforged:snowy_taiga_scrub to structure_gel:[]
[09Apr2026 18:20:27.163] [modloading-worker-3/INFO] [ModdingLegacy/structure_gel/]: Registered twilightforest:glacier to structure_gel:[]
[09Apr2026 18:20:27.163] [modloading-worker-3/INFO] [ModdingLegacy/structure_gel/]: Registered nuggets_dungeons_ii:zen_fields to structure_gel:[]
[09Apr2026 18:20:27.163] [modloading-worker-3/INFO] [ModdingLegacy/structure_gel/]: Registered twilightforest:thornlands to structure_gel:[]
[09Apr2026 18:20:27.164] [modloading-worker-3/INFO] [ModdingLegacy/structure_gel/]: Registered twilightforest:swamp to structure_gel:[]
[09Apr2026 18:20:27.164] [modloading-worker-3/INFO] [ModdingLegacy/structure_gel/]: Registered twilightforest:highlands to structure_gel:[]
[09Apr2026 18:20:27.164] [modloading-worker-3/INFO] [ModdingLegacy/structure_gel/]: Registered terraforged:cold_steppe to structure_gel:[]
[09Apr2026 18:20:27.164] [modloading-worker-3/INFO] [ModdingLegacy/structure_gel/]: Registered terraforged:frozen_lake to structure_gel:[]
[09Apr2026 18:20:27.165] [modloading-worker-3/INFO] [ModdingLegacy/structure_gel/]: Registered twilightforest:fire_swamp to structure_gel:[]
[09Apr2026 18:20:27.165] [modloading-worker-3/INFO] [ModdingLegacy/structure_gel/]: Registered twilightforest:final_plateau to structure_gel:[]
[09Apr2026 18:20:27.165] [modloading-worker-3/INFO] [ModdingLegacy/structure_gel/]: Registered duneons:highland to structure_gel:[]
[09Apr2026 18:20:27.165] [modloading-worker-3/INFO] [ModdingLegacy/structure_gel/]: Registered duneons:creeping_winter to structure_gel:[]
[09Apr2026 18:20:27.165] [modloading-worker-3/INFO] [ModdingLegacy/structure_gel/]: Registered twilightforest:dense_forest to structure_gel:[]
[09Apr2026 18:20:27.166] [modloading-worker-3/INFO] [ModdingLegacy/structure_gel/]: Registered duneons:soggy_swamp to structure_gel:[]
[09Apr2026 18:20:27.166] [modloading-worker-3/INFO] [ModdingLegacy/structure_gel/]: Registered twilightforest:stream to structure_gel:[]
[09Apr2026 18:20:27.166] [modloading-worker-3/INFO] [ModdingLegacy/structure_gel/]: Registered twilightforest:dark_forest_center to structure_gel:[]
[09Apr2026 18:20:27.166] [modloading-worker-3/INFO] [ModdingLegacy/structure_gel/]: Registered terraforged:marshland to structure_gel:[]
[09Apr2026 18:20:27.166] [modloading-worker-3/INFO] [ModdingLegacy/structure_gel/]: Registered terraforged:cold_marshland to structure_gel:[]
[09Apr2026 18:20:27.167] [modloading-worker-3/INFO] [ModdingLegacy/structure_gel/]: Registered twilightforest:dense_mushroom_forest to structure_gel:[]
[09Apr2026 18:20:27.167] [modloading-worker-3/INFO] [ModdingLegacy/structure_gel/]: Registered twilightforest:snowy_forest to structure_gel:[]
[09Apr2026 18:20:27.167] [modloading-worker-3/INFO] [ModdingLegacy/structure_gel/]: Registered duneons:creeper_forest to structure_gel:[]
[09Apr2026 18:20:27.167] [modloading-worker-3/INFO] [ModdingLegacy/structure_gel/]: Registered terraforged:savanna_scrub to structure_gel:[]
[09Apr2026 18:20:27.168] [modloading-worker-3/INFO] [ModdingLegacy/structure_gel/]: Registered twilightforest:clearing to structure_gel:[]
[09Apr2026 18:20:27.168] [modloading-worker-3/INFO] [ModdingLegacy/structure_gel/]: Registered twilightforest:lake to structure_gel:[]
[09Apr2026 18:20:27.168] [modloading-worker-3/INFO] [ModdingLegacy/structure_gel/]: Registered twilightforest:oak_savannah to structure_gel:[]
[09Apr2026 18:20:27.168] [modloading-worker-3/INFO] [ModdingLegacy/structure_gel/]: Registered twilightforest:dark_forest to structure_gel:[]
[09Apr2026 18:20:27.169] [modloading-worker-3/INFO] [ModdingLegacy/structure_gel/]: Registered duneons:panda_plateau to structure_gel:[]
[09Apr2026 18:20:27.169] [modloading-worker-3/INFO] [ModdingLegacy/structure_gel/]: Registered terraforged:warm_beach to structure_gel:[]
[09Apr2026 18:20:27.169] [modloading-worker-3/INFO] [ModdingLegacy/structure_gel/]: Registered terraforged:flower_plains to structure_gel:[]
[09Apr2026 18:20:27.169] [modloading-worker-3/INFO] [ModdingLegacy/structure_gel/]: Registered terraforged:frozen_marsh to structure_gel:[]
[09Apr2026 18:20:27.169] [modloading-worker-3/INFO] [ModdingLegacy/structure_gel/]: Registered terraforged:snowy_fir_forest to structure_gel:[]
[09Apr2026 18:20:27.170] [modloading-worker-3/INFO] [ModdingLegacy/structure_gel/]: Reloading biome config for dungeons_enhanced:castle
[09Apr2026 18:20:27.171] [modloading-worker-3/INFO] [ModdingLegacy/structure_gel/]: Reloading biome config for dungeons_enhanced:desert_temple
[09Apr2026 18:20:27.172] [modloading-worker-3/INFO] [ModdingLegacy/structure_gel/]: Reloading biome config for dungeons_enhanced:desert_tomb
[09Apr2026 18:20:27.172] [modloading-worker-3/INFO] [ModdingLegacy/structure_gel/]: Reloading biome config for dungeons_enhanced:druid_circle
[09Apr2026 18:20:27.173] [modloading-worker-3/INFO] [ModdingLegacy/structure_gel/]: Reloading biome config for dungeons_enhanced:dungeon_variant
[09Apr2026 18:20:27.173] [modloading-worker-3/INFO] [ModdingLegacy/structure_gel/]: Reloading biome config for dungeons_enhanced:elders_temple
[09Apr2026 18:20:27.173] [modloading-worker-3/INFO] [ModdingLegacy/structure_gel/]: Reloading biome config for dungeons_enhanced:fishing_ship
[09Apr2026 18:20:27.174] [modloading-worker-3/INFO] [ModdingLegacy/structure_gel/]: Reloading biome config for dungeons_enhanced:flying_dutchman
[09Apr2026 18:20:27.174] [modloading-worker-3/INFO] [ModdingLegacy/structure_gel/]: Reloading biome config for dungeons_enhanced:hay_storage
[09Apr2026 18:20:27.175] [modloading-worker-3/INFO] [ModdingLegacy/structure_gel/]: Reloading biome config for dungeons_enhanced:ice_pit
[09Apr2026 18:20:27.175] [modloading-worker-3/INFO] [ModdingLegacy/structure_gel/]: Reloading biome config for dungeons_enhanced:jungle_monument
[09Apr2026 18:20:27.176] [modloading-worker-3/INFO] [ModdingLegacy/structure_gel/]: Reloading biome config for dungeons_enhanced:large_dungeon
[09Apr2026 18:20:27.177] [modloading-worker-3/INFO] [ModdingLegacy/structure_gel/]: Reloading biome config for dungeons_enhanced:miners_house
[09Apr2026 18:20:27.177] [modloading-worker-3/INFO] [ModdingLegacy/structure_gel/]: Reloading biome config for dungeons_enhanced:monster_maze
[09Apr2026 18:20:27.178] [modloading-worker-3/INFO] [ModdingLegacy/structure_gel/]: Reloading biome config for dungeons_enhanced:mushroom_house
[09Apr2026 18:20:27.178] [modloading-worker-3/INFO] [ModdingLegacy/structure_gel/]: Reloading biome config for dungeons_enhanced:pillager_camp
[09Apr2026 18:20:27.178] [modloading-worker-3/INFO] [ModdingLegacy/structure_gel/]: Reloading biome config for dungeons_enhanced:pirate_ship
[09Apr2026 18:20:27.178] [modloading-worker-3/INFO] [ModdingLegacy/structure_gel/]: Reloading biome config for dungeons_enhanced:ruined_building
[09Apr2026 18:20:27.178] [modloading-worker-3/INFO] [ModdingLegacy/structure_gel/]: Reloading biome config for dungeons_enhanced:stables
[09Apr2026 18:20:27.179] [modloading-worker-3/INFO] [ModdingLegacy/structure_gel/]: Reloading biome config for dungeons_enhanced:sunken_shrine
[09Apr2026 18:20:27.179] [modloading-worker-3/INFO] [ModdingLegacy/structure_gel/]: Reloading biome config for dungeons_enhanced:tall_witch_hut
[09Apr2026 18:20:27.179] [modloading-worker-3/INFO] [ModdingLegacy/structure_gel/]: Reloading biome config for dungeons_enhanced:tree_house
[09Apr2026 18:20:27.179] [modloading-worker-3/INFO] [ModdingLegacy/structure_gel/]: Reloading biome config for dungeons_enhanced:tower_of_the_undead
[09Apr2026 18:20:27.179] [modloading-worker-3/INFO] [ModdingLegacy/structure_gel/]: Reloading biome config for dungeons_enhanced:watch_tower
[09Apr2026 18:20:27.179] [modloading-worker-3/INFO] [ModdingLegacy/structure_gel/]: Reloading biome config for dungeons_enhanced:witch_tower
[09Apr2026 18:20:27.318] [main/INFO] [com.teampotato.redirector.Redirector/]: Redirecting org/embeddedt/modernfix/util/BakeReason
[09Apr2026 18:20:27.557] [main/ERROR] [net.minecraft.util.registry.WorldSettingsImport/]: Error adding element: Value 9 outside of range [0:7]
[09Apr2026 18:20:27.609] [main/INFO] [com._idrae.towers_of_the_wild.TowersOfTheWild/]: tower structure feature registered
[09Apr2026 18:20:27.609] [main/INFO] [com._idrae.towers_of_the_wild.TowersOfTheWild/]: ice_tower structure feature registered
[09Apr2026 18:20:27.611] [main/INFO] [com._idrae.towers_of_the_wild.TowersOfTheWild/]: jungle_tower structure feature registered
[09Apr2026 18:20:27.611] [main/INFO] [com._idrae.towers_of_the_wild.TowersOfTheWild/]: derelict_tower structure feature registered
[09Apr2026 18:20:27.611] [main/INFO] [com._idrae.towers_of_the_wild.TowersOfTheWild/]: derelict_grass_tower structure feature registered
[09Apr2026 18:20:27.611] [main/INFO] [com._idrae.towers_of_the_wild.TowersOfTheWild/]: ocean_tower structure feature registered
[09Apr2026 18:20:27.611] [main/INFO] [com._idrae.towers_of_the_wild.TowersOfTheWild/]: ocean_warm_tower structure feature registered
[09Apr2026 18:20:28.030] [main/ERROR] [net.minecraft.world.biome.BiomeGenerationSettings/]: Feature: Not a JSON object: "minecraft:seagrass_simple"; Not a JSON object: "minecraft:red_mushroom_swamp"; Not a JSON object: "minecraft:brown_mushroom_swamp"; Not a JSON object: "minecraft:patch_waterlilly"; Not a JSON object: "minecraft:patch_dead_bush"; Not a JSON object: "minecraft:patch_grass_normal"; Not a JSON object: "minecraft:flower_swamp"; Not a JSON object: "minecraft:swamp_tree"
[09Apr2026 18:20:28.286] [main/ERROR] [net.minecraft.world.biome.BiomeGenerationSettings/]: Feature: Not a JSON object: "minecraft:bamboo_vegetation"; Not a JSON object: "minecraft:bamboo"
[09Apr2026 18:20:28.338] [main/ERROR] [net.minecraft.world.biome.BiomeGenerationSettings/]: Feature: Not a JSON object: "minecraft:patch_pumpkin"; Not a JSON object: "minecraft:patch_sugar_cane"; Not a JSON object: "minecraft:patch_grass_jungle"; Not a JSON object: "minecraft:trees_jungle"; Not a JSON object: "minecraft:bamboo_vegetation"; Not a JSON object: "minecraft:bamboo"
[09Apr2026 18:20:28.375] [main/ERROR] [net.minecraft.world.biome.BiomeGenerationSettings/]: Feature: Not a JSON object: "minecraft:bamboo_vegetation"; Not a JSON object: "minecraft:bamboo"
[09Apr2026 18:20:28.520] [main/INFO] [com.teampotato.redirector.Redirector/]: Redirecting net/minecraft/world/GameType
[09Apr2026 18:20:28.544] [main/INFO] [TerraForged/]: Creating TerraForged level settings
[09Apr2026 18:20:28.548] [main/INFO] [com.teampotato.redirector.Redirector/]: Redirecting com/terraforged/engine/world/continent/ContinentType
[09Apr2026 18:20:28.550] [main/INFO] [com.teampotato.redirector.Redirector/]: Redirecting com/terraforged/engine/world/continent/SpawnType
[09Apr2026 18:20:28.595] [main/INFO] [TerraForged/]: Creating TerraForged chunk-generator from preset Default
[09Apr2026 18:20:28.608] [main/INFO] [com.teampotato.redirector.Redirector/]: Redirecting com/terraforged/engine/world/biome/type/BiomeType
[09Apr2026 18:20:28.899] [main/INFO] [TerraForged/]: Loading strata base decorator
[09Apr2026 18:20:28.905] [main/INFO] [com.teampotato.redirector.Redirector/]: Redirecting com/terraforged/mod/profiler/Profiler
[09Apr2026 18:20:28.916] [main/INFO] [TerraForged/]: Creating dimension: minecraft:overworld
[09Apr2026 18:20:28.918] [main/INFO] [TerraForged/]: Creating dimension: minecraft:the_nether
[09Apr2026 18:20:28.919] [main/INFO] [TerraForged/]: Creating dimension: minecraft:the_end
[09Apr2026 18:20:28.923] [main/INFO] [com.teampotato.redirector.Redirector/]: Redirecting biomesoplenty/common/world/layer/LandLayer
[09Apr2026 18:20:28.925] [main/INFO] [com.teampotato.redirector.Redirector/]: Redirecting biomesoplenty/common/world/layer/NetherBiomeLayer
[09Apr2026 18:20:28.925] [main/INFO] [com.teampotato.redirector.Redirector/]: Redirecting net/minecraft/world/gen/layer/ZoomLayer
[09Apr2026 18:20:28.936] [main/INFO] [com.teampotato.redirector.Redirector/]: Redirecting net/minecraft/world/gen/layer/LayerUtil$Type
[09Apr2026 18:20:28.937] [main/INFO] [com.teampotato.redirector.Redirector/]: Redirecting net/minecraft/world/gen/layer/AddIslandLayer
[09Apr2026 18:20:28.938] [main/INFO] [com.teampotato.redirector.Redirector/]: Redirecting biomesoplenty/common/world/layer/BOPShoreLayer
[09Apr2026 18:20:28.939] [main/INFO] [com.teampotato.redirector.Redirector/]: Redirecting net/minecraft/world/gen/layer/SmoothLayer
[09Apr2026 18:20:28.954] [main/INFO] [com.teampotato.redirector.Redirector/]: Redirecting net/minecraft/world/gen/layer/IslandLayer
[09Apr2026 18:20:28.955] [main/INFO] [com.teampotato.redirector.Redirector/]: Redirecting net/minecraft/world/gen/layer/RemoveTooMuchOceanLayer
[09Apr2026 18:20:28.955] [main/INFO] [com.teampotato.redirector.Redirector/]: Redirecting net/minecraft/world/gen/layer/OceanLayer
[09Apr2026 18:20:28.956] [main/INFO] [com.teampotato.redirector.Redirector/]: Redirecting biomesoplenty/common/world/layer/TemperatureNoiseLayer
[09Apr2026 18:20:28.957] [main/INFO] [com.teampotato.redirector.Redirector/]: Redirecting biomesoplenty/common/world/layer/RainfallNoiseLayer
[09Apr2026 18:20:28.958] [main/INFO] [com.teampotato.redirector.Redirector/]: Redirecting biomesoplenty/common/world/layer/ClimateLayer
[09Apr2026 18:20:28.959] [main/INFO] [com.teampotato.redirector.Redirector/]: Redirecting net/minecraft/world/gen/layer/AddMushroomIslandLayer
[09Apr2026 18:20:28.959] [main/INFO] [com.teampotato.redirector.Redirector/]: Redirecting biomesoplenty/common/world/layer/LargeIslandLayer
[09Apr2026 18:20:28.960] [main/INFO] [com.teampotato.redirector.Redirector/]: Redirecting net/minecraft/world/gen/layer/DeepOceanLayer
[09Apr2026 18:20:28.960] [main/INFO] [com.teampotato.redirector.Redirector/]: Redirecting biomesoplenty/common/world/layer/BOPBiomeLayer
[09Apr2026 18:20:28.961] [main/INFO] [com.teampotato.redirector.Redirector/]: Redirecting net/minecraft/world/gen/layer/AddBambooForestLayer
[09Apr2026 18:20:28.961] [main/INFO] [com.teampotato.redirector.Redirector/]: Redirecting biomesoplenty/common/world/layer/BOPBiomeEdgeLayer
[09Apr2026 18:20:28.962] [main/INFO] [com.teampotato.redirector.Redirector/]: Redirecting net/minecraft/world/gen/layer/StartRiverLayer
[09Apr2026 18:20:28.963] [main/INFO] [com.teampotato.redirector.Redirector/]: Redirecting biomesoplenty/common/world/layer/SubBiomeLayer
[09Apr2026 18:20:28.964] [main/INFO] [com.teampotato.redirector.Redirector/]: Redirecting net/minecraft/world/gen/layer/RiverLayer
[09Apr2026 18:20:28.965] [main/INFO] [com.teampotato.redirector.Redirector/]: Redirecting net/minecraft/world/gen/layer/RareBiomeLayer
[09Apr2026 18:20:28.965] [main/INFO] [com.teampotato.redirector.Redirector/]: Redirecting biomesoplenty/common/world/layer/BOPRiverMixLayer
[09Apr2026 18:20:28.966] [main/INFO] [com.teampotato.redirector.Redirector/]: Redirecting biomesoplenty/common/world/layer/BOPMixOceansLayer
[09Apr2026 18:20:28.984] [main/INFO] [com.teampotato.redirector.Redirector/]: Redirecting com/mojang/authlib/yggdrasil/YggdrasilEnvironment
[09Apr2026 18:20:28.998] [main/INFO] [com.mojang.authlib.yggdrasil.YggdrasilAuthenticationService/]: Environment: authHost='https://authserver.mojang.com', accountsHost='https://api.mojang.com', sessionHost='https://sessionserver.mojang.com', servicesHost='https://api.minecraftservices.com', name='PROD'
[09Apr2026 18:20:29.107] [main/INFO] [com.teampotato.redirector.Redirector/]: Redirecting net/minecraft/util/datafix/DefaultTypeReferences
[09Apr2026 18:20:29.174] [main/INFO] [com.teampotato.redirector.Redirector/]: Redirecting net/minecraft/resources/ResourcePackInfo$Priority
[09Apr2026 18:20:29.176] [main/INFO] [TerraForged/]: Adding DataPackFinder
[09Apr2026 18:20:29.200] [main/INFO] [com.teampotato.redirector.Redirector/]: Redirecting net/minecraft/resources/PackCompatibility
[09Apr2026 18:20:29.412] [main/INFO] [com.teampotato.redirector.Redirector/]: Redirecting net/minecraft/util/text/event/ClickEvent$Action
[09Apr2026 18:20:29.455] [main/INFO] [TerraForged/]: Registering /terra command
[09Apr2026 18:20:29.488] [main/INFO] [com.teampotato.redirector.Redirector/]: Redirecting net/geforcemods/securitycraft/commands/ConvertCommand$ConversionMode
[09Apr2026 18:20:29.496] [main/INFO] [com.teampotato.redirector.Redirector/]: Redirecting ovh/corail/tombstone/command/CommandTBKnowledge$SubCommand
[09Apr2026 18:20:29.499] [main/INFO] [com.teampotato.redirector.Redirector/]: Redirecting ovh/corail/tombstone/command/CommandTBSiege$SubCommand
[09Apr2026 18:20:29.502] [main/INFO] [com.teampotato.redirector.Redirector/]: Redirecting ovh/corail/tombstone/command/CommandTBRecovery$SubCommand
[09Apr2026 18:20:29.506] [main/INFO] [com.teampotato.redirector.Redirector/]: Redirecting ovh/corail/tombstone/command/CommandTBBind$SubCommand
[09Apr2026 18:20:29.508] [main/INFO] [com.teampotato.redirector.Redirector/]: Redirecting ovh/corail/tombstone/command/CommandTBTeleport$SubCommand
[09Apr2026 18:20:29.569] [main/WARN] [net.minecraft.command.Commands/]: Ambiguity between arguments [tb, access, pos] and [tb, access, target] with inputs: [0 0 0]
[09Apr2026 18:20:29.571] [main/WARN] [net.minecraft.command.Commands/]: Ambiguity between arguments [tb, unpack, pos] and [tb, unpack, target] with inputs: [0 0 0]
[09Apr2026 18:20:29.577] [main/WARN] [net.minecraft.command.Commands/]: Ambiguity between arguments [teleport, destination] and [teleport, targets] with inputs: [Player, 0123, @e, dd12be42-52a9-4a91-a8a1-11c01849e498]
[09Apr2026 18:20:29.579] [main/WARN] [net.minecraft.command.Commands/]: Ambiguity between arguments [teleport, location] and [teleport, destination] with inputs: [0.1 -0.5 .9, 0 0 0]
[09Apr2026 18:20:29.581] [main/WARN] [net.minecraft.command.Commands/]: Ambiguity between arguments [teleport, location] and [teleport, targets] with inputs: [0.1 -0.5 .9, 0 0 0]
[09Apr2026 18:20:29.583] [main/WARN] [net.minecraft.command.Commands/]: Ambiguity between arguments [teleport, targets] and [teleport, destination] with inputs: [Player, 0123, dd12be42-52a9-4a91-a8a1-11c01849e498]
[09Apr2026 18:20:29.585] [main/WARN] [net.minecraft.command.Commands/]: Ambiguity between arguments [teleport, targets, location] and [teleport, targets, destination] with inputs: [0.1 -0.5 .9, 0 0 0]
[09Apr2026 18:20:29.593] [main/INFO] [net.minecraft.resources.SimpleReloadableResourceManager/]: Reloading ResourceManager: Default, SkyVillage_1.0.0_1.16.5.jar, OtyacraftEngine-1.16.5-1.23.jar, opotato-1.16.5-2.3.0.jar, connectivity-2.4-1.16.5.jar, villagernames_1.16.5-4.3.jar, TerraForged-1.16.5-0.2.16.jar, Placebo-1.16.5-4.7.1.jar, modernfix-forge-5.18.0+mc1.16.5.jar, citadel-1.8.1-1.16.5.jar, alexsmobs-1.12.1.jar, YungsApi-1.16.4-Forge-13.jar, guardvillagers-1.16.5.1.2.6.jar, Hwyla-forge-1.10.11-B78_1.16.2.jar, FpsReducer-forge-1.24-mc1.16.5.jar, carryon-1.16.5-1.15.6.24 (1).jar, Paraglider-1.16.5-1.3.2.14.jar, twilightforest-1.16.5-4.0.870-universal.jar, structure_gel-1.16.5-1.7.8.jar, repurposed_structures_forge-3.4.7+1.16.5.jar, IamMusicPlayer-1.16.5-2.10.jar, getittogetherdrops-1.16.5-v1.2.jar, BiomesOPlenty-1.16.5-13.1.0.488-universal.jar, SimpleCoreLib-1.16.5-2.0.8.22.jar, Chunky-1.2.123.jar, dungeons_enhanced-1.16.5-1.9.2.jar, collective-1.16.5-5.49.jar, betterbiomeblend-1.16.4-1.2.9-forge.jar, unnamedanimalmod-1.0.0.jar, bettervillage-forge-1.16.5-3.3.1.jar, tombstone-1.16.5-6.9.7.jar, embeddiumextras-1.16.5-1.12.0.jar, OnlyLooking-1.16.5-1.0.0.jar, NDIIIAlpha4.jar, morevanillaarmor-1.16.4-1.2.6.jar, mutantmore-1.16.5-1.0.2.jar, architectury-1.32.68.jar, DynamicTrees-1.16.5-0.10.5.jar, BetterMineshafts-Forge-1.16.4-2.0.4.jar, PlayerRevive_v2.0.0-pre04_mc1.16.5.jar, THT-1.16.5-2.3.0.jar, mowziesmobs-1.5.27.jar, geckolib-forge-1.16.5-3.0.106.jar, DynamicTreesBOP-1.16.5-2.0.9.jar, CC(FG1.16.5) v1.1.6.jar, jei-1.16.5-7.8.0.1013.jar, xaerolib-forge-1.16.5-1.1.0.jar, libraryferret-forge-1.16.5-4.0.0.jar, Waystones_1.16.5-7.6.4.jar, OresAboveDiamonds-1.16.5-v6.4.1.jar, fastasyncworldsave-1.16.5-1.4.jar, TravelersBackpack-1.16.5-5.4.51.jar, NaturesCompass-1.16.5-1.9.1-forge.jar, DungeonCrawl-1.16.5-2.3.12.jar, lazydfu-0.1.3.jar, iceandfire-2.1.12-1.16.5-patch-1.jar, memoryleakfix-forge-pre1.17-1.0.0.jar, forge-1.16.5-36.2.42-universal.jar, castle_dungeons-3.3-1.16.5-forge.jar, subwild-1.3.1.jar, ironchest-1.16.5-11.2.21.jar, DungeonsArise-1.16.5-2.1.49-beta.jar, useless-sword-1.16.5-V1.3.7.jar, dungeons_1.10.3_mc1.16.5.jar, TConstruct-1.16.5-3.3.4.335.jar, BrassAmberBattleTowers-1.16.5-1.6.3.jar, morevanillalib-1.16.4-1.4.1.jar, CreativeCore_v2.2.1_mc1.16.5.jar, towers_of_the_wild-1.16.4-2.0.1.jar, Ksyxis-1.3.4.jar, Mantle-1.16.5-1.6.157.jar, Xaeros_Minimap_25.3.2_Forge_1.16.5.jar, dragonseeker-1.1.jar, [1.16.5] SecurityCraft v1.10.jar, InventoryHud_[1.16.2-1.16.5].forge-3.4.1.jar, appleskin-forge-mc1.16.x-2.5.1.jar, ferritecore-2.1.1-forge.jar, NoChatLagForge-1.1.0-1.16.jar, textrue_embeddium_options-0.1.2+mc1.16.5.jar, francium-1.16.5-1.0.1.jar, CosmeticArmorReworked-1.16.5-v5a.jar, valhelsia_core-16.0.15.jar, valhelsia_structures-1.16.5-0.1.6.jar, supertools-1.16.5-4.5.jar, xaeroworldmap-forge-1.16.5-1.40.11.jar, inventorysorter-1.16.1-18.1.0.jar
[09Apr2026 18:20:29.599] [main/INFO] [ModernFix/]: Invalidating pack caches
[09Apr2026 18:20:30.219] [Worker-Main-3/INFO] [com.teampotato.redirector.Redirector/]: Redirecting net/minecraft/command/arguments/EntityAnchorArgument$Type
[09Apr2026 18:20:31.065] [Worker-Main-2/INFO] [com.teampotato.redirector.Redirector/]: Redirecting net/minecraft/item/ItemStack$TooltipDisplayFlags
[09Apr2026 18:20:31.068] [Worker-Main-2/INFO] [com.teampotato.redirector.Redirector/]: Redirecting slimeknights/tconstruct/library/recipe/RandomItem$RandomType
[09Apr2026 18:20:31.086] [Worker-Main-2/ERROR] [net.minecraft.item.crafting.RecipeManager/]: Parsing error loading recipe useless_sword:bolloom_sword_recipe: com.google.gson.JsonSyntaxException: Unknown item 'endergetic:bolloom_balloon'
[09Apr2026 18:20:31.095] [Worker-Main-2/ERROR] [net.minecraft.item.crafting.RecipeManager/]: Parsing error loading recipe duneons:keggibscraft: com.google.gson.JsonSyntaxException: Unknown item 'duneons:deleted_mod_element_leggings'
[09Apr2026 18:20:31.097] [Worker-Main-2/ERROR] [net.minecraft.item.crafting.RecipeManager/]: Parsing error loading recipe duneons:hercospawn: com.google.gson.JsonSyntaxException: Unknown item 'duneons:deleted_mod_element'
[09Apr2026 18:20:31.100] [Worker-Main-2/ERROR] [net.minecraft.item.crafting.RecipeManager/]: Parsing error loading recipe duneons:craftbootsguard: com.google.gson.JsonSyntaxException: Unknown item 'duneons:strengtheniron'
[09Apr2026 18:20:31.100] [Worker-Main-2/ERROR] [net.minecraft.item.crafting.RecipeManager/]: Parsing error loading recipe duneons:craftdunglass2: com.google.gson.JsonSyntaxException: Unknown item 'duneons:deleted_mod_element'
[09Apr2026 18:20:31.120] [Worker-Main-2/ERROR] [net.minecraft.item.crafting.RecipeManager/]: Parsing error loading recipe useless_sword:dragonbreathdiamondswordcraft2: com.google.gson.JsonSyntaxException: Unknown item 'useless_sword:dragonbreathdiamondsword'
[09Apr2026 18:20:31.131] [Worker-Main-2/ERROR] [net.minecraft.item.crafting.RecipeManager/]: Parsing error loading recipe duneons:craftdiamonddungeonpickaxe: com.google.gson.JsonSyntaxException: Unknown item 'duneons:diamonddungeonpickaxe'
[09Apr2026 18:20:31.133] [Worker-Main-2/ERROR] [net.minecraft.item.crafting.RecipeManager/]: Parsing error loading recipe duneons:warphelemtcraft: com.google.gson.JsonSyntaxException: Unknown item 'duneons:sproutrobewarp_helmet'
[09Apr2026 18:20:31.136] [Worker-Main-2/ERROR] [net.minecraft.item.crafting.RecipeManager/]: Parsing error loading recipe duneons:ironcraftore: com.google.gson.JsonSyntaxException: Unknown item 'duneons:strengthenironore'
[09Apr2026 18:20:31.137] [Worker-Main-2/ERROR] [net.minecraft.item.crafting.RecipeManager/]: Parsing error loading recipe duneons:guardchestplatecraft: com.google.gson.JsonSyntaxException: Unknown item 'duneons:strengtheniron'
[09Apr2026 18:20:31.138] [Worker-Main-2/ERROR] [net.minecraft.item.crafting.RecipeManager/]: Parsing error loading recipe useless_sword:fiery_fossilizer_recipe: com.google.gson.JsonSyntaxException: Unknown item 'druidcraft:amber'
[09Apr2026 18:20:31.138] [Worker-Main-2/ERROR] [net.minecraft.item.crafting.RecipeManager/]: Parsing error loading recipe duneons:greensgreenslightlayer1: com.google.gson.JsonSyntaxException: Unknown item 'duneons:deleted_mod_element_chestplate'
[09Apr2026 18:20:31.139] [Worker-Main-2/ERROR] [net.minecraft.item.crafting.RecipeManager/]: Parsing error loading recipe duneons:bamboo_wood_pressure_plate_recipe: com.google.gson.JsonSyntaxException: Unknown item 'duneons:deleted_mod_element'
[09Apr2026 18:20:31.140] [Worker-Main-2/ERROR] [net.minecraft.item.crafting.RecipeManager/]: Parsing error loading recipe duneons:knighthelmetcraft: com.google.gson.JsonSyntaxException: Unknown item 'duneons:deleted_mod_element_helmet'
[09Apr2026 18:20:31.143] [Worker-Main-2/ERROR] [net.minecraft.item.crafting.RecipeManager/]: Parsing error loading recipe duneons:brickercolon: com.google.gson.JsonSyntaxException: Unknown item 'duneons:deleted_mod_element'
[09Apr2026 18:20:31.144] [Worker-Main-2/ERROR] [net.minecraft.item.crafting.RecipeManager/]: Parsing error loading recipe useless_sword:neptunium_grab_sword_recipe: com.google.gson.JsonSyntaxException: Unknown item 'aquaculture:iron_hook'
[09Apr2026 18:20:31.152] [Worker-Main-2/ERROR] [net.minecraft.item.crafting.RecipeManager/]: Parsing error loading recipe duneons:craftsandctatue: com.google.gson.JsonSyntaxException: Unknown item 'duneons:deleted_mod_element'
[09Apr2026 18:20:31.154] [Worker-Main-2/ERROR] [net.minecraft.item.crafting.RecipeManager/]: Parsing error loading recipe duneons:bamboo_wood_fence_recipe: com.google.gson.JsonSyntaxException: Unknown item 'duneons:deleted_mod_element'
[09Apr2026 18:20:31.155] [Worker-Main-2/ERROR] [net.minecraft.item.crafting.RecipeManager/]: Parsing error loading recipe useless_sword:claymore_of_the_sea_recipe: com.google.gson.JsonSyntaxException: Unknown item 'upgrade_aquatic:thrasher_tooth'
[09Apr2026 18:20:31.166] [Worker-Main-2/ERROR] [net.minecraft.item.crafting.RecipeManager/]: Parsing error loading recipe duneons:vancraftpotion: com.google.gson.JsonSyntaxException: Unknown item 'duneons:deleted_mod_element'
[09Apr2026 18:20:31.167] [Worker-Main-2/ERROR] [net.minecraft.item.crafting.RecipeManager/]: Parsing error loading recipe duneons:craftiron: com.google.gson.JsonSyntaxException: Unknown item 'duneons:strengthenironore'
[09Apr2026 18:20:31.168] [Worker-Main-2/ERROR] [net.minecraft.item.crafting.RecipeManager/]: Parsing error loading recipe duneons:hatguard: com.google.gson.JsonSyntaxException: Unknown item 'duneons:strengtheniron'
[09Apr2026 18:20:31.170] [Worker-Main-2/ERROR] [net.minecraft.item.crafting.RecipeManager/]: Parsing error loading recipe duneons:craftswordlot: com.google.gson.JsonSyntaxException: Unknown item 'duneons:deleted_mod_element'
[09Apr2026 18:20:31.175] [Worker-Main-2/ERROR] [net.minecraft.item.crafting.RecipeManager/]: Parsing error loading recipe duneons:bamboo_wood_slab_recipe: com.google.gson.JsonSyntaxException: Unknown item 'duneons:deleted_mod_element'
[09Apr2026 18:20:31.175] [Worker-Main-2/ERROR] [net.minecraft.item.crafting.RecipeManager/]: Parsing error loading recipe duneons:axecraft: com.google.gson.JsonSyntaxException: Unknown item 'duneons:strengtheniron'
[09Apr2026 18:20:31.185] [Worker-Main-2/ERROR] [net.minecraft.item.crafting.RecipeManager/]: Parsing error loading recipe duneons:craftvangardsworfd: com.google.gson.JsonSyntaxException: Unknown item 'duneons:deleted_mod_element'
[09Apr2026 18:20:31.186] [Worker-Main-2/ERROR] [net.minecraft.item.crafting.RecipeManager/]: Parsing error loading recipe duneons:goldorecraft: com.google.gson.JsonSyntaxException: Unknown item 'duneons:strengthengoldore'
[09Apr2026 18:20:31.188] [Worker-Main-2/ERROR] [net.minecraft.item.crafting.RecipeManager/]: Parsing error loading recipe useless_sword:gloomy_shredder_recipe: com.google.gson.JsonSyntaxException: Unknown item 'savageandravage:gloomy_tiles'
[09Apr2026 18:20:31.189] [Worker-Main-2/ERROR] [net.minecraft.item.crafting.RecipeManager/]: Parsing error loading recipe useless_sword:refined_radiance_glaive_recipe: com.google.gson.JsonSyntaxException: Unknown item 'create:refined_radiance'
[09Apr2026 18:20:31.190] [Worker-Main-2/ERROR] [net.minecraft.item.crafting.RecipeManager/]: Parsing error loading recipe useless_sword:message_in_a_sword_recipe: com.google.gson.JsonSyntaxException: Unknown item 'aquaculture:message_in_a_bottle'
[09Apr2026 18:20:31.191] [Worker-Main-2/ERROR] [net.minecraft.item.crafting.RecipeManager/]: Parsing error loading recipe duneons:bamboo_wood_planks_recipe: com.google.gson.JsonSyntaxException: Unknown item 'duneons:deleted_mod_element'
[09Apr2026 18:20:31.197] [Worker-Main-2/ERROR] [net.minecraft.item.crafting.RecipeManager/]: Parsing error loading recipe duneons:craftknightchestplate: com.google.gson.JsonSyntaxException: Unknown item 'duneons:strengtheniron'
[09Apr2026 18:20:31.198] [Worker-Main-2/ERROR] [net.minecraft.item.crafting.RecipeManager/]: Parsing error loading recipe useless_sword:venomous_slapper_recipe: com.google.gson.JsonSyntaxException: Unknown item 'upgrade_aquatic:lionfish'
[09Apr2026 18:20:31.200] [Worker-Main-2/ERROR] [net.minecraft.item.crafting.RecipeManager/]: Parsing error loading recipe useless_sword:copper_jigsaw_slicer_recipe: com.google.gson.JsonSyntaxException: Unknown item 'create:mechanical_saw'
[09Apr2026 18:20:31.202] [Worker-Main-2/ERROR] [net.minecraft.item.crafting.RecipeManager/]: Parsing error loading recipe duneons:bamboo_wood_button_recipe: com.google.gson.JsonSyntaxException: Unknown item 'duneons:deleted_mod_element'
[09Apr2026 18:20:31.204] [Worker-Main-2/ERROR] [net.minecraft.item.crafting.RecipeManager/]: Parsing error loading recipe duneons:rubycraft: com.google.gson.JsonSyntaxException: Unknown item 'duneons:ruby'
[09Apr2026 18:20:31.208] [Worker-Main-2/ERROR] [net.minecraft.item.crafting.RecipeManager/]: Parsing error loading recipe duneons:bamboo_wood_stairs_recipe: com.google.gson.JsonSyntaxException: Unknown item 'duneons:deleted_mod_element'
[09Apr2026 18:20:31.211] [Worker-Main-2/ERROR] [net.minecraft.item.crafting.RecipeManager/]: Parsing error loading recipe duneons:minecarcraft: com.google.gson.JsonSyntaxException: Unknown item 'duneons:deleted_mod_element'
[09Apr2026 18:20:31.214] [Worker-Main-2/ERROR] [net.minecraft.item.crafting.RecipeManager/]: Parsing error loading recipe duneons:endercraft3: com.google.gson.JsonSyntaxException: Unknown item 'duneons:enderarmor_leggings'
[09Apr2026 18:20:31.216] [Worker-Main-2/ERROR] [net.minecraft.item.crafting.RecipeManager/]: Parsing error loading recipe useless_sword:gaia_claymore_recipe: com.google.gson.JsonSyntaxException: Unknown item 'botania:gaia_ingot'
[09Apr2026 18:20:31.217] [Worker-Main-2/ERROR] [net.minecraft.item.crafting.RecipeManager/]: Parsing error loading recipe useless_sword:weed_foil_recipe: com.google.gson.JsonSyntaxException: Unknown item 'druidcraft:oak_small_beam'
[09Apr2026 18:20:31.219] [Worker-Main-2/ERROR] [net.minecraft.item.crafting.RecipeManager/]: Parsing error loading recipe useless_sword:booflo_blade_recipe: com.google.gson.JsonSyntaxException: Unknown item 'endergetic:booflo_hide'
[09Apr2026 18:20:31.219] [Worker-Main-2/ERROR] [net.minecraft.item.crafting.RecipeManager/]: Parsing error loading recipe duneons:bamboo_wood_fence_gate_recipe: com.google.gson.JsonSyntaxException: Unknown item 'duneons:deleted_mod_element'
[09Apr2026 18:20:31.231] [Worker-Main-2/ERROR] [net.minecraft.item.crafting.RecipeManager/]: Parsing error loading recipe duneons:craftruby2: com.google.gson.JsonSyntaxException: Unknown item 'duneons:rubyblock'
[09Apr2026 18:20:31.233] [Worker-Main-2/ERROR] [net.minecraft.item.crafting.RecipeManager/]: Parsing error loading recipe useless_sword:pike_slapper_recipe: com.google.gson.JsonSyntaxException: Unknown item 'upgrade_aquatic:pike'
[09Apr2026 18:20:31.234] [Worker-Main-2/ERROR] [net.minecraft.item.crafting.RecipeManager/]: Parsing error loading recipe duneons:craftgold: com.google.gson.JsonSyntaxException: Unknown item 'duneons:strengthengoldore'
[09Apr2026 18:20:31.242] [Worker-Main-2/ERROR] [net.minecraft.item.crafting.RecipeManager/]: Parsing error loading recipe useless_sword:chocolate_sword_recipe: com.google.gson.JsonSyntaxException: Unknown item 'create:bar_of_chocolate'
[09Apr2026 18:20:31.245] [Worker-Main-2/ERROR] [net.minecraft.item.crafting.RecipeManager/]: Parsing error loading recipe useless_sword:rotten_fish_rapier_recipe: com.google.gson.JsonSyntaxException: Unknown item 'aquaculture:fish_bones'
[09Apr2026 18:20:31.247] [Worker-Main-2/ERROR] [net.minecraft.item.crafting.RecipeManager/]: Parsing error loading recipe useless_sword:sword_of_fate_recipe: com.google.gson.JsonSyntaxException: Unknown item 'botania:dice'
[09Apr2026 18:20:31.251] [Worker-Main-2/ERROR] [net.minecraft.item.crafting.RecipeManager/]: Parsing error loading recipe duneons:bamboo_wood_stick_recipe: com.google.gson.JsonSyntaxException: Unknown item 'duneons:deleted_mod_element'
[09Apr2026 18:20:31.254] [Worker-Main-2/ERROR] [net.minecraft.item.crafting.RecipeManager/]: Parsing error loading recipe duneons:logcoconutcraft: com.google.gson.JsonSyntaxException: Unknown item 'duneons:logcoconut'
[09Apr2026 18:20:31.254] [Worker-Main-2/ERROR] [net.minecraft.item.crafting.RecipeManager/]: Parsing error loading recipe duneons:ice_oak_fence_recipe: com.google.gson.JsonSyntaxException: Unknown item 'duneons:deleted_mod_element'
[09Apr2026 18:20:31.256] [Worker-Main-2/ERROR] [net.minecraft.item.crafting.RecipeManager/]: Parsing error loading recipe useless_sword:end_pyro_sword_recipe: com.google.gson.JsonSyntaxException: Unknown item 'endergetic:eumus'
[09Apr2026 18:20:31.259] [Worker-Main-2/ERROR] [net.minecraft.item.crafting.RecipeManager/]: Parsing error loading recipe useless_sword:elven_stripper_recipe: com.google.gson.JsonSyntaxException: Unknown item 'botania:dragonstone'
[09Apr2026 18:20:31.261] [Worker-Main-2/ERROR] [net.minecraft.item.crafting.RecipeManager/]: Parsing error loading recipe duneons:bamboo_wood_wood_recipe: com.google.gson.JsonSyntaxException: Unknown item 'duneons:deleted_mod_element'
[09Apr2026 18:20:31.262] [Worker-Main-2/ERROR] [net.minecraft.item.crafting.RecipeManager/]: Parsing error loading recipe duneons:craftexo3: com.google.gson.JsonSyntaxException: Unknown item 'duneons:mercenary_armor_boots'
[09Apr2026 18:20:31.263] [Worker-Main-2/ERROR] [net.minecraft.item.crafting.RecipeManager/]: Parsing error loading recipe useless_sword:ravager_sword_craft_2: com.google.gson.JsonSyntaxException: Unknown item 'quark:ravager_hide'
[09Apr2026 18:20:31.264] [Worker-Main-2/ERROR] [net.minecraft.item.crafting.RecipeManager/]: Parsing error loading recipe duneons:opuletcraft: com.google.gson.JsonSyntaxException: Unknown item 'duneons:opulentarmor_helmet'
[09Apr2026 18:20:31.271] [Worker-Main-2/ERROR] [net.minecraft.item.crafting.RecipeManager/]: Parsing error loading recipe duneons:rubyblockcraft1: com.google.gson.JsonSyntaxException: Unknown item 'duneons:ruby'
[09Apr2026 18:20:31.273] [Worker-Main-2/ERROR] [net.minecraft.item.crafting.RecipeManager/]: Parsing error loading recipe duneons:sapfireswordcraft: com.google.gson.JsonSyntaxException: Unknown item 'duneons:sapfirevert'
[09Apr2026 18:20:31.282] [Worker-Main-2/ERROR] [net.minecraft.item.crafting.RecipeManager/]: Parsing error loading recipe useless_sword:terra_bladed_chakram_recipe: com.google.gson.JsonSyntaxException: Unknown item 'botania:terrasteel_ingot'
[09Apr2026 18:20:31.283] [Worker-Main-2/ERROR] [net.minecraft.item.crafting.RecipeManager/]: Parsing error loading recipe useless_sword:griefer_striker_recipe: com.google.gson.JsonSyntaxException: Unknown item 'savageandravage:blast_proof_plating'
[09Apr2026 18:20:31.285] [Worker-Main-2/ERROR] [net.minecraft.item.crafting.RecipeManager/]: Parsing error loading recipe duneons:furcraft: com.google.gson.JsonSyntaxException: Unknown item 'duneons:deleted_mod_element_chestplate'
[09Apr2026 18:20:31.286] [Worker-Main-2/ERROR] [net.minecraft.item.crafting.RecipeManager/]: Parsing error loading recipe useless_sword:chitin_stinger_recipe: com.google.gson.JsonSyntaxException: Unknown item 'druidcraft:chitin'
[09Apr2026 18:20:31.288] [Worker-Main-2/ERROR] [net.minecraft.item.crafting.RecipeManager/]: Parsing error loading recipe useless_sword:brass_head_turner_recipe: com.google.gson.JsonSyntaxException: Unknown item 'create:turntable'
[09Apr2026 18:20:31.291] [Worker-Main-2/INFO] [net.minecraft.item.crafting.RecipeManager/]: Loaded 22 recipes
[09Apr2026 18:20:31.331] [Worker-Main-2/INFO] [com.teampotato.redirector.Redirector/]: Redirecting net/minecraft/loot/functions/CopyName$Source
[09Apr2026 18:20:31.342] [Worker-Main-2/ERROR] [net.minecraft.loot.LootTableManager/]: Couldn't parse loot table minecraft:librain_loot: com.google.gson.JsonSyntaxException: Expected name to be an item, was unknown string 'duneons:deleted_mod_element'
[09Apr2026 18:20:31.369] [Worker-Main-2/INFO] [com.teampotato.redirector.Redirector/]: Redirecting net/minecraft/loot/functions/CopyNbt$Source
[09Apr2026 18:20:31.371] [Worker-Main-2/INFO] [com.teampotato.redirector.Redirector/]: Redirecting net/minecraft/loot/functions/CopyNbt$Action
[09Apr2026 18:20:31.391] [Worker-Main-2/INFO] [com.teampotato.redirector.Redirector/]: Redirecting net/minecraft/world/storage/MapDecoration$Type
[09Apr2026 18:20:32.010] [Worker-Main-2/WARN] [net.minecraft.loot.LootTableManager/]: Found validation problem in {minecraft:chests/pillager_outpost}.pools[8].entries[0].functions[2]: Parameters [<parameter minecraft:tool>] are not provided in this context
[09Apr2026 18:20:32.010] [Worker-Main-2/WARN] [net.minecraft.loot.LootTableManager/]: Found validation problem in {alexsmobs:gameplay/seal_reward}.pools[0].entries[1].functions[0]: Parameters [<parameter minecraft:origin>] are not provided in this context
[09Apr2026 18:20:32.010] [Worker-Main-2/WARN] [net.minecraft.loot.LootTableManager/]: Found validation problem in {dungeons_arise:chests/illager_campsite/illager_campsite_tent}.pools[5].entries[0]->{minecraft:chests/pillager_outpost}.pools[8].entries[0].functions[2]: Parameters [<parameter minecraft:tool>] are not provided in this context
[09Apr2026 18:20:32.011] [Worker-Main-2/WARN] [net.minecraft.loot.LootTableManager/]: Found validation problem in {dungeons_arise:chests/campsite_tent}.pools[6].entries[0]->{minecraft:chests/pillager_outpost}.pools[8].entries[0].functions[2]: Parameters [<parameter minecraft:tool>] are not provided in this context
[09Apr2026 18:20:32.011] [Worker-Main-2/WARN] [net.minecraft.loot.LootTableManager/]: Found validation problem in {dungeons_arise:chests/illager_campsite/illager_campsite_map}.pools[7].entries[0]->{minecraft:chests/pillager_outpost}.pools[8].entries[0].functions[2]: Parameters [<parameter minecraft:tool>] are not provided in this context
[09Apr2026 18:20:32.013] [Worker-Main-2/INFO] [placebo/]: Registered 0 additional loot tables.
[09Apr2026 18:20:32.013] [Worker-Main-2/ERROR] [net.minecraft.resources.FunctionReloader/]: Failed to load function duneons:nameless_clones
java.util.concurrent.CompletionException: java.lang.IllegalArgumentException: Unknown or invalid command '/summon duneons:namelessclone' on line 2 (did you mean 'summon'? Do not use a preceding forwards slash.)
	at java.util.concurrent.CompletableFuture.encodeThrowable(CompletableFuture.java:314) ~[?:?]
	at java.util.concurrent.CompletableFuture.completeThrowable(CompletableFuture.java:319) [?:?]
	at java.util.concurrent.CompletableFuture$AsyncSupply.run(CompletableFuture.java:1702) [?:?]
	at java.util.concurrent.CompletableFuture$AsyncSupply.exec(CompletableFuture.java:1692) [?:?]
	at java.util.concurrent.ForkJoinTask.doExec(ForkJoinTask.java:290) [?:?]
	at java.util.concurrent.ForkJoinPool$WorkQueue.topLevelExec(ForkJoinPool.java:1020) [?:?]
	at java.util.concurrent.ForkJoinPool.scan(ForkJoinPool.java:1656) [?:?]
	at java.util.concurrent.ForkJoinPool.runWorker(ForkJoinPool.java:1594) [?:?]
	at java.util.concurrent.ForkJoinWorkerThread.run(ForkJoinWorkerThread.java:183) [?:?]
Caused by: java.lang.IllegalArgumentException: Unknown or invalid command '/summon duneons:namelessclone' on line 2 (did you mean 'summon'? Do not use a preceding forwards slash.)
	at net.minecraft.command.FunctionObject.func_237140_a_(SourceFile:50) ~[?:?]
	at net.minecraft.resources.FunctionReloader.func_240935_a_(SourceFile:86) ~[?:?]
	at java.util.concurrent.CompletableFuture$AsyncSupply.run(CompletableFuture.java:1700) ~[?:?]
	... 6 more
[09Apr2026 18:20:32.024] [Worker-Main-2/INFO] [com.teampotato.redirector.Redirector/]: Redirecting net/minecraft/advancements/FrameType
[09Apr2026 18:20:32.076] [Worker-Main-2/ERROR] [net.minecraft.advancements.AdvancementManager/]: Parsing error loading custom advancement useless_sword:swordmaster: Expected item to be an item, was unknown string 'useless_sword:withersword'
[09Apr2026 18:20:32.086] [Worker-Main-2/ERROR] [net.minecraft.advancements.AdvancementManager/]: Parsing error loading custom advancement twilightforest:alt/compat/tconstruct: Unknown item id 'tconstruct:book'
[09Apr2026 18:20:32.280] [Worker-Main-2/INFO] [net.minecraft.advancements.AdvancementList/]: Loaded 3007 advancements
[09Apr2026 18:20:32.284] [Worker-Main-2/INFO] [placebo/]: Registered 0 additional recipes.
[09Apr2026 18:20:32.284] [Worker-Main-2/INFO] [Dungeon Crawl/]: Loading data...
[09Apr2026 18:20:32.297] [Worker-Main-2/INFO] [com.teampotato.redirector.Redirector/]: Redirecting xiroc/dungeoncrawl/dungeon/model/DungeonModelBlockType
[09Apr2026 18:20:32.577] [Worker-Main-2/INFO] [com.teampotato.redirector.Redirector/]: Redirecting xiroc/dungeoncrawl/dungeon/DungeonLayerType
[09Apr2026 18:20:32.678] [Worker-Main-2/INFO] [Dungeon Crawl/]: Done.
[09Apr2026 18:20:32.699] [Worker-Main-2/ERROR] [bettervillage/]: Ice And Fire compatibility is not enabled for Better Village and Ice And Fire is present in your mod list.
     - Please install the datapack for better compatibility between Better Villages and Ice And Fire.
     - You can find the datapack URL in the `compatibility` section of the Better Villages description.
     - URL=https://www.curseforge.com/minecraft/mc-mods/better-village-forge
[09Apr2026 18:20:32.709] [Worker-Main-2/ERROR] [com.ferreusveritas.dynamictrees.api.resource.loading.preparation.JsonRegistryResourceLoader/]: Error whilst loading type "Family" with name "dtbop:burnt": [common_leaves] Could not find LeavesProperties for registry name 'dtbop:burnt'.
[09Apr2026 18:20:32.745] [Worker-Main-2/WARN] [com.ferreusveritas.dynamictrees.api.resource.loading.preparation.JsonRegistryResourceLoader/]: Warning whilst loading type "Species" with name "dtbop:short_jungle": [features] Gen Feature couldn't be found from input "null".
[09Apr2026 18:20:32.849] [Worker-Main-2/INFO] [com.teampotato.redirector.Redirector/]: Redirecting com/ferreusveritas/dynamictrees/worldgen/deserialisation/JsonMath$MathFunction
[09Apr2026 18:20:32.897] [Worker-Main-2/INFO] [slimeknights.tconstruct.library.materials.definition.MaterialManager/]: Loaded 49 materials in 7.686677 ms
[09Apr2026 18:20:32.909] [Worker-Main-2/INFO] [slimeknights.tconstruct.library.materials.stats.MaterialStatsManager/]: 128 stats loaded for 67 materials in 11.769832 ms
[09Apr2026 18:20:32.922] [Worker-Main-2/INFO] [slimeknights.tconstruct.library.materials.traits.MaterialTraitsManager/]: 56 traits loaded for 67 materials in 12.267806 ms
[09Apr2026 18:20:32.938] [Worker-Main-2/INFO] [slimeknights.tconstruct.library.tools.layout.StationSlotLayoutLoader/]: Loaded 15 station slot layouts in 14.093713 ms
[09Apr2026 18:20:32.962] [main/INFO] [TerraForged/]: Tags Reloaded
[09Apr2026 18:20:32.970] [main/INFO] [STDOUT/]: [tschipp.carryon.common.handler.ListHandler:initConfigLists:282]: [forge:glass_panes/magenta, valhelsia_structures:jars, forge:storage_blocks/netherite, forge:glass_panes/white, biomesoplenty:hellbark_logs, tconstruct:slimy_leaves, forge:glass_panes/light_gray, securitycraft:reinforced/sand, ba_bt:platinum_blocks, alexsmobs:roadrunner_spawns, tconstruct:harvestable/stackable, tconstruct:slimy_nylium, minecraft:dragon_immune, forge:glass/pink, forge:chests, forge:storage_blocks/emerald, forge:ores/redstone, tconstruct:foundry/floor, tconstruct:harvestable, tconstruct:foundry/tanks, forge:glass/red, twilightforest:structure_banned_interactions, forge:glass_panes/green, carryon:block_blacklist, minecraft:prevent_mob_spawning_inside, forge:chests/trapped, structure_gel:gel, forge:fence_gates, forge:storage_blocks/carminite, tconstruct:scorched_blocks, twilightforest:portal/fluid, forge:storage_blocks/arctic_fur, forge:sandstone, ceramics:cistern_connections, forge:storage_blocks/copper, forge:glass_panes/colorless, securitycraft:reinforced/crimson_stems, twilightforest:canopy_logs, forge:storage_blocks/steeleaf, twilightforest:antibuilder_ignores, dynamictrees:branches, twilightforest:dark_tower_excluded_pots, forge:storage_blocks/lapis, minecraft:beds, tconstruct:seared_bricks, forge:ores/diamond, minecraft:doors, tconstruct:slimy_soil/vanilla, minecraft:infiniburn_overworld, minecraft:flower_pots, twilightforest:annihilation_inclusions, twilightforest:trophies, tombstone:grave_marbles, alexsmobs:seal_digables, forge:glass/white, dynamictrees:branches_that_burn, forge:glass_panes/red, minecraft:signs, biomesoplenty:willow_logs, minecraft:wither_summon_base_blocks, alexsmobs:mimic_octopus_spawns, minecraft:hoglin_repellents, twilightforest:towerwood, tht:air_blocks, supertools:can_hammer, forge:sand/colorless, securitycraft:reinforced/warped_stems, securitycraft:reinforced/walls, alexsmobs:komodo_dragon_spawns, alexsmobs:mantis_shrimp_spawns, tconstruct:harvestable/crops, twilightforest:fire_jet_fuel, minecraft:soul_speed_blocks, twilightforest:antibuilder_blacklist, securitycraft:reinforced/wooden_slabs, alexsmobs:lobster_spawns, minecraft:walls, tconstruct:slimy_logs, minecraft:coral_blocks, tconstruct:slimy_grass, forge:glass/green, alexsmobs:cachalot_whale_breakables, tconstruct:slimy_soil/ender, valhelsia_structures:colored_jars, minecraft:underwater_bonemeals, securitycraft:secret_standing_signs, tombstone:player_graves, minecraft:impermeable, minecraft:sand, forge:end_stones, biomesoplenty:fir_logs, forge:wg_stone, forge:fences/wooden, sereneseasons:summer_crops, forge:wg_sediment, minecraft:campfires, forge:storage_blocks, minecraft:infiniburn_nether, tconstruct:fuel_tanks, forge:glass_panes/orange, tconstruct:slimy_soil, forge:ores/quartz, forge:ores/cobalt, forge:glass/blue, minecraft:wooden_trapdoors, securitycraft:reinforced/wooden_buttons, forge:storage_blocks/coal, forge:glass/light_blue, forge:storage_blocks/redstone, paraglider:statues, twilightforest:ore_magnet/minecraft/stone, minecraft:stairs, alexsmobs:grizzly_beehive, sereneseasons:unbreakable_infertile_crops, minecraft:logs, securitycraft:reinforced/planks, alexsmobs:crocodile_spawns, minecraft:valid_spawn, minecraft:mushroom_grow_block, minecraft:wooden_doors, supertools:can_shovel, sereneseasons:autumn_crops, tconstruct:planklike, subwild:gold_ores, forge:glass/purple, minecraft:crimson_stems, forge:storage_blocks/ironwood, alexsmobs:gorilla_breakables, tconstruct:slime_block, minecraft:beacon_base_blocks, securitycraft:secret_wall_signs, tconstruct:scorched_tanks, alexsmobs:orca_breakables, twilightforest:darkwood_logs, dynamictrees:stripped_branches_that_burn, securitycraft:secret_signs, minecraft:anvil, forge:sand, minecraft:wall_corals, securitycraft:reinforced/jungle_logs, alexsmobs:elephant_foodblocks, forge:ores/gold, forge:storage_blocks/hepatizon, securitycraft:reinforced/wooden_fences, minecraft:piglin_repellents, twilightforest:fences, biomesoplenty:palm_logs, forge:glass/black, minecraft:portals, securitycraft:reinforced/spruce_logs, forge:fences/nether_brick, forge:glass/lime, forge:chests/wooden, forge:ores/iron, twilightforest:logs, dynamictrees:fungus_caps, minecraft:wooden_stairs, securitycraft:reinforced/stone_bricks, minecraft:base_stone_overworld, minecraft:carpets, minecraft:wooden_buttons, biomesoplenty:umbran_logs, alexsmobs:crow_foodblocks, forge:storage_blocks/glowstone, minecraft:stone_bricks, forge:storage_blocks/quartz, forge:prismarine, forge:glass/orange, tht:list_blocks, securitycraft:reinforced/terracotta, dynamictrees:fungus_branches, minecraft:slabs, minecraft:guarded_by_piglins, forge:ores/emerald, securitycraft:reinforced/stone_pressure_plates, tconstruct:congealed_slime, subwild:coal_ores, minecraft:corals, minecraft:buttons, minecraft:rails, securitycraft:reinforced/buttons, forge:barrels/wooden, tconstruct:harvestable/interact, tconstruct:slimy_grass/earth, minecraft:strider_warm_blocks, minecraft:bee_growables, minecraft:wooden_pressure_plates, subwild:lapis_ores, minecraft:tall_flowers, biomesoplenty:redwood_logs, biomesoplenty:jacaranda_logs, tconstruct:heater_controllers, minecraft:stone_pressure_plates, minecraft:gold_ores, valhelsia_structures:posts, forge:glass_panes/pink, tconstruct:smeltery, forge:netherrack, securitycraft:reinforced/carpets, dynamictrees:wart_blocks, minecraft:soul_fire_base_blocks, securitycraft:reinforced/oak_logs, forge:clean_endstone, tombstone:decorative_graves, twilightforest:twilight_oak_logs, securitycraft:reinforced/wool, forge:gravel, forge:glass_panes/cyan, biomesoplenty:magic_logs, minecraft:wool, forge:glass/colorless, minecolonies:protectionexception, forge:glass_panes/light_blue, minecraft:beehives, twilightforest:timewood_logs, minecraft:ice, forge:ores/netherite_scrap, minecraft:crops, forge:netherbricks, alexsmobs:alligator_snapping_turtle_spawns, forge:stained_glass, subwild:diamond_ores, minecraft:warped_stems, forge:storage_blocks/iron, securitycraft:reinforced/cobblestone, tconstruct:smeltery/tanks, forge:glass_panes/brown, twilightforest:mangrove_logs, minecraft:climbable, twilightforest:sortwood_logs, minecraft:dark_oak_logs, minecraft:coral_plants, forge:glass_panes, minecraft:non_flammable_wood, forge:braziers, tconstruct:chrysophilite_ores, securitycraft:reinforced/ice, forge:slime_block, tconstruct:seared_blocks, paraglider:statues/goddess, alexsmobs:drops_bananas, tconstruct:slimy_soil/earth, forge:storage_blocks/soulsteel, twilightforest:mining_logs, securitycraft:reinforced/fences, minecraft:fences, minecraft:saplings, forge:ores/copper, minecraft:mineable/pickaxe, forge:storage_blocks/knightmetal, minecraft:unstable_bottom_center, minecraft:enderman_holdable, minecraft:banners, subwild:redstone_ores, minecraft:wooden_fences, forge:storage_blocks/knightslime, alexsmobs:rattlesnake_spawns, minecraft:wall_post_override, tconstruct:anvil_metal, subwild:emerald_ores, twilightforest:transwood_logs, forge:obsidian, tconstruct:slimy_nylium/ichor, forge:enderman_place_on_blacklist, forge:storage_blocks/fiery, biomesoplenty:mahogany_logs, alexsmobs:kangaroo_spawns, securitycraft:reinforced/stone, twilightforest:ore_magnet/minecraft/end_stone, forge:glass/magenta, forge:ores/coal, minecraft:fire, minecraft:base_stone_nether, minecraft:wall_signs, tconstruct:seared_tanks, securitycraft:reinforced/dark_oak_logs, carryon:block_whitelist, subwild:iron_ores, alexsmobs:drops_acacia_blossoms, securitycraft:reinforced/wooden_stairs, minecraft:trapdoors, tconstruct:smeltery/floor, tconstruct:slimy_grass/sky, forge:glass/cyan, alexsmobs:crow_fears, forge:glass, forge:ores/ironwood, securitycraft:reinforced/nylium, tconstruct:skyroot_logs, tconstruct:slimy_soil/sky, subwild:molten_blocks, minecraft:leaves, forge:storage_blocks/rose_gold, forge:glass_panes/gray, minecraft:wither_immune, minecraft:acacia_logs, forge:storage_blocks/silicon_bronze, tconstruct:slimy_tree_trunks, forge:stained_glass_panes, capsule:excluded, forge:storage_blocks/queens_slime, forge:sand/red, alexsmobs:emu_spawns, forge:workbenches, forge:glass/brown, minecraft:logs_that_burn, minecraft:needs_iron_tool, forge:glass/gray, forge:magma_block, forge:glass/light_gray, twilightforest:ore_magnet/minecraft/netherrack, minecraft:wooden_slabs, alexsmobs:platypus_spawns, securitycraft:reinforced/logs, minecraft:small_flowers, forge:glass_panes/black, securitycraft:reinforced/dirt, securitycraft:reinforced/wooden_fence_gates, forge:ores/knightmetal, sereneseasons:winter_crops, forge:glass_panes/blue, twilightforest:portal/decoration, tconstruct:slimy_nylium/blood, tconstruct:bloodshroom_logs, tconstruct:tables, tconstruct:slimy_saplings, twilightforest:fence_gates, twilightforest:ore_magnet/ore_safe_replace_block, forge:stone, dynamictrees:foliage, minecraft:standing_signs, minecraft:infiniburn_end, dynamictrees:stripped_branches, securitycraft:reinforced/end_stones, forge:glass_panes/yellow, alexsmobs:soul_vulture_spawns, securitycraft:reinforced/stairs, biomesoplenty:cherry_logs, minecraft:wart_blocks, alexsmobs:leafcutter_ant_breakables, tconstruct:tree_log, subwild:speleothems, alexsmobs:seal_spawns, minecraft:shulker_boxes, alexsmobs:mungus_replace_mushroom, valhelsia_structures:cut_posts, twilightforest:ore_magnet/twilightforest/root, forge:ores/silver, minecraft:birch_logs, securitycraft:reinforced/cobweb, tconstruct:slimy_planks, tconstruct:slimy_grass/ender, iceandfire:myrmex_harvestables, forge:glass_panes/purple, tconstruct:slimy_soil/ichor, forge:glass/yellow, dynamictrees:saplings, forge:wg_clay, twilightforest:ore_magnet/block_replace_ore, minecraft:oak_logs, forge:barrels, forge:wg_erodible, forge:ores/lapis, biomesoplenty:dead_logs, securitycraft:reinforced/wooden_pressure_plates, alexsmobs:mungus_replace_nether, forge:storage_blocks/slimesteel, securitycraft:reinforced/slabs, forge:dirt, minecraft:bamboo_plantable_on, dynamictrees:leaves, forge:storage_blocks/pig_iron, minecraft:pressure_plates, minecraft:jungle_logs, tombstone:graves, forge:chests/ender, forge:wg_dirt, minecraft:spruce_logs, forge:fence_gates/wooden, securitycraft:reinforced/birch_logs, forge:glass_panes/lime, forge:storage_blocks/manyullyn, sereneseasons:spring_crops, tconstruct:foundry/wall, tconstruct:smeltery/wall, dynamictrees:stripped_fungus_branches, tconstruct:greenheart_logs, forge:bone_block, twilightforest:carminite_reactor_immune, twilightforest:portal/edge, minecraft:flowers, forge:storage_blocks/cobalt, alexsmobs:void_worm_breakables, minecraft:planks, forge:cobblestone, securitycraft:reinforced/acacia_logs, alexsmobs:soul_vulture_perches, forge:storage_blocks/gold, minecraft:fence_gates, tconstruct:foundry, forge:ores, tconstruct:alloyer_tanks, forge:fences, securitycraft:reinforced/glass_panes, valhelsia_structures:non_flammable_posts, forge:storage_blocks/diamond, minecraft:nylium, subwild:foxfire, alexsmobs:warped_mosco_breakables, forge:terracotta, securitycraft:reinforced/pressure_plates]
[09Apr2026 18:20:32.970] [main/INFO] [TerraForged/]: Tags Reloaded
[09Apr2026 18:20:32.974] [main/INFO] [STDOUT/]: [tschipp.carryon.common.handler.ListHandler:initConfigLists:282]: [forge:glass_panes/magenta, valhelsia_structures:jars, forge:storage_blocks/netherite, forge:glass_panes/white, biomesoplenty:hellbark_logs, tconstruct:slimy_leaves, forge:glass_panes/light_gray, securitycraft:reinforced/sand, ba_bt:platinum_blocks, alexsmobs:roadrunner_spawns, tconstruct:harvestable/stackable, tconstruct:slimy_nylium, minecraft:dragon_immune, forge:glass/pink, forge:chests, forge:storage_blocks/emerald, forge:ores/redstone, tconstruct:foundry/floor, tconstruct:harvestable, tconstruct:foundry/tanks, forge:glass/red, twilightforest:structure_banned_interactions, forge:glass_panes/green, carryon:block_blacklist, minecraft:prevent_mob_spawning_inside, forge:chests/trapped, structure_gel:gel, forge:fence_gates, forge:storage_blocks/carminite, tconstruct:scorched_blocks, twilightforest:portal/fluid, forge:storage_blocks/arctic_fur, forge:sandstone, ceramics:cistern_connections, forge:storage_blocks/copper, forge:glass_panes/colorless, securitycraft:reinforced/crimson_stems, twilightforest:canopy_logs, forge:storage_blocks/steeleaf, twilightforest:antibuilder_ignores, dynamictrees:branches, twilightforest:dark_tower_excluded_pots, forge:storage_blocks/lapis, minecraft:beds, tconstruct:seared_bricks, forge:ores/diamond, minecraft:doors, tconstruct:slimy_soil/vanilla, minecraft:infiniburn_overworld, minecraft:flower_pots, twilightforest:annihilation_inclusions, twilightforest:trophies, tombstone:grave_marbles, alexsmobs:seal_digables, forge:glass/white, dynamictrees:branches_that_burn, forge:glass_panes/red, minecraft:signs, biomesoplenty:willow_logs, minecraft:wither_summon_base_blocks, alexsmobs:mimic_octopus_spawns, minecraft:hoglin_repellents, twilightforest:towerwood, tht:air_blocks, supertools:can_hammer, forge:sand/colorless, securitycraft:reinforced/warped_stems, securitycraft:reinforced/walls, alexsmobs:komodo_dragon_spawns, alexsmobs:mantis_shrimp_spawns, tconstruct:harvestable/crops, twilightforest:fire_jet_fuel, minecraft:soul_speed_blocks, twilightforest:antibuilder_blacklist, securitycraft:reinforced/wooden_slabs, alexsmobs:lobster_spawns, minecraft:walls, tconstruct:slimy_logs, minecraft:coral_blocks, tconstruct:slimy_grass, forge:glass/green, alexsmobs:cachalot_whale_breakables, tconstruct:slimy_soil/ender, valhelsia_structures:colored_jars, minecraft:underwater_bonemeals, securitycraft:secret_standing_signs, tombstone:player_graves, minecraft:impermeable, minecraft:sand, forge:end_stones, biomesoplenty:fir_logs, forge:wg_stone, forge:fences/wooden, sereneseasons:summer_crops, forge:wg_sediment, minecraft:campfires, forge:storage_blocks, minecraft:infiniburn_nether, tconstruct:fuel_tanks, forge:glass_panes/orange, tconstruct:slimy_soil, forge:ores/quartz, forge:ores/cobalt, forge:glass/blue, minecraft:wooden_trapdoors, securitycraft:reinforced/wooden_buttons, forge:storage_blocks/coal, forge:glass/light_blue, forge:storage_blocks/redstone, paraglider:statues, twilightforest:ore_magnet/minecraft/stone, minecraft:stairs, alexsmobs:grizzly_beehive, sereneseasons:unbreakable_infertile_crops, minecraft:logs, securitycraft:reinforced/planks, alexsmobs:crocodile_spawns, minecraft:valid_spawn, minecraft:mushroom_grow_block, minecraft:wooden_doors, supertools:can_shovel, sereneseasons:autumn_crops, tconstruct:planklike, subwild:gold_ores, forge:glass/purple, minecraft:crimson_stems, forge:storage_blocks/ironwood, alexsmobs:gorilla_breakables, tconstruct:slime_block, minecraft:beacon_base_blocks, securitycraft:secret_wall_signs, tconstruct:scorched_tanks, alexsmobs:orca_breakables, twilightforest:darkwood_logs, dynamictrees:stripped_branches_that_burn, securitycraft:secret_signs, minecraft:anvil, forge:sand, minecraft:wall_corals, securitycraft:reinforced/jungle_logs, alexsmobs:elephant_foodblocks, forge:ores/gold, forge:storage_blocks/hepatizon, securitycraft:reinforced/wooden_fences, minecraft:piglin_repellents, twilightforest:fences, biomesoplenty:palm_logs, forge:glass/black, minecraft:portals, securitycraft:reinforced/spruce_logs, forge:fences/nether_brick, forge:glass/lime, forge:chests/wooden, forge:ores/iron, twilightforest:logs, dynamictrees:fungus_caps, minecraft:wooden_stairs, securitycraft:reinforced/stone_bricks, minecraft:base_stone_overworld, minecraft:carpets, minecraft:wooden_buttons, biomesoplenty:umbran_logs, alexsmobs:crow_foodblocks, forge:storage_blocks/glowstone, minecraft:stone_bricks, forge:storage_blocks/quartz, forge:prismarine, forge:glass/orange, tht:list_blocks, securitycraft:reinforced/terracotta, dynamictrees:fungus_branches, minecraft:slabs, minecraft:guarded_by_piglins, forge:ores/emerald, securitycraft:reinforced/stone_pressure_plates, tconstruct:congealed_slime, subwild:coal_ores, minecraft:corals, minecraft:buttons, minecraft:rails, securitycraft:reinforced/buttons, forge:barrels/wooden, tconstruct:harvestable/interact, tconstruct:slimy_grass/earth, minecraft:strider_warm_blocks, minecraft:bee_growables, minecraft:wooden_pressure_plates, subwild:lapis_ores, minecraft:tall_flowers, biomesoplenty:redwood_logs, biomesoplenty:jacaranda_logs, tconstruct:heater_controllers, minecraft:stone_pressure_plates, minecraft:gold_ores, valhelsia_structures:posts, forge:glass_panes/pink, tconstruct:smeltery, forge:netherrack, securitycraft:reinforced/carpets, dynamictrees:wart_blocks, minecraft:soul_fire_base_blocks, securitycraft:reinforced/oak_logs, forge:clean_endstone, tombstone:decorative_graves, twilightforest:twilight_oak_logs, securitycraft:reinforced/wool, forge:gravel, forge:glass_panes/cyan, biomesoplenty:magic_logs, minecraft:wool, forge:glass/colorless, minecolonies:protectionexception, forge:glass_panes/light_blue, minecraft:beehives, twilightforest:timewood_logs, minecraft:ice, forge:ores/netherite_scrap, minecraft:crops, forge:netherbricks, alexsmobs:alligator_snapping_turtle_spawns, forge:stained_glass, subwild:diamond_ores, minecraft:warped_stems, forge:storage_blocks/iron, securitycraft:reinforced/cobblestone, tconstruct:smeltery/tanks, forge:glass_panes/brown, twilightforest:mangrove_logs, minecraft:climbable, twilightforest:sortwood_logs, minecraft:dark_oak_logs, minecraft:coral_plants, forge:glass_panes, minecraft:non_flammable_wood, forge:braziers, tconstruct:chrysophilite_ores, securitycraft:reinforced/ice, forge:slime_block, tconstruct:seared_blocks, paraglider:statues/goddess, alexsmobs:drops_bananas, tconstruct:slimy_soil/earth, forge:storage_blocks/soulsteel, twilightforest:mining_logs, securitycraft:reinforced/fences, minecraft:fences, minecraft:saplings, forge:ores/copper, minecraft:mineable/pickaxe, forge:storage_blocks/knightmetal, minecraft:unstable_bottom_center, minecraft:enderman_holdable, minecraft:banners, subwild:redstone_ores, minecraft:wooden_fences, forge:storage_blocks/knightslime, alexsmobs:rattlesnake_spawns, minecraft:wall_post_override, tconstruct:anvil_metal, subwild:emerald_ores, twilightforest:transwood_logs, forge:obsidian, tconstruct:slimy_nylium/ichor, forge:enderman_place_on_blacklist, forge:storage_blocks/fiery, biomesoplenty:mahogany_logs, alexsmobs:kangaroo_spawns, securitycraft:reinforced/stone, twilightforest:ore_magnet/minecraft/end_stone, forge:glass/magenta, forge:ores/coal, minecraft:fire, minecraft:base_stone_nether, minecraft:wall_signs, tconstruct:seared_tanks, securitycraft:reinforced/dark_oak_logs, carryon:block_whitelist, subwild:iron_ores, alexsmobs:drops_acacia_blossoms, securitycraft:reinforced/wooden_stairs, minecraft:trapdoors, tconstruct:smeltery/floor, tconstruct:slimy_grass/sky, forge:glass/cyan, alexsmobs:crow_fears, forge:glass, forge:ores/ironwood, securitycraft:reinforced/nylium, tconstruct:skyroot_logs, tconstruct:slimy_soil/sky, subwild:molten_blocks, minecraft:leaves, forge:storage_blocks/rose_gold, forge:glass_panes/gray, minecraft:wither_immune, minecraft:acacia_logs, forge:storage_blocks/silicon_bronze, tconstruct:slimy_tree_trunks, forge:stained_glass_panes, capsule:excluded, forge:storage_blocks/queens_slime, forge:sand/red, alexsmobs:emu_spawns, forge:workbenches, forge:glass/brown, minecraft:logs_that_burn, minecraft:needs_iron_tool, forge:glass/gray, forge:magma_block, forge:glass/light_gray, twilightforest:ore_magnet/minecraft/netherrack, minecraft:wooden_slabs, alexsmobs:platypus_spawns, securitycraft:reinforced/logs, minecraft:small_flowers, forge:glass_panes/black, securitycraft:reinforced/dirt, securitycraft:reinforced/wooden_fence_gates, forge:ores/knightmetal, sereneseasons:winter_crops, forge:glass_panes/blue, twilightforest:portal/decoration, tconstruct:slimy_nylium/blood, tconstruct:bloodshroom_logs, tconstruct:tables, tconstruct:slimy_saplings, twilightforest:fence_gates, twilightforest:ore_magnet/ore_safe_replace_block, forge:stone, dynamictrees:foliage, minecraft:standing_signs, minecraft:infiniburn_end, dynamictrees:stripped_branches, securitycraft:reinforced/end_stones, forge:glass_panes/yellow, alexsmobs:soul_vulture_spawns, securitycraft:reinforced/stairs, biomesoplenty:cherry_logs, minecraft:wart_blocks, alexsmobs:leafcutter_ant_breakables, tconstruct:tree_log, subwild:speleothems, alexsmobs:seal_spawns, minecraft:shulker_boxes, alexsmobs:mungus_replace_mushroom, valhelsia_structures:cut_posts, twilightforest:ore_magnet/twilightforest/root, forge:ores/silver, minecraft:birch_logs, securitycraft:reinforced/cobweb, tconstruct:slimy_planks, tconstruct:slimy_grass/ender, iceandfire:myrmex_harvestables, forge:glass_panes/purple, tconstruct:slimy_soil/ichor, forge:glass/yellow, dynamictrees:saplings, forge:wg_clay, twilightforest:ore_magnet/block_replace_ore, minecraft:oak_logs, forge:barrels, forge:wg_erodible, forge:ores/lapis, biomesoplenty:dead_logs, securitycraft:reinforced/wooden_pressure_plates, alexsmobs:mungus_replace_nether, forge:storage_blocks/slimesteel, securitycraft:reinforced/slabs, forge:dirt, minecraft:bamboo_plantable_on, dynamictrees:leaves, forge:storage_blocks/pig_iron, minecraft:pressure_plates, minecraft:jungle_logs, tombstone:graves, forge:chests/ender, forge:wg_dirt, minecraft:spruce_logs, forge:fence_gates/wooden, securitycraft:reinforced/birch_logs, forge:glass_panes/lime, forge:storage_blocks/manyullyn, sereneseasons:spring_crops, tconstruct:foundry/wall, tconstruct:smeltery/wall, dynamictrees:stripped_fungus_branches, tconstruct:greenheart_logs, forge:bone_block, twilightforest:carminite_reactor_immune, twilightforest:portal/edge, minecraft:flowers, forge:storage_blocks/cobalt, alexsmobs:void_worm_breakables, minecraft:planks, forge:cobblestone, securitycraft:reinforced/acacia_logs, alexsmobs:soul_vulture_perches, forge:storage_blocks/gold, minecraft:fence_gates, tconstruct:foundry, forge:ores, tconstruct:alloyer_tanks, forge:fences, securitycraft:reinforced/glass_panes, valhelsia_structures:non_flammable_posts, forge:storage_blocks/diamond, minecraft:nylium, subwild:foxfire, alexsmobs:warped_mosco_breakables, forge:terracotta, securitycraft:reinforced/pressure_plates]
[09Apr2026 18:20:33.106] [main/INFO] [com.teampotato.redirector.Redirector/]: Redirecting com/telepathicgrunt/repurposedstructures/world/predicates/MatterPhaseRuleTest$MATTER_PHASE
[09Apr2026 18:20:33.278] [main/INFO] [TerraForged/]: Loading strata base decorator
[09Apr2026 18:20:33.282] [main/INFO] [com.teampotato.redirector.Redirector/]: Redirecting twilightforest/world/layer/GenLayerTFBiomes
[09Apr2026 18:20:33.283] [main/INFO] [com.teampotato.redirector.Redirector/]: Redirecting twilightforest/world/layer/GenLayerTFKeyBiomes
[09Apr2026 18:20:33.284] [main/INFO] [com.teampotato.redirector.Redirector/]: Redirecting twilightforest/world/layer/GenLayerTFCompanionBiomes
[09Apr2026 18:20:33.284] [main/INFO] [com.teampotato.redirector.Redirector/]: Redirecting twilightforest/world/layer/GenLayerTFBiomeStabilize
[09Apr2026 18:20:33.285] [main/INFO] [com.teampotato.redirector.Redirector/]: Redirecting twilightforest/world/layer/GenLayerTFThornBorder
[09Apr2026 18:20:33.285] [main/INFO] [com.teampotato.redirector.Redirector/]: Redirecting twilightforest/world/layer/GenLayerTFStream
[09Apr2026 18:20:33.286] [main/INFO] [com.teampotato.redirector.Redirector/]: Redirecting twilightforest/world/layer/GenLayerTFRiverMix
[09Apr2026 18:20:33.675] [Server thread/INFO] [net.minecraft.server.dedicated.DedicatedServer/]: Starting minecraft server version 1.16.5
[09Apr2026 18:20:33.675] [Server thread/INFO] [net.minecraft.server.dedicated.DedicatedServer/]: Loading properties
[09Apr2026 18:20:33.675] [Server thread/INFO] [net.minecraft.server.dedicated.DedicatedServer/]: Default game type: SURVIVAL
[09Apr2026 18:20:33.676] [Server thread/INFO] [net.minecraft.server.MinecraftServer/]: Generating keypair
[09Apr2026 18:20:33.830] [Server thread/INFO] [net.minecraft.server.dedicated.DedicatedServer/]: Starting Minecraft server on *:25565
[09Apr2026 18:20:33.857] [Server thread/INFO] [net.minecraft.network.NetworkSystem/]: Using epoll channel type
[09Apr2026 18:20:33.987] [Server thread/WARN] [net.minecraft.server.dedicated.DedicatedServer/]: **** SERVER IS RUNNING IN OFFLINE/INSECURE MODE!
[09Apr2026 18:20:33.988] [Server thread/WARN] [net.minecraft.server.dedicated.DedicatedServer/]: The server will make no attempt to authenticate usernames. Beware.
[09Apr2026 18:20:33.988] [Server thread/WARN] [net.minecraft.server.dedicated.DedicatedServer/]: While this makes the game possible to play without internet access, it also opens up the ability for hackers to connect with any username they choose.
[09Apr2026 18:20:33.988] [Server thread/WARN] [net.minecraft.server.dedicated.DedicatedServer/]: To change this, set "online-mode" to "true" in the server.properties file.
[09Apr2026 18:20:34.033] [Server thread/INFO] [STDOUT/]: [tschipp.carryon.common.handler.ListHandler:initConfigLists:282]: [forge:glass_panes/magenta, valhelsia_structures:jars, forge:storage_blocks/netherite, forge:glass_panes/white, biomesoplenty:hellbark_logs, tconstruct:slimy_leaves, forge:glass_panes/light_gray, securitycraft:reinforced/sand, ba_bt:platinum_blocks, alexsmobs:roadrunner_spawns, tconstruct:harvestable/stackable, tconstruct:slimy_nylium, minecraft:dragon_immune, forge:glass/pink, forge:chests, forge:storage_blocks/emerald, forge:ores/redstone, tconstruct:foundry/floor, tconstruct:harvestable, tconstruct:foundry/tanks, forge:glass/red, twilightforest:structure_banned_interactions, forge:glass_panes/green, carryon:block_blacklist, minecraft:prevent_mob_spawning_inside, forge:chests/trapped, structure_gel:gel, forge:fence_gates, forge:storage_blocks/carminite, tconstruct:scorched_blocks, twilightforest:portal/fluid, forge:storage_blocks/arctic_fur, forge:sandstone, ceramics:cistern_connections, forge:storage_blocks/copper, forge:glass_panes/colorless, securitycraft:reinforced/crimson_stems, twilightforest:canopy_logs, forge:storage_blocks/steeleaf, twilightforest:antibuilder_ignores, dynamictrees:branches, twilightforest:dark_tower_excluded_pots, forge:storage_blocks/lapis, minecraft:beds, tconstruct:seared_bricks, forge:ores/diamond, minecraft:doors, tconstruct:slimy_soil/vanilla, minecraft:infiniburn_overworld, minecraft:flower_pots, twilightforest:annihilation_inclusions, twilightforest:trophies, tombstone:grave_marbles, alexsmobs:seal_digables, forge:glass/white, dynamictrees:branches_that_burn, forge:glass_panes/red, minecraft:signs, biomesoplenty:willow_logs, minecraft:wither_summon_base_blocks, alexsmobs:mimic_octopus_spawns, minecraft:hoglin_repellents, twilightforest:towerwood, tht:air_blocks, supertools:can_hammer, forge:sand/colorless, securitycraft:reinforced/warped_stems, securitycraft:reinforced/walls, alexsmobs:komodo_dragon_spawns, alexsmobs:mantis_shrimp_spawns, tconstruct:harvestable/crops, twilightforest:fire_jet_fuel, minecraft:soul_speed_blocks, twilightforest:antibuilder_blacklist, securitycraft:reinforced/wooden_slabs, alexsmobs:lobster_spawns, minecraft:walls, tconstruct:slimy_logs, minecraft:coral_blocks, tconstruct:slimy_grass, forge:glass/green, alexsmobs:cachalot_whale_breakables, tconstruct:slimy_soil/ender, valhelsia_structures:colored_jars, minecraft:underwater_bonemeals, securitycraft:secret_standing_signs, tombstone:player_graves, minecraft:impermeable, minecraft:sand, forge:end_stones, biomesoplenty:fir_logs, forge:wg_stone, forge:fences/wooden, sereneseasons:summer_crops, forge:wg_sediment, minecraft:campfires, forge:storage_blocks, minecraft:infiniburn_nether, tconstruct:fuel_tanks, forge:glass_panes/orange, tconstruct:slimy_soil, forge:ores/quartz, forge:ores/cobalt, forge:glass/blue, minecraft:wooden_trapdoors, securitycraft:reinforced/wooden_buttons, forge:storage_blocks/coal, forge:glass/light_blue, forge:storage_blocks/redstone, paraglider:statues, twilightforest:ore_magnet/minecraft/stone, minecraft:stairs, alexsmobs:grizzly_beehive, sereneseasons:unbreakable_infertile_crops, minecraft:logs, securitycraft:reinforced/planks, alexsmobs:crocodile_spawns, minecraft:valid_spawn, minecraft:mushroom_grow_block, minecraft:wooden_doors, supertools:can_shovel, sereneseasons:autumn_crops, tconstruct:planklike, subwild:gold_ores, forge:glass/purple, minecraft:crimson_stems, forge:storage_blocks/ironwood, alexsmobs:gorilla_breakables, tconstruct:slime_block, minecraft:beacon_base_blocks, securitycraft:secret_wall_signs, tconstruct:scorched_tanks, alexsmobs:orca_breakables, twilightforest:darkwood_logs, dynamictrees:stripped_branches_that_burn, securitycraft:secret_signs, minecraft:anvil, forge:sand, minecraft:wall_corals, securitycraft:reinforced/jungle_logs, alexsmobs:elephant_foodblocks, forge:ores/gold, forge:storage_blocks/hepatizon, securitycraft:reinforced/wooden_fences, minecraft:piglin_repellents, twilightforest:fences, biomesoplenty:palm_logs, forge:glass/black, minecraft:portals, securitycraft:reinforced/spruce_logs, forge:fences/nether_brick, forge:glass/lime, forge:chests/wooden, forge:ores/iron, twilightforest:logs, dynamictrees:fungus_caps, minecraft:wooden_stairs, securitycraft:reinforced/stone_bricks, minecraft:base_stone_overworld, minecraft:carpets, minecraft:wooden_buttons, biomesoplenty:umbran_logs, alexsmobs:crow_foodblocks, forge:storage_blocks/glowstone, minecraft:stone_bricks, forge:storage_blocks/quartz, forge:prismarine, forge:glass/orange, tht:list_blocks, securitycraft:reinforced/terracotta, dynamictrees:fungus_branches, minecraft:slabs, minecraft:guarded_by_piglins, forge:ores/emerald, securitycraft:reinforced/stone_pressure_plates, tconstruct:congealed_slime, subwild:coal_ores, minecraft:corals, minecraft:buttons, minecraft:rails, securitycraft:reinforced/buttons, forge:barrels/wooden, tconstruct:harvestable/interact, tconstruct:slimy_grass/earth, minecraft:strider_warm_blocks, minecraft:bee_growables, minecraft:wooden_pressure_plates, subwild:lapis_ores, minecraft:tall_flowers, biomesoplenty:redwood_logs, biomesoplenty:jacaranda_logs, tconstruct:heater_controllers, minecraft:stone_pressure_plates, minecraft:gold_ores, valhelsia_structures:posts, forge:glass_panes/pink, tconstruct:smeltery, forge:netherrack, securitycraft:reinforced/carpets, dynamictrees:wart_blocks, minecraft:soul_fire_base_blocks, securitycraft:reinforced/oak_logs, forge:clean_endstone, tombstone:decorative_graves, twilightforest:twilight_oak_logs, securitycraft:reinforced/wool, forge:gravel, forge:glass_panes/cyan, biomesoplenty:magic_logs, minecraft:wool, forge:glass/colorless, minecolonies:protectionexception, forge:glass_panes/light_blue, minecraft:beehives, twilightforest:timewood_logs, minecraft:ice, forge:ores/netherite_scrap, minecraft:crops, forge:netherbricks, alexsmobs:alligator_snapping_turtle_spawns, forge:stained_glass, subwild:diamond_ores, minecraft:warped_stems, forge:storage_blocks/iron, securitycraft:reinforced/cobblestone, tconstruct:smeltery/tanks, forge:glass_panes/brown, twilightforest:mangrove_logs, minecraft:climbable, twilightforest:sortwood_logs, minecraft:dark_oak_logs, minecraft:coral_plants, forge:glass_panes, minecraft:non_flammable_wood, forge:braziers, tconstruct:chrysophilite_ores, securitycraft:reinforced/ice, forge:slime_block, tconstruct:seared_blocks, paraglider:statues/goddess, alexsmobs:drops_bananas, tconstruct:slimy_soil/earth, forge:storage_blocks/soulsteel, twilightforest:mining_logs, securitycraft:reinforced/fences, minecraft:fences, minecraft:saplings, forge:ores/copper, minecraft:mineable/pickaxe, forge:storage_blocks/knightmetal, minecraft:unstable_bottom_center, minecraft:enderman_holdable, minecraft:banners, subwild:redstone_ores, minecraft:wooden_fences, forge:storage_blocks/knightslime, alexsmobs:rattlesnake_spawns, minecraft:wall_post_override, tconstruct:anvil_metal, subwild:emerald_ores, twilightforest:transwood_logs, forge:obsidian, tconstruct:slimy_nylium/ichor, forge:enderman_place_on_blacklist, forge:storage_blocks/fiery, biomesoplenty:mahogany_logs, alexsmobs:kangaroo_spawns, securitycraft:reinforced/stone, twilightforest:ore_magnet/minecraft/end_stone, forge:glass/magenta, forge:ores/coal, minecraft:fire, minecraft:base_stone_nether, minecraft:wall_signs, tconstruct:seared_tanks, securitycraft:reinforced/dark_oak_logs, carryon:block_whitelist, subwild:iron_ores, alexsmobs:drops_acacia_blossoms, securitycraft:reinforced/wooden_stairs, minecraft:trapdoors, tconstruct:smeltery/floor, tconstruct:slimy_grass/sky, forge:glass/cyan, alexsmobs:crow_fears, forge:glass, forge:ores/ironwood, securitycraft:reinforced/nylium, tconstruct:skyroot_logs, tconstruct:slimy_soil/sky, subwild:molten_blocks, minecraft:leaves, forge:storage_blocks/rose_gold, forge:glass_panes/gray, minecraft:wither_immune, minecraft:acacia_logs, forge:storage_blocks/silicon_bronze, tconstruct:slimy_tree_trunks, forge:stained_glass_panes, capsule:excluded, forge:storage_blocks/queens_slime, forge:sand/red, alexsmobs:emu_spawns, forge:workbenches, forge:glass/brown, minecraft:logs_that_burn, minecraft:needs_iron_tool, forge:glass/gray, forge:magma_block, forge:glass/light_gray, twilightforest:ore_magnet/minecraft/netherrack, minecraft:wooden_slabs, alexsmobs:platypus_spawns, securitycraft:reinforced/logs, minecraft:small_flowers, forge:glass_panes/black, securitycraft:reinforced/dirt, securitycraft:reinforced/wooden_fence_gates, forge:ores/knightmetal, sereneseasons:winter_crops, forge:glass_panes/blue, twilightforest:portal/decoration, tconstruct:slimy_nylium/blood, tconstruct:bloodshroom_logs, tconstruct:tables, tconstruct:slimy_saplings, twilightforest:fence_gates, twilightforest:ore_magnet/ore_safe_replace_block, forge:stone, dynamictrees:foliage, minecraft:standing_signs, minecraft:infiniburn_end, dynamictrees:stripped_branches, securitycraft:reinforced/end_stones, forge:glass_panes/yellow, alexsmobs:soul_vulture_spawns, securitycraft:reinforced/stairs, biomesoplenty:cherry_logs, minecraft:wart_blocks, alexsmobs:leafcutter_ant_breakables, tconstruct:tree_log, subwild:speleothems, alexsmobs:seal_spawns, minecraft:shulker_boxes, alexsmobs:mungus_replace_mushroom, valhelsia_structures:cut_posts, twilightforest:ore_magnet/twilightforest/root, forge:ores/silver, minecraft:birch_logs, securitycraft:reinforced/cobweb, tconstruct:slimy_planks, tconstruct:slimy_grass/ender, iceandfire:myrmex_harvestables, forge:glass_panes/purple, tconstruct:slimy_soil/ichor, forge:glass/yellow, dynamictrees:saplings, forge:wg_clay, twilightforest:ore_magnet/block_replace_ore, minecraft:oak_logs, forge:barrels, forge:wg_erodible, forge:ores/lapis, biomesoplenty:dead_logs, securitycraft:reinforced/wooden_pressure_plates, alexsmobs:mungus_replace_nether, forge:storage_blocks/slimesteel, securitycraft:reinforced/slabs, forge:dirt, minecraft:bamboo_plantable_on, dynamictrees:leaves, forge:storage_blocks/pig_iron, minecraft:pressure_plates, minecraft:jungle_logs, tombstone:graves, forge:chests/ender, forge:wg_dirt, minecraft:spruce_logs, forge:fence_gates/wooden, securitycraft:reinforced/birch_logs, forge:glass_panes/lime, forge:storage_blocks/manyullyn, sereneseasons:spring_crops, tconstruct:foundry/wall, tconstruct:smeltery/wall, dynamictrees:stripped_fungus_branches, tconstruct:greenheart_logs, forge:bone_block, twilightforest:carminite_reactor_immune, twilightforest:portal/edge, minecraft:flowers, forge:storage_blocks/cobalt, alexsmobs:void_worm_breakables, minecraft:planks, forge:cobblestone, securitycraft:reinforced/acacia_logs, alexsmobs:soul_vulture_perches, forge:storage_blocks/gold, minecraft:fence_gates, tconstruct:foundry, forge:ores, tconstruct:alloyer_tanks, forge:fences, securitycraft:reinforced/glass_panes, valhelsia_structures:non_flammable_posts, forge:storage_blocks/diamond, minecraft:nylium, subwild:foxfire, alexsmobs:warped_mosco_breakables, forge:terracotta, securitycraft:reinforced/pressure_plates]
[09Apr2026 18:20:34.058] [Server thread/INFO] [com.teampotato.redirector.Redirector/]: Redirecting net/geforcemods/securitycraft/util/TeamUtils$TeamType
[09Apr2026 18:20:34.176] [Server thread/INFO] [ModernFix/]: Starting locating executor service with thread pool size of 1
[09Apr2026 18:20:34.244] [Server thread/INFO] [net.minecraft.server.dedicated.DedicatedServer/]: Preparing level "world"
[09Apr2026 18:20:34.257] [Server thread/INFO] [com.teampotato.redirector.Redirector/]: Redirecting net/minecraft/village/VillageSiege$State
[09Apr2026 18:20:34.269] [Server thread/INFO] [com.teampotato.redirector.Redirector/]: Redirecting net/minecraft/world/TickPriority
[09Apr2026 18:20:34.328] [Server thread/INFO] [com.teampotato.redirector.Redirector/]: Redirecting net/minecraft/world/chunk/storage/IOWorker$Priority
[09Apr2026 18:20:34.357] [Server thread/INFO] [com.teampotato.redirector.Redirector/]: Redirecting net/minecraft/world/LightType
[09Apr2026 18:20:34.422] [Server thread/INFO] [com.teampotato.redirector.Redirector/]: Redirecting ovh/corail/tombstone/spawner/CustomVillageSiege$SiegeState
[09Apr2026 18:20:34.424] [Server thread/INFO] [com.teampotato.redirector.Redirector/]: Redirecting ovh/corail/tombstone/helper/TamableType
[09Apr2026 18:20:34.441] [Server thread/INFO] [com.teampotato.redirector.Redirector/]: Redirecting com/github/alexthe666/citadel/server/entity/datatracker/EntityPropertiesHandler
[09Apr2026 18:20:34.468] [Server thread/INFO] [com.teampotato.redirector.Redirector/]: Redirecting net/minecraft/entity/projectile/AbstractArrowEntity$PickupStatus
[09Apr2026 18:20:34.472] [Server thread/INFO] [com.teampotato.redirector.Redirector/]: Redirecting net/minecraft/entity/ai/controller/MovementController$Action
[09Apr2026 18:20:34.504] [Server thread/INFO] [com.teampotato.redirector.Redirector/]: Redirecting net/minecraft/entity/monster/SpellcastingIllagerEntity$SpellType
[09Apr2026 18:20:34.511] [Server thread/INFO] [com.teampotato.redirector.Redirector/]: Redirecting net/minecraft/entity/ai/brain/memory/MemoryModuleStatus
[09Apr2026 18:20:34.511] [Server thread/INFO] [com.teampotato.redirector.Redirector/]: Redirecting net/minecraft/entity/ai/brain/task/Task$Status
[09Apr2026 18:20:34.517] [Server thread/INFO] [com.teampotato.redirector.Redirector/]: Redirecting net/minecraft/entity/ai/brain/task/MultiTask$Ordering
[09Apr2026 18:20:34.518] [Server thread/INFO] [com.teampotato.redirector.Redirector/]: Redirecting net/minecraft/entity/ai/brain/task/MultiTask$RunType
[09Apr2026 18:20:34.533] [Server thread/INFO] [com.teampotato.redirector.Redirector/]: Redirecting net/minecraft/entity/passive/MooshroomEntity$Type
[09Apr2026 18:20:34.537] [Server thread/INFO] [com.teampotato.redirector.Redirector/]: Redirecting net/minecraft/entity/monster/PhantomEntity$AttackPhase
[09Apr2026 18:20:34.549] [Server thread/INFO] [com.teampotato.redirector.Redirector/]: Redirecting net/minecraft/entity/ai/brain/task/ShootTargetTask$Status
[09Apr2026 18:20:34.556] [Server thread/INFO] [com.teampotato.redirector.Redirector/]: Redirecting net/minecraft/entity/ai/goal/RangedCrossbowAttackGoal$CrossbowState
[09Apr2026 18:20:34.565] [Server thread/INFO] [com.teampotato.redirector.Redirector/]: Redirecting net/minecraft/entity/passive/fish/TropicalFishEntity$Type
[09Apr2026 18:20:34.603] [Server thread/INFO] [com.teampotato.redirector.Redirector/]: Redirecting net/minecraft/world/BossInfo$Color
[09Apr2026 18:20:34.605] [Server thread/INFO] [com.teampotato.redirector.Redirector/]: Redirecting net/minecraft/world/BossInfo$Overlay
[09Apr2026 18:20:34.605] [Server thread/INFO] [com.teampotato.redirector.Redirector/]: Redirecting net/minecraft/network/play/server/SUpdateBossInfoPacket$Operation
[09Apr2026 18:20:34.652] [Server thread/INFO] [com.teampotato.redirector.Redirector/]: Redirecting com/github/alexthe666/alexsmobs/entity/EntityVoidWorm$AttackMode
[09Apr2026 18:20:34.654] [Server thread/WARN] [net.minecraft.network.datasync.EntityDataManager/]: defineId called for: class com.github.alexthe666.alexsmobs.entity.EntityVoidWorm from class com.github.alexthe666.alexsmobs.entity.EntityVoidPortal
[09Apr2026 18:20:34.656] [Server thread/INFO] [com.teampotato.redirector.Redirector/]: Redirecting com/github/alexthe666/alexsmobs/entity/EntityMimicOctopus$MimicState
[09Apr2026 18:20:34.659] [Server thread/INFO] [com.teampotato.redirector.Redirector/]: Redirecting tallestegg/guardvillagers/entities/ai/goals/RangedCrossbowAttackPassiveGoal$CrossbowState
[09Apr2026 18:20:34.664] [Server thread/INFO] [com.teampotato.redirector.Redirector/]: Redirecting twilightforest/entity/boss/NagaEntity$MovementState
[09Apr2026 18:20:34.672] [Server thread/INFO] [com.teampotato.redirector.Redirector/]: Redirecting twilightforest/entity/boss/HydraHeadContainer$State
[09Apr2026 18:20:34.686] [Server thread/INFO] [com.teampotato.redirector.Redirector/]: Redirecting twilightforest/entity/boss/KnightPhantomEntity$Formation
[09Apr2026 18:20:34.689] [Server thread/INFO] [com.teampotato.redirector.Redirector/]: Redirecting twilightforest/entity/boss/SnowQueenEntity$Phase
[09Apr2026 18:20:34.702] [Server thread/INFO] [com.teampotato.redirector.Redirector/]: Redirecting com/alexander/mutantmore/entities/SeismicWaveEntity$WaveType
[09Apr2026 18:20:34.708] [Server thread/INFO] [com.teampotato.redirector.Redirector/]: Redirecting com/ferreusveritas/dynamictrees/entities/FallingTreeEntity$DestroyType
[09Apr2026 18:20:34.727] [Server thread/INFO] [com.teampotato.redirector.Redirector/]: Redirecting com/bobmowzie/mowziesmobs/server/entity/grottol/EntityGrottol$EnumDeathType
[09Apr2026 18:20:34.729] [Server thread/INFO] [com.teampotato.redirector.Redirector/]: Redirecting com/bobmowzie/mowziesmobs/server/entity/naga/EntityNaga$EnumNagaMovement
[09Apr2026 18:20:34.731] [Server thread/INFO] [com.teampotato.redirector.Redirector/]: Redirecting com/bobmowzie/mowziesmobs/server/entity/effects/EntityBoulder$BoulderSizeEnum
[09Apr2026 18:20:34.732] [Server thread/INFO] [com.teampotato.redirector.Redirector/]: Redirecting com/bobmowzie/mowziesmobs/server/entity/effects/EntityFallingBlock$EnumFallingBlockMode
[09Apr2026 18:20:34.737] [Server thread/INFO] [com.teampotato.redirector.Redirector/]: Redirecting com/github/alexthe666/iceandfire/pathfinding/raycoms/AdvancedPathNavigate$MovementType
[09Apr2026 18:20:34.748] [Server thread/INFO] [com.teampotato.redirector.Redirector/]: Redirecting com/github/alexthe666/iceandfire/entity/IafDragonAttacks$Air
[09Apr2026 18:20:34.749] [Server thread/INFO] [com.teampotato.redirector.Redirector/]: Redirecting com/github/alexthe666/iceandfire/entity/IafDragonAttacks$Ground
[09Apr2026 18:20:34.764] [Server thread/INFO] [com.teampotato.redirector.Redirector/]: Redirecting com/github/alexthe666/iceandfire/entity/ai/MyrmexAIReEnterHive$Phases
[09Apr2026 18:20:34.778] [Server thread/INFO] [com.teampotato.redirector.Redirector/]: Redirecting com/github/alexthe666/iceandfire/entity/EntityAmphithere$FlightBehavior
[09Apr2026 18:20:34.832] [Server thread/INFO] [com.teampotato.redirector.Redirector/]: Redirecting net/geforcemods/securitycraft/entity/sentry/Sentry$SentryMode
[09Apr2026 18:20:34.832] [Server thread/INFO] [com.teampotato.redirector.Redirector/]: Redirecting net/geforcemods/securitycraft/misc/TargetingMode
[09Apr2026 18:20:34.875] [Server thread/INFO] [Ksyxis/MinecraftServerMixin/MOD_KSYXIS]: Ksyxis: Hey. This is Ksyxis. We will now load the world and will try to do it quickly. If the game is not responding after this, it's probably us to blame or delete for good. This message appears always, even if the mod works flawlessly. (injector: modern, ci: CallbackInfo[TYPE=CallbackInfo,NAME=func_213186_a,CANCELLABLE=false], server: net.minecraft.server.dedicated.DedicatedServer@7cd09671)
[09Apr2026 18:20:34.880] [Server thread/INFO] [net.minecraft.server.MinecraftServer/]: Preparing start region for dimension minecraft:overworld
[09Apr2026 18:20:34.898] [Server thread/INFO] [com.teampotato.redirector.Redirector/]: Redirecting net/minecraft/world/server/ChunkHolder$LocationType
[09Apr2026 18:20:34.949] [Server thread/INFO] [com.teampotato.redirector.Redirector/]: Redirecting net/minecraft/util/Direction8
[09Apr2026 18:20:34.952] [Server thread/INFO] [com.teampotato.redirector.Redirector/]: Redirecting net/minecraft/world/server/ServerWorldLightManager$Phase
[09Apr2026 18:20:35.003] [Server thread/INFO] [net.minecraft.world.chunk.listener.LoggingChunkStatusListener/]: Time elapsed: 122 ms
[09Apr2026 18:20:35.003] [Server thread/INFO] [net.minecraft.server.dedicated.DedicatedServer/]: Done (0.992s)! For help, type "help"
[09Apr2026 18:20:35.080] [Server thread/INFO] [com.teampotato.redirector.Redirector/]: Redirecting cpw/mods/inventorysorter/InventorySorterCommand$CommandAction
[09Apr2026 18:20:35.088] [Server thread/INFO] [com.BrassAmber.ba_bt.BrassAmberBattleTowers/]: HELLO from server starting
[09Apr2026 18:20:35.114] [Server thread/INFO] [syric.dragonseeker.Dragonseeker/]: HELLO from server starting
[09Apr2026 18:20:35.128] [Server thread/INFO] [com.github.alexthe666.iceandfire.IceAndFire/]: {SPAWN_DRAGON_SKELETON_I_CF=true, HYDRA_CAVE_CF=true, SPAWN_SEA_SERPENT_CF=true, SPAWN_STYMPHALIAN_BIRD_CF=true, SPAWN_WANDERING_CYCLOPS_CF=true, PIXIE_VILLAGE_CF=false, SPAWN_DEATH_WORM_CF=true, FIRE_DRAGON_CAVE_CF=true, SIREN_ISLAND_CF=true, MYRMEX_HIVE_DESERT_CF=true, SPAWN_HIPPOCAMPUS_CF=true, FIRE_DRAGON_ROOST_CF=true, MYRMEX_HIVE_JUNGLE_CF=true, GORGON_TEMPLE_CF=true, COPPER_ORE_CF=true, SILVER_ORE_CF=true, LIGHTNING_DRAGON_CAVE_CF=true, SPAWN_DRAGON_SKELETON_F_CF=true, AMETHYST_ORE_CF=true, SPAWN_DRAGON_SKELETON_L_CF=true, LIGHTNING_LILY_CF=true, MAUSOLEUM_CF=true, ICE_DRAGON_CAVE_CF=true, GRAVEYARD_CF=true, SAPPHIRE_ORE_CF=true, LIGHTNING_DRAGON_ROOST_CF=true, CYCLOPS_CAVE_CF=true, FROST_LILY_CF=true, FIRE_LILY_CF=true, ICE_DRAGON_ROOST_CF=true}
[09Apr2026 18:20:35.129] [Server thread/INFO] [com.github.alexthe666.iceandfire.IceAndFire/]: {TROLL_S=true, HIPPOGRYPH=true, AMPHITHERE=true, COCKATRICE=true, TROLL_M=true, DREAD_LICH=true, TROLL_F=true}
[09Apr2026 18:20:35.129] [Server thread/WARN] [ModernFix/]: Dedicated server took 48.545 seconds to load
[09Apr2026 18:20:35.163] [Server thread/INFO] [com.teampotato.redirector.Redirector/]: Redirecting com/ferreusveritas/dynamictrees/api/seasons/ClimateZoneType
[09Apr2026 18:20:35.185] [Server thread/INFO] [com.teampotato.redirector.Redirector/]: Redirecting net/minecraftforge/fml/network/ICustomPacket$Fields
[09Apr2026 18:20:35.315] [Worker-Main-3/INFO] [com.teampotato.redirector.Redirector/]: Redirecting net/minecraft/util/BlockVoxelShape
[09Apr2026 18:20:35.316] [Worker-Main-3/INFO] [com.teampotato.redirector.Redirector/]: Redirecting net/minecraft/world/EmptyBlockReader
[09Apr2026 18:20:35.335] [Server thread/INFO] [com.teampotato.redirector.Redirector/]: Redirecting com/github/alexthe666/citadel/server/entity/datatracker/EntityDataHandler
[09Apr2026 18:21:02.865] [Netty Epoll Server IO #1/INFO] [com.teampotato.redirector.Redirector/]: Redirecting net/minecraft/network/PacketDirection
[09Apr2026 18:21:02.874] [Netty Epoll Server IO #1/INFO] [com.teampotato.redirector.Redirector/]: Redirecting net/minecraft/network/ProtocolType
[09Apr2026 18:21:02.894] [Netty Epoll Server IO #1/INFO] [com.teampotato.redirector.Redirector/]: Redirecting net/minecraft/network/play/client/CPlayerDiggingPacket$Action
[09Apr2026 18:21:02.912] [Netty Epoll Server IO #1/INFO] [com.teampotato.redirector.Redirector/]: Redirecting net/minecraft/network/play/server/SCombatPacket$Event
[09Apr2026 18:21:02.913] [Netty Epoll Server IO #1/INFO] [com.teampotato.redirector.Redirector/]: Redirecting net/minecraft/network/play/server/SPlayerListItemPacket$Action
[09Apr2026 18:21:02.915] [Netty Epoll Server IO #1/INFO] [com.teampotato.redirector.Redirector/]: Redirecting net/minecraft/network/play/server/SRecipeBookPacket$State
[09Apr2026 18:21:02.921] [Netty Epoll Server IO #1/INFO] [com.teampotato.redirector.Redirector/]: Redirecting net/minecraft/network/play/server/SWorldBorderPacket$Action
[09Apr2026 18:21:02.927] [Netty Epoll Server IO #1/INFO] [com.teampotato.redirector.Redirector/]: Redirecting net/minecraft/scoreboard/ServerScoreboard$Action
[09Apr2026 18:21:02.928] [Netty Epoll Server IO #1/INFO] [com.teampotato.redirector.Redirector/]: Redirecting net/minecraft/network/play/server/STitlePacket$Type
[09Apr2026 18:21:02.935] [Netty Epoll Server IO #1/INFO] [com.teampotato.redirector.Redirector/]: Redirecting net/minecraft/network/play/client/CClientStatusPacket$State
[09Apr2026 18:21:02.953] [Netty Epoll Server IO #1/INFO] [com.teampotato.redirector.Redirector/]: Redirecting net/minecraft/entity/player/ChatVisibility
[09Apr2026 18:21:02.955] [Netty Epoll Server IO #1/INFO] [com.teampotato.redirector.Redirector/]: Redirecting net/minecraft/inventory/container/ClickType
[09Apr2026 18:21:02.958] [Netty Epoll Server IO #1/INFO] [com.teampotato.redirector.Redirector/]: Redirecting net/minecraft/network/play/client/CUseEntityPacket$Action
[09Apr2026 18:21:02.963] [Netty Epoll Server IO #1/INFO] [com.teampotato.redirector.Redirector/]: Redirecting net/minecraft/network/play/client/CEntityActionPacket$Action
[09Apr2026 18:21:02.965] [Netty Epoll Server IO #1/INFO] [com.teampotato.redirector.Redirector/]: Redirecting net/minecraft/item/crafting/RecipeBookCategory
[09Apr2026 18:21:02.966] [Netty Epoll Server IO #1/INFO] [com.teampotato.redirector.Redirector/]: Redirecting net/minecraft/network/play/client/CResourcePackStatusPacket$Action
[09Apr2026 18:21:02.967] [Netty Epoll Server IO #1/INFO] [com.teampotato.redirector.Redirector/]: Redirecting net/minecraft/network/play/client/CSeenAdvancementsPacket$Action
[09Apr2026 18:21:02.969] [Netty Epoll Server IO #1/INFO] [com.teampotato.redirector.Redirector/]: Redirecting net/minecraft/tileentity/CommandBlockTileEntity$Mode
[09Apr2026 18:21:02.971] [Netty Epoll Server IO #1/INFO] [com.teampotato.redirector.Redirector/]: Redirecting net/minecraft/tileentity/StructureBlockTileEntity$UpdateCommand
[09Apr2026 18:21:03.000] [Netty Epoll Server IO #1/INFO] [com.teampotato.redirector.Redirector/]: Redirecting net/minecraftforge/fml/network/ConnectionType
[09Apr2026 18:21:03.039] [Netty Epoll Server IO #1/INFO] [com.teampotato.redirector.Redirector/]: Redirecting net/minecraft/network/login/ServerLoginNetHandler$State
[09Apr2026 18:21:05.212] [Server thread/INFO] [net.minecraftforge.common.AdvancementLoadFix/]: Using new advancement loading for net.minecraft.advancements.PlayerAdvancements@5007ab27
[09Apr2026 18:21:05.233] [Server thread/INFO] [com.teampotato.redirector.Redirector/]: Redirecting net/minecraft/util/AxisRotation
[09Apr2026 18:21:05.254] [Server thread/INFO] [net.minecraft.server.management.PlayerList/]: Goj0[/127.71.179.52:37419] logged in with entity id 819 at (482.4449994487112, 84.16610926093821, 5616.258466398041)
[09Apr2026 18:21:05.263] [Server thread/INFO] [com.teampotato.redirector.Redirector/]: Redirecting net/minecraftforge/network/VanillaPacketSplitter$RemoteCompatibility
[09Apr2026 18:21:05.267] [Server thread/INFO] [com.teampotato.redirector.Redirector/]: Redirecting net/minecraft/entity/item/BoatEntity$Status
[09Apr2026 18:21:05.277] [Server thread/INFO] [com.teampotato.redirector.Redirector/]: Redirecting com/BrassAmber/ba_bt/util/TowerSpecs
[09Apr2026 18:21:05.320] [Server thread/INFO] [com.teampotato.redirector.Redirector/]: Redirecting net/minecraft/util/text/ChatType
[09Apr2026 18:21:05.321] [Server thread/INFO] [net.minecraft.server.dedicated.DedicatedServer/]: Goj0 joined the game
[09Apr2026 18:21:05.322] [Server thread/INFO] [com.teampotato.redirector.Redirector/]: Redirecting com/bobmowzie/mowziesmobs/server/ability/AbilityHandler
[09Apr2026 18:21:05.333] [Server thread/INFO] [com.teampotato.redirector.Redirector/]: Redirecting com/bobmowzie/mowziesmobs/server/ability/AbilitySection$AbilitySectionType
[09Apr2026 18:21:05.368] [Server thread/INFO] [com.teampotato.redirector.Redirector/]: Redirecting net/minecraft/village/PointOfInterestManager$Status
[09Apr2026 18:21:05.456] [Server thread/INFO] [com.teampotato.redirector.Redirector/]: Redirecting net/minecraft/pathfinding/PathType
[09Apr2026 18:21:05.461] [Netty Epoll Server IO #1/ERROR] [net.minecraft.command.arguments.ArgumentTypes/]: Could not serialize cpw.mods.inventorysorter.InventorySorterCommand$ContainerClassArgument@68c95d05 (class cpw.mods.inventorysorter.InventorySorterCommand$ContainerClassArgument) - will not be sent to client!
[09Apr2026 18:21:05.461] [Netty Epoll Server IO #1/ERROR] [net.minecraft.command.arguments.ArgumentTypes/]: Could not serialize cpw.mods.inventorysorter.InventorySorterCommand$ContainerClassArgument@5784275 (class cpw.mods.inventorysorter.InventorySorterCommand$ContainerClassArgument) - will not be sent to client!
[09Apr2026 18:21:05.608] [Server thread/INFO] [com.teampotato.redirector.Redirector/]: Redirecting ovh/corail/tombstone/network/CMessageTBCapability$SyncType
[09Apr2026 18:21:05.618] [Server thread/INFO] [net.minecraftforge.common.AdvancementLoadFix/]: Using new advancement loading for net.minecraft.advancements.PlayerAdvancements@56ceaa80
[09Apr2026 18:21:05.938] [Server thread/INFO] [com.teampotato.redirector.Redirector/]: Redirecting ovh/corail/tombstone/capability/ServantEntityImpl$CasterType
[09Apr2026 18:21:06.383] [Server thread/INFO] [Waila/]: Syncing config to Goj0 (38c49b64-4c4f-3860-9cc7-470580cdccc6)
[09Apr2026 18:21:06.387] [Server thread/INFO] [com.teampotato.redirector.Redirector/]: Redirecting net/valhelsia/valhelsia_core/util/AbstractConfigValidator$Type
[09Apr2026 18:21:06.410] [Server thread/INFO] [com.teampotato.redirector.Redirector/]: Redirecting net/minecraft/entity/MoverType
[09Apr2026 18:21:06.414] [Server thread/INFO] [com.teampotato.redirector.Redirector/]: Redirecting net/minecraft/scoreboard/Team$CollisionRule
[09Apr2026 18:21:06.633] [Server thread/INFO] [com.teampotato.redirector.Redirector/]: Redirecting com/github/alexthe666/citadel/animation/AnimationHandler
[09Apr2026 18:21:06.750] [Server thread/INFO] [com.teampotato.redirector.Redirector/]: Redirecting com/yungnickyoung/minecraft/bettermineshafts/world/generator/pieces/OreDeposit$OreType
[09Apr2026 18:21:06.751] [Server thread/INFO] [com.teampotato.redirector.Redirector/]: Redirecting com/yungnickyoung/minecraft/bettermineshafts/world/generator/pieces/SmallTunnelTurn$TurnDirection
[09Apr2026 18:21:06.840] [Server thread/INFO] [com.teampotato.redirector.Redirector/]: Redirecting net/minecraft/util/math/RayTraceContext$BlockMode
[09Apr2026 18:21:06.843] [Server thread/INFO] [com.teampotato.redirector.Redirector/]: Redirecting net/minecraft/util/math/RayTraceResult$Type
[09Apr2026 18:21:07.146] [Server thread/WARN] [net.minecraft.world.server.ServerWorld/]: Trying to add entity with duplicated UUID 479dff44-6d1b-4f6a-8ffe-0b0882aba080. Existing minecraft:bat#924, new: minecraft:bat#975
[09Apr2026 18:21:07.385] [Server thread/WARN] [net.minecraft.server.MinecraftServer/]: Can't keep up! Is the server overloaded? Running 2005ms or 40 ticks behind
[09Apr2026 18:21:07.584] [Server thread/INFO] [com.teampotato.redirector.Redirector/]: Redirecting net/minecraftforge/fml/network/NetworkEvent$RegistrationChangeType
[09Apr2026 18:21:07.917] [Server thread/WARN] [net.minecraft.world.server.ServerWorld/]: Trying to add entity with duplicated UUID d51695f6-6042-43e8-bab7-57e19b57a673. Existing iceandfire:pixie#1015, new: iceandfire:pixie#1016
[09Apr2026 18:21:08.363] [Server thread/INFO] [com.teampotato.redirector.Redirector/]: Redirecting net/minecraft/world/chunk/Chunk$CreateEntityType
[09Apr2026 18:21:09.670] [Server thread/INFO] [com.teampotato.redirector.Redirector/]: Redirecting net/minecraft/world/gen/feature/structure/RuinedPortalPiece$Location
[09Apr2026 18:21:09.752] [Server thread/INFO] [com.teampotato.redirector.Redirector/]: Redirecting com/ferreusveritas/dynamictrees/util/BranchDestructionData$PosType
[09Apr2026 18:21:11.944] [Server thread/INFO] [com.teampotato.redirector.Redirector/]: Redirecting com/ferreusveritas/dynamictrees/util/RootConnections$ConnectionLevel
[09Apr2026 18:21:14.988] [Server thread/INFO] [com.teampotato.redirector.Redirector/]: Redirecting com/terraforged/engine/world/terrain/TerrainCategory
[09Apr2026 18:21:15.016] [Server thread/INFO] [TerraForged/]: Create Tile Cache...
[09Apr2026 18:21:15.017] [Server thread/INFO] [TerraForged/]: System Defaults:
[09Apr2026 18:21:15.017] [Server thread/INFO] [TerraForged/]:  Thread Count:  4
[09Apr2026 18:21:15.018] [Server thread/INFO] [TerraForged/]:  Tile Size:     3
[09Apr2026 18:21:15.018] [Server thread/INFO] [TerraForged/]:  Batch Size:    5
[09Apr2026 18:21:15.034] [Server thread/INFO] [com.teampotato.redirector.Redirector/]: Redirecting com/terraforged/engine/world/biome/TempCategory
[09Apr2026 18:22:47.248] [Server thread/INFO] [com.teampotato.redirector.Redirector/]: Redirecting net/minecraft/block/BlockRenderType
[09Apr2026 18:24:31.393] [Server thread/INFO] [com.teampotato.redirector.Redirector/]: Redirecting ovh/corail/tombstone/item/ItemEasterEgg$ModelColor
[09Apr2026 18:24:38.151] [Server thread/INFO] [net.minecraftforge.common.AdvancementLoadFix/]: Using new advancement loading for net.minecraft.advancements.PlayerAdvancements@2a85fee5
[09Apr2026 18:24:38.165] [Server thread/INFO] [net.minecraft.server.management.PlayerList/]: MS_484[/127.31.88.21:60555] logged in with entity id 1619 at (719.8657798276499, 53.0, 5313.300000011921)
[09Apr2026 18:24:38.174] [Server thread/INFO] [net.minecraft.server.dedicated.DedicatedServer/]: MS_484 joined the game
[09Apr2026 18:24:38.280] [Server thread/INFO] [net.minecraftforge.common.AdvancementLoadFix/]: Using new advancement loading for net.minecraft.advancements.PlayerAdvancements@10d1c078
[09Apr2026 18:24:38.291] [Server thread/INFO] [Waila/]: Syncing config to MS_484 (acf179dc-c25c-35b8-bbe9-f8080242aab4)
[09Apr2026 18:24:40.760] [Server thread/INFO] [com.teampotato.redirector.Redirector/]: Redirecting net/minecraft/block/AbstractBlock$OffsetType
[09Apr2026 18:24:41.494] [Server thread/WARN] [net.minecraft.server.MinecraftServer/]: Can't keep up! Is the server overloaded? Running 2264ms or 45 ticks behind
[09Apr2026 18:25:00.274] [Server thread/INFO] [com.teampotato.redirector.Redirector/]: Redirecting net/minecraft/tileentity/BeehiveTileEntity$State
[09Apr2026 18:25:32.761] [Server thread/INFO] [com.teampotato.redirector.Redirector/]: Redirecting net/minecraft/command/impl/SetBlockCommand$Mode
[09Apr2026 18:25:52.462] [Server thread/INFO] [com.teampotato.redirector.Redirector/]: Redirecting ovh/corail/tombstone/helper/LangKey
[09Apr2026 18:25:52.466] [Server thread/INFO] [net.minecraft.server.dedicated.DedicatedServer/]: MS_484 has made the advancement [Knowledge of Death]
[09Apr2026 18:25:52.469] [Server thread/INFO] [net.minecraft.server.dedicated.DedicatedServer/]: MS_484 has made the advancement [Easter Food]
[09Apr2026 18:26:54.201] [Server thread/INFO] [com.teampotato.redirector.Redirector/]: Redirecting net/minecraft/world/Explosion$Mode
[09Apr2026 18:26:54.232] [Server thread/INFO] [net.minecraft.server.dedicated.DedicatedServer/]: Goj0 is bleeding...
[09Apr2026 18:26:54.232] [Server thread/WARN] [tombstone/]: The death event of the player Goj0 was canceled by another mod
[09Apr2026 18:26:54.267] [Server thread/INFO] [tombstone/]: The player Goj0 has successfully been saved
[09Apr2026 18:27:01.072] [Server thread/WARN] [twilightforest/]: Dropping inventory items previously held in reserve for player Goj0 (38c49b64-4c4f-3860-9cc7-470580cdccc6)
[09Apr2026 18:27:01.074] [Server thread/INFO] [net.minecraft.server.dedicated.DedicatedServer/]: Goj0 was blown up by Creeper
[09Apr2026 18:27:01.342] [Server thread/INFO] [com.teampotato.redirector.Redirector/]: Redirecting ovh/corail/tombstone/helper/SpawnHelper$SpawnResult
[09Apr2026 18:27:02.322] [Netty Epoll Server IO #1/ERROR] [net.minecraft.command.arguments.ArgumentTypes/]: Could not serialize cpw.mods.inventorysorter.InventorySorterCommand$ContainerClassArgument@68c95d05 (class cpw.mods.inventorysorter.InventorySorterCommand$ContainerClassArgument) - will not be sent to client!
[09Apr2026 18:27:02.322] [Netty Epoll Server IO #1/ERROR] [net.minecraft.command.arguments.ArgumentTypes/]: Could not serialize cpw.mods.inventorysorter.InventorySorterCommand$ContainerClassArgument@5784275 (class cpw.mods.inventorysorter.InventorySorterCommand$ContainerClassArgument) - will not be sent to client!
[09Apr2026 18:27:04.343] [Server thread/INFO] [com.teampotato.redirector.Redirector/]: Redirecting ovh/corail/tombstone/item/ItemCastableMagic$CastingTarget
[09Apr2026 18:27:06.274] [Server thread/INFO] [com.teampotato.redirector.Redirector/]: Redirecting net/minecraft/tileentity/TileEntityMerger$Type
[09Apr2026 18:27:14.866] [Server thread/INFO] [net.minecraft.server.dedicated.DedicatedServer/]: MS_484 has made the advancement [Acquire Hardware]
[09Apr2026 18:27:29.165] [Server thread/WARN] [net.minecraft.server.management.PlayerInteractionManager/]: Mismatch in destroy block pos: BlockPos{x=493, y=85, z=5584} BlockPos{x=493, y=83, z=5585}
[09Apr2026 18:27:29.218] [Server thread/WARN] [net.minecraft.server.management.PlayerInteractionManager/]: Mismatch in destroy block pos: BlockPos{x=493, y=85, z=5584} BlockPos{x=493, y=83, z=5585}
[09Apr2026 18:27:29.267] [Server thread/WARN] [net.minecraft.server.management.PlayerInteractionManager/]: Mismatch in destroy block pos: BlockPos{x=493, y=85, z=5584} BlockPos{x=493, y=83, z=5585}
[09Apr2026 18:27:29.310] [Server thread/WARN] [net.minecraft.server.management.PlayerInteractionManager/]: Mismatch in destroy block pos: BlockPos{x=493, y=85, z=5584} BlockPos{x=493, y=83, z=5585}
[09Apr2026 18:27:35.111] [Server thread/INFO] [net.minecraft.server.dedicated.DedicatedServer/]: [Goj0: Teleported MS_484 to Goj0]
[09Apr2026 18:27:50.655] [Server thread/WARN] [net.minecraft.server.management.PlayerInteractionManager/]: Mismatch in destroy block pos: BlockPos{x=491, y=85, z=5612} BlockPos{x=492, y=83, z=5613}
[09Apr2026 18:27:50.712] [Server thread/WARN] [net.minecraft.server.management.PlayerInteractionManager/]: Mismatch in destroy block pos: BlockPos{x=491, y=85, z=5612} BlockPos{x=492, y=83, z=5613}
[09Apr2026 18:27:50.763] [Server thread/WARN] [net.minecraft.server.management.PlayerInteractionManager/]: Mismatch in destroy block pos: BlockPos{x=490, y=85, z=5613} BlockPos{x=492, y=83, z=5613}
[09Apr2026 18:27:50.819] [Server thread/WARN] [net.minecraft.server.management.PlayerInteractionManager/]: Mismatch in destroy block pos: BlockPos{x=490, y=85, z=5613} BlockPos{x=492, y=83, z=5613}
[09Apr2026 18:29:38.997] [Server thread/INFO] [net.minecraft.server.dedicated.DedicatedServer/]: MS_484 has made the advancement [Suit Up]
[09Apr2026 18:30:43.425] [Server thread/INFO] [net.minecraft.server.dedicated.DedicatedServer/]: MS_484 has made the advancement [Sweet Dreams]
[09Apr2026 18:30:43.426] [Server thread/INFO] [com.teampotato.redirector.Redirector/]: Redirecting net/minecraft/entity/player/PlayerEntity$SleepResult
[09Apr2026 18:31:35.190] [Server thread/INFO] [com.teampotato.redirector.Redirector/]: Redirecting com/ilexiconn/llibrary/server/animation/AnimationHandler
[09Apr2026 18:33:36.938] [Server thread/INFO] [com.teampotato.redirector.Redirector/]: Redirecting com/ferreusveritas/dynamictrees/api/treedata/TreePart$TreePartType
[09Apr2026 18:33:36.942] [Server thread/INFO] [com.teampotato.redirector.Redirector/]: Redirecting com/ferreusveritas/dynamictrees/blocks/branches/ThickBranchBlock$ReplaceableState
[09Apr2026 18:33:39.466] [Server thread/WARN] [net.minecraft.world.server.ServerWorld/]: Trying to add entity with duplicated UUID a589fcb4-d354-483a-b9dc-f413cc490dca. Existing minecraft:armor_stand#4441, new: minecraft:armor_stand#4441
[09Apr2026 18:33:39.471] [Server thread/WARN] [net.minecraft.network.play.ServerPlayNetHandler/]: MS_484 moved too quickly! -0.09791035380260382,-1.6815583980583142,10.073300951030433
[09Apr2026 18:33:39.473] [Server thread/WARN] [net.minecraft.server.MinecraftServer/]: Can't keep up! Is the server overloaded? Running 2143ms or 42 ticks behind
[09Apr2026 18:33:51.479] [Server thread/WARN] [ModernFix/]: The namespace tht contains an outdated structure file, which can cause worldgen lag. Please view debug.log for the full filename, determine which mod provides the structure, and report to the mod/datapack author, including the debug log.
[09Apr2026 18:33:51.487] [Server thread/INFO] [com.teampotato.redirector.Redirector/]: Redirecting com/mojang/datafixers/TypeRewriteRule$Nop
[09Apr2026 18:33:51.681] [Server thread/INFO] [com.teampotato.redirector.Redirector/]: Redirecting com/mojang/datafixers/FunctionType$Instance
[09Apr2026 18:33:52.335] [Server thread/INFO] [com.teampotato.redirector.Redirector/]: Redirecting com/mojang/datafixers/kinds/IdF$Instance
[09Apr2026 18:33:56.367] [Server thread/WARN] [net.minecraft.network.play.ServerPlayNetHandler/]: MS_484 moved too quickly! 3.657193024448361,-2.0754440651894868,9.358354297807637
[09Apr2026 18:33:58.508] [Server thread/WARN] [net.minecraft.server.MinecraftServer/]: Can't keep up! Is the server overloaded? Running 4078ms or 81 ticks behind
[09Apr2026 18:34:06.010] [Server thread/WARN] [net.minecraft.network.play.ServerPlayNetHandler/]: MS_484 moved too quickly! 5.282361719105097,-3.0,8.323676474805325
[09Apr2026 18:34:22.537] [Server thread/WARN] [net.minecraft.server.MinecraftServer/]: Can't keep up! Is the server overloaded? Running 2207ms or 44 ticks behind
[09Apr2026 18:34:36.718] [Server thread/WARN] [net.minecraft.network.play.ServerPlayNetHandler/]: Goj0 moved too quickly! -1.1215274394214134,-1.5870907195829886,9.862396576955689
[09Apr2026 18:34:45.054] [Server thread/WARN] [net.minecraft.server.MinecraftServer/]: Can't keep up! Is the server overloaded? Running 2124ms or 42 ticks behind
[09Apr2026 18:35:09.001] [Server thread/INFO] [net.minecraft.server.dedicated.DedicatedServer/]: Goj0 is bleeding...
[09Apr2026 18:35:09.002] [Server thread/WARN] [tombstone/]: The death event of the player Goj0 was canceled by another mod
[09Apr2026 18:35:09.004] [Server thread/INFO] [tombstone/]: The player Goj0 has successfully been saved
[09Apr2026 18:36:35.439] [Server thread/INFO] [net.minecraft.server.dedicated.DedicatedServer/]: MS_484 has made the advancement [Isn't It Iron Pick]
[09Apr2026 18:37:03.225] [Chunky-minecraft:overworld Thread/INFO] [net.minecraft.server.dedicated.DedicatedServer/]: [Chunky] Task running for minecraft:overworld. Processed: 820 chunks (1.30%), ETA: 0:00:07, Rate: 8200.0 cps, Current: 25, 373
[09Apr2026 18:37:04.224] [Chunky-minecraft:overworld Thread/INFO] [net.minecraft.server.dedicated.DedicatedServer/]: [Chunky] Task running for minecraft:overworld. Processed: 2254 chunks (3.58%), ETA: 0:00:29, Rate: 2049.1 cps, Current: 56, 338
[09Apr2026 18:37:05.244] [Chunky-minecraft:overworld Thread/INFO] [net.minecraft.server.dedicated.DedicatedServer/]: [Chunky] Task running for minecraft:overworld. Processed: 2758 chunks (4.38%), ETA: 0:00:46, Rate: 1301.6 cps, Current: 7, 385
[09Apr2026 18:37:06.253] [Chunky-minecraft:overworld Thread/INFO] [net.minecraft.server.dedicated.DedicatedServer/]: [Chunky] Task running for minecraft:overworld. Processed: 3706 chunks (5.88%), ETA: 0:00:50, Rate: 1184.8 cps, Current: 47, 389
[09Apr2026 18:37:07.256] [Chunky-minecraft:overworld Thread/INFO] [net.minecraft.server.dedicated.DedicatedServer/]: [Chunky] Task running for minecraft:overworld. Processed: 4058 chunks (6.44%), ETA: 0:01:00, Rate: 982.1 cps, Current: 39, 327
[09Apr2026 18:37:08.277] [Chunky-minecraft:overworld Thread/INFO] [net.minecraft.server.dedicated.DedicatedServer/]: [Chunky] Task running for minecraft:overworld. Processed: 4417 chunks (7.01%), ETA: 0:01:08, Rate: 857.2 cps, Current: -1, 386
[09Apr2026 18:37:09.278] [Chunky-minecraft:overworld Thread/INFO] [net.minecraft.server.dedicated.DedicatedServer/]: [Chunky] Task running for minecraft:overworld. Processed: 4462 chunks (7.08%), ETA: 0:01:20, Rate: 725.2 cps, Current: 38, 392
[09Apr2026 18:37:10.401] [Chunky-minecraft:overworld Thread/INFO] [net.minecraft.server.dedicated.DedicatedServer/]: [Chunky] Task running for minecraft:overworld. Processed: 4681 chunks (7.43%), ETA: 0:01:30, Rate: 643.3 cps, Current: -2, 381
[09Apr2026 18:37:11.401] [Chunky-minecraft:overworld Thread/INFO] [net.minecraft.server.dedicated.DedicatedServer/]: [Chunky] Task running for minecraft:overworld. Processed: 5111 chunks (8.11%), ETA: 0:01:33, Rate: 617.5 cps, Current: 68, 325
[09Apr2026 18:37:12.474] [Chunky-minecraft:overworld Thread/INFO] [net.minecraft.server.dedicated.DedicatedServer/]: [Chunky] Task running for minecraft:overworld. Processed: 5549 chunks (8.81%), ETA: 0:01:36, Rate: 593.5 cps, Current: -5, 394
[09Apr2026 18:37:13.474] [Chunky-minecraft:overworld Thread/INFO] [net.minecraft.server.dedicated.DedicatedServer/]: [Chunky] Task running for minecraft:overworld. Processed: 5929 chunks (9.41%), ETA: 0:02:27, Rate: 386.9 cps, Current: 70, 397
[09Apr2026 18:37:14.480] [Chunky-minecraft:overworld Thread/INFO] [net.minecraft.server.dedicated.DedicatedServer/]: [Chunky] Task running for minecraft:overworld. Processed: 6401 chunks (10.16%), ETA: 0:02:23, Rate: 395.7 cps, Current: -8, 319
[09Apr2026 18:37:15.494] [Chunky-minecraft:overworld Thread/INFO] [net.minecraft.server.dedicated.DedicatedServer/]: [Chunky] Task running for minecraft:overworld. Processed: 6870 chunks (10.90%), ETA: 0:02:43, Rate: 343.0 cps, Current: 54, 400
[09Apr2026 18:37:16.510] [Chunky-minecraft:overworld Thread/INFO] [net.minecraft.server.dedicated.DedicatedServer/]: [Chunky] Task running for minecraft:overworld. Processed: 7311 chunks (11.60%), ETA: 0:02:37, Rate: 353.0 cps, Current: 75, 316
[09Apr2026 18:37:17.547] [Chunky-minecraft:overworld Thread/INFO] [net.minecraft.server.dedicated.DedicatedServer/]: [Chunky] Task running for minecraft:overworld. Processed: 7619 chunks (12.09%), ETA: 0:02:25, Rate: 380.1 cps, Current: 76, 353
[09Apr2026 18:37:18.572] [Chunky-minecraft:overworld Thread/INFO] [net.minecraft.server.dedicated.DedicatedServer/]: [Chunky] Task running for minecraft:overworld. Processed: 8053 chunks (12.78%), ETA: 0:02:22, Rate: 384.9 cps, Current: 35, 314
[09Apr2026 18:37:19.572] [Chunky-minecraft:overworld Thread/INFO] [net.minecraft.server.dedicated.DedicatedServer/]: [Chunky] Task running for minecraft:overworld. Processed: 8443 chunks (13.40%), ETA: 0:02:15, Rate: 402.3 cps, Current: 8, 313
[09Apr2026 18:37:20.614] [Chunky-minecraft:overworld Thread/INFO] [net.minecraft.server.dedicated.DedicatedServer/]: [Chunky] Task running for minecraft:overworld. Processed: 8934 chunks (14.18%), ETA: 0:02:11, Rate: 410.0 cps, Current: -12, 406
[09Apr2026 18:37:21.680] [Chunky-minecraft:overworld Thread/INFO] [net.minecraft.server.dedicated.DedicatedServer/]: [Chunky] Task running for minecraft:overworld. Processed: 9401 chunks (14.92%), ETA: 0:02:04, Rate: 429.4 cps, Current: 72, 407
[09Apr2026 18:37:22.680] [Chunky-minecraft:overworld Thread/INFO] [net.minecraft.server.dedicated.DedicatedServer/]: [Chunky] Task running for minecraft:overworld. Processed: 9704 chunks (15.40%), ETA: 0:02:08, Rate: 415.9 cps, Current: -16, 408
[09Apr2026 18:37:23.907] [Worker-Main-3/INFO] [TerraForged/]:  - Erosion decorator enabled
[09Apr2026 18:37:23.909] [Worker-Main-3/INFO] [TerraForged/]:  - Natural snow decorator enabled
[09Apr2026 18:37:23.909] [Worker-Main-3/INFO] [TerraForged/]:  - Smooth layer decorator enabled
[09Apr2026 18:37:23.930] [Worker-Main-3/WARN] [net.minecraft.resources.ResourcePackInfo/]: Couldn't get pack info for: net.minecraft.resources.ResourcePackFileNotFoundException: 'pack.mcmeta' in ResourcePack '/workspaces/poseta/servidor_minecraft/libraries/net/minecraftforge/forge/1.16.5-36.2.42/forge-1.16.5-36.2.42-server.jar'
[09Apr2026 18:37:24.380] [Worker-Main-3/INFO] [com.teampotato.redirector.Redirector/]: Redirecting com/terraforged/mod/featuremanager/transformer/InjectionPosition
[09Apr2026 18:37:24.403] [Worker-Main-3/INFO] [TerraForged/]:  - Vanilla lakes disabled
[09Apr2026 18:37:24.404] [Worker-Main-3/INFO] [TerraForged/]:  - Vanilla lava lakes enabled
[09Apr2026 18:37:24.405] [Worker-Main-3/INFO] [TerraForged/]:  - Vanilla water springs enabled
[09Apr2026 18:37:24.405] [Worker-Main-3/INFO] [TerraForged/]:  - Vanilla lava springs disabled
[09Apr2026 18:37:24.406] [Worker-Main-3/INFO] [TerraForged/]:  - Custom features enabled
[09Apr2026 18:37:28.219] [Worker-Main-2/INFO] [com.teampotato.redirector.Redirector/]: Redirecting com/ferreusveritas/dynamictrees/worldgen/TreeGenerator$GeneratorResult
[09Apr2026 18:37:29.613] [Server thread/INFO] [net.minecraft.server.dedicated.DedicatedServer/]: [Chunky] Task running for minecraft:overworld. Processed: 10101 chunks (16.03%), ETA: 0:09:56, Rate: 88.7 cps, Current: -18, 409
[09Apr2026 18:37:31.798] [Server thread/INFO] [net.minecraft.server.dedicated.DedicatedServer/]: [Chunky] Task running for minecraft:overworld. Processed: 10109 chunks (16.05%), ETA: 3:34:01, Rate: 4.1 cps, Current: -10, 409
[09Apr2026 18:37:33.524] [Server thread/INFO] [net.minecraft.server.dedicated.DedicatedServer/]: [Chunky] Task running for minecraft:overworld. Processed: 10115 chunks (16.06%), ETA: 3:49:52, Rate: 3.8 cps, Current: -4, 409
[09Apr2026 18:37:34.989] [Server thread/INFO] [net.minecraft.server.dedicated.DedicatedServer/]: [Chunky] Task running for minecraft:overworld. Processed: 10122 chunks (16.07%), ETA: 3:35:24, Rate: 4.1 cps, Current: 4, 409
[09Apr2026 18:37:36.004] [Server thread/INFO] [net.minecraft.server.dedicated.DedicatedServer/]: [Chunky] Task running for minecraft:overworld. Processed: 10146 chunks (16.10%), ETA: 2:02:24, Rate: 7.2 cps, Current: 26, 409
[09Apr2026 18:37:37.046] [Chunky-minecraft:overworld Thread/INFO] [net.minecraft.server.dedicated.DedicatedServer/]: [Chunky] Task running for minecraft:overworld. Processed: 10363 chunks (16.45%), ETA: 0:24:47, Rate: 35.4 cps, Current: -19, 313
[09Apr2026 18:37:37.095] [Server thread/WARN] [net.minecraft.server.MinecraftServer/]: Can't keep up! Is the server overloaded? Running 2015ms or 40 ticks behind
[09Apr2026 18:37:37.507] [Worker-Main-1/WARN] [net.minecraft.entity.EntityType/]: Skipping Entity with id 
[09Apr2026 18:37:38.088] [Worker-Main-1/WARN] [TerraForged/]: Structure was slow to generate! (561ms): village
[09Apr2026 18:37:38.132] [Server thread/INFO] [net.minecraft.server.dedicated.DedicatedServer/]: [Chunky] Task running for minecraft:overworld. Processed: 10478 chunks (16.63%), ETA: 0:19:43, Rate: 44.4 cps, Current: 55, 409
[09Apr2026 18:37:39.335] [Server thread/INFO] [net.minecraft.server.dedicated.DedicatedServer/]: [Chunky] Task running for minecraft:overworld. Processed: 10487 chunks (16.65%), ETA: 0:21:59, Rate: 39.8 cps, Current: 64, 409
[09Apr2026 18:37:41.571] [Server thread/INFO] [net.minecraft.server.dedicated.DedicatedServer/]: [Chunky] Task running for minecraft:overworld. Processed: 10504 chunks (16.67%), ETA: 0:21:35, Rate: 40.5 cps, Current: 81, 409
[09Apr2026 18:37:41.594] [Worker-Main-1/INFO] [com._idrae.towers_of_the_wild.TowersOfTheWild/]: towers_of_the_wild:regular_bottom pattern registered.
[09Apr2026 18:37:41.595] [Worker-Main-1/WARN] [net.minecraft.world.gen.feature.jigsaw.JigsawManager/]: Empty or none existent pool: towers_of_the_wild:regular_bottom
[09Apr2026 18:37:42.398] [Worker-Main-2/WARN] [net.minecraft.entity.EntityType/]: Skipping Entity with id nuggets_dungeons_ii:caverachnid
[09Apr2026 18:37:42.399] [Worker-Main-2/WARN] [net.minecraft.entity.EntityType/]: Skipping Entity with id nuggets_dungeons_ii:caverachnid
[09Apr2026 18:37:42.399] [Worker-Main-2/WARN] [net.minecraft.entity.EntityType/]: Skipping Entity with id nuggets_dungeons_ii:caverachnid
[09Apr2026 18:37:42.399] [Worker-Main-2/WARN] [net.minecraft.entity.EntityType/]: Skipping Entity with id nuggets_dungeons_ii:caverachnid
[09Apr2026 18:37:42.597] [Server thread/INFO] [net.minecraft.server.dedicated.DedicatedServer/]: [Chunky] Task running for minecraft:overworld. Processed: 10547 chunks (16.74%), ETA: 0:21:30, Rate: 40.6 cps, Current: 21, 410
[09Apr2026 18:37:43.064] [Worker-Main-2/WARN] [net.minecraft.entity.EntityType/]: Skipping Entity with id 
[09Apr2026 18:37:43.066] [Worker-Main-2/INFO] [com.teampotato.redirector.Redirector/]: Redirecting com/github/alexthe666/iceandfire/enums/EnumBestiaryPages
[09Apr2026 18:37:43.634] [Chunky-minecraft:overworld Thread/INFO] [net.minecraft.server.dedicated.DedicatedServer/]: [Chunky] Task running for minecraft:overworld. Processed: 10742 chunks (17.05%), ETA: 0:13:42, Rate: 63.5 cps, Current: 15, 307
[09Apr2026 18:37:45.048] [Server thread/INFO] [net.minecraft.server.dedicated.DedicatedServer/]: [Chunky] Task running for minecraft:overworld. Processed: 10903 chunks (17.31%), ETA: 0:12:25, Rate: 69.9 cps, Current: 70, 410
[09Apr2026 18:37:45.994] [Worker-Main-2/WARN] [net.minecraft.entity.EntityType/]: Skipping Entity with id nuggets_dungeons_ii:biter
[09Apr2026 18:37:45.994] [Worker-Main-2/WARN] [net.minecraft.entity.EntityType/]: Skipping Entity with id nuggets_dungeons_ii:biter
[09Apr2026 18:37:45.995] [Worker-Main-2/WARN] [net.minecraft.entity.EntityType/]: Skipping Entity with id nuggets_dungeons_ii:biter
[09Apr2026 18:37:46.055] [Server thread/INFO] [net.minecraft.server.dedicated.DedicatedServer/]: [Chunky] Task running for minecraft:overworld. Processed: 10939 chunks (17.36%), ETA: 0:10:59, Rate: 79.0 cps, Current: -1, 411
[09Apr2026 18:37:46.379] [Worker-Main-3/WARN] [net.minecraft.entity.EntityType/]: Skipping Entity with id nuggets_dungeons_ii:cursed
[09Apr2026 18:37:46.380] [Worker-Main-3/WARN] [net.minecraft.entity.EntityType/]: Skipping Entity with id nuggets_dungeons_ii:cursed
[09Apr2026 18:37:46.380] [Worker-Main-3/WARN] [net.minecraft.entity.EntityType/]: Skipping Entity with id nuggets_dungeons_ii:cursed
[09Apr2026 18:37:46.380] [Worker-Main-3/WARN] [net.minecraft.entity.EntityType/]: Skipping Entity with id nuggets_dungeons_ii:cursed
[09Apr2026 18:37:46.380] [Worker-Main-3/WARN] [net.minecraft.entity.EntityType/]: Skipping Entity with id nuggets_dungeons_ii:cursed
[09Apr2026 18:37:47.075] [Server thread/INFO] [net.minecraft.server.dedicated.DedicatedServer/]: [Chunky] Task running for minecraft:overworld. Processed: 10964 chunks (17.40%), ETA: 0:11:43, Rate: 73.9 cps, Current: 18, 411
[09Apr2026 18:37:48.075] [Chunky-minecraft:overworld Thread/INFO] [net.minecraft.server.dedicated.DedicatedServer/]: [Chunky] Task running for minecraft:overworld. Processed: 11097 chunks (17.61%), ETA: 0:13:52, Rate: 62.4 cps, Current: 74, 306
[09Apr2026 18:37:49.338] [Server thread/INFO] [net.minecraft.server.dedicated.DedicatedServer/]: [Chunky] Task running for minecraft:overworld. Processed: 11325 chunks (17.98%), ETA: 0:11:22, Rate: 75.7 cps, Current: 75, 411
[09Apr2026 18:37:50.706] [Server thread/INFO] [net.minecraft.server.dedicated.DedicatedServer/]: [Chunky] Task running for minecraft:overworld. Processed: 11340 chunks (18.00%), ETA: 0:09:23, Rate: 91.6 cps, Current: -15, 412
[09Apr2026 18:37:50.875] [Worker-Main-3/INFO] [com.teampotato.redirector.Redirector/]: Redirecting xiroc/dungeoncrawl/dungeon/Tile$Flag
[09Apr2026 18:37:51.744] [Server thread/INFO] [net.minecraft.server.dedicated.DedicatedServer/]: [Chunky] Task running for minecraft:overworld. Processed: 11374 chunks (18.05%), ETA: 0:10:02, Rate: 85.6 cps, Current: -1, 412
[09Apr2026 18:37:53.117] [Server thread/INFO] [net.minecraft.server.dedicated.DedicatedServer/]: [Chunky] Task running for minecraft:overworld. Processed: 11403 chunks (18.10%), ETA: 0:12:00, Rate: 71.7 cps, Current: 40, 412
[09Apr2026 18:37:54.144] [Chunky-minecraft:overworld Thread/INFO] [net.minecraft.server.dedicated.DedicatedServer/]: [Chunky] Task running for minecraft:overworld. Processed: 11640 chunks (18.48%), ETA: 0:10:09, Rate: 84.3 cps, Current: -22, 307
[09Apr2026 18:37:55.402] [Server thread/INFO] [net.minecraft.server.dedicated.DedicatedServer/]: [Chunky] Task running for minecraft:overworld. Processed: 11768 chunks (18.68%), ETA: 0:09:51, Rate: 86.5 cps, Current: 86, 411
[09Apr2026 18:37:56.422] [Server thread/INFO] [net.minecraft.server.dedicated.DedicatedServer/]: [Chunky] Task running for minecraft:overworld. Processed: 11776 chunks (18.69%), ETA: 0:09:38, Rate: 88.5 cps, Current: -19, 413
[09Apr2026 18:37:57.958] [Server thread/INFO] [net.minecraft.server.dedicated.DedicatedServer/]: [Chunky] Task running for minecraft:overworld. Processed: 11793 chunks (18.72%), ETA: 0:11:06, Rate: 76.9 cps, Current: -9, 413
[09Apr2026 18:37:58.959] [Chunky-minecraft:overworld Thread/INFO] [net.minecraft.server.dedicated.DedicatedServer/]: [Chunky] Task running for minecraft:overworld. Processed: 11840 chunks (18.79%), ETA: 0:15:15, Rate: 55.9 cps, Current: 87, 405
[09Apr2026 18:37:59.672] [Worker-Main-2/INFO] [com.teampotato.redirector.Redirector/]: Redirecting net/minecraft/entity/passive/FoxEntity$Type
[09Apr2026 18:37:59.966] [Server thread/INFO] [net.minecraft.server.dedicated.DedicatedServer/]: [Chunky] Task running for minecraft:overworld. Processed: 12165 chunks (19.31%), ETA: 0:10:14, Rate: 82.7 cps, Current: 51, 413
[09Apr2026 18:38:00.980] [Server thread/INFO] [net.minecraft.server.dedicated.DedicatedServer/]: [Chunky] Task running for minecraft:overworld. Processed: 12176 chunks (19.33%), ETA: 0:09:35, Rate: 88.3 cps, Current: 62, 413
[09Apr2026 18:38:02.221] [Server thread/INFO] [net.minecraft.server.dedicated.DedicatedServer/]: [Chunky] Task running for minecraft:overworld. Processed: 12177 chunks (19.33%), ETA: 0:10:53, Rate: 77.7 cps, Current: 64, 413
[09Apr2026 18:38:02.546] [Server thread/WARN] [net.minecraft.server.MinecraftServer/]: Can't keep up! Is the server overloaded? Running 2016ms or 40 ticks behind
[09Apr2026 18:38:03.379] [Server thread/INFO] [net.minecraft.server.dedicated.DedicatedServer/]: [Chunky] Task running for minecraft:overworld. Processed: 12206 chunks (19.37%), ETA: 0:13:32, Rate: 62.5 cps, Current: -21, 414
[09Apr2026 18:38:04.486] [Server thread/INFO] [net.minecraft.server.dedicated.DedicatedServer/]: [Chunky] Task running for minecraft:overworld. Processed: 12219 chunks (19.39%), ETA: 0:14:48, Rate: 57.1 cps, Current: -23, 414
[09Apr2026 18:38:05.626] [Server thread/INFO] [net.minecraft.server.dedicated.DedicatedServer/]: [Chunky] Task running for minecraft:overworld. Processed: 12233 chunks (19.42%), ETA: 0:17:28, Rate: 48.4 cps, Current: -1, 414
[09Apr2026 18:38:05.724] [Worker-Main-2/WARN] [net.minecraft.entity.EntityType/]: Skipping Entity with id nuggets_dungeons_ii:martian
[09Apr2026 18:38:05.725] [Worker-Main-2/WARN] [net.minecraft.entity.EntityType/]: Skipping Entity with id nuggets_dungeons_ii:martian
[09Apr2026 18:38:05.725] [Worker-Main-2/WARN] [net.minecraft.entity.EntityType/]: Skipping Entity with id nuggets_dungeons_ii:martian
[09Apr2026 18:38:05.725] [Worker-Main-2/WARN] [net.minecraft.entity.EntityType/]: Skipping Entity with id nuggets_dungeons_ii:martian
[09Apr2026 18:38:05.741] [Worker-Main-1/WARN] [net.minecraft.entity.EntityType/]: Skipping Entity with id nuggets_dungeons_ii:caverachnid
[09Apr2026 18:38:05.742] [Worker-Main-1/WARN] [net.minecraft.entity.EntityType/]: Skipping Entity with id nuggets_dungeons_ii:caverachnid
[09Apr2026 18:38:05.742] [Worker-Main-1/WARN] [net.minecraft.entity.EntityType/]: Skipping Entity with id nuggets_dungeons_ii:caverachnid
[09Apr2026 18:38:05.742] [Worker-Main-1/WARN] [net.minecraft.entity.EntityType/]: Skipping Entity with id nuggets_dungeons_ii:caverachnid
[09Apr2026 18:38:06.829] [Server thread/INFO] [net.minecraft.server.dedicated.DedicatedServer/]: [Chunky] Task running for minecraft:overworld. Processed: 12249 chunks (19.44%), ETA: 0:16:13, Rate: 52.1 cps, Current: 14, 414
[09Apr2026 18:38:07.964] [Server thread/INFO] [net.minecraft.server.dedicated.DedicatedServer/]: [Chunky] Task running for minecraft:overworld. Processed: 12274 chunks (19.48%), ETA: 0:17:23, Rate: 48.6 cps, Current: 40, 414
[09Apr2026 18:38:08.968] [Chunky-minecraft:overworld Thread/INFO] [net.minecraft.server.dedicated.DedicatedServer/]: [Chunky] Task running for minecraft:overworld. Processed: 12536 chunks (19.90%), ETA: 0:19:42, Rate: 42.7 cps, Current: -24, 323
[09Apr2026 18:38:10.768] [Server thread/INFO] [net.minecraft.server.dedicated.DedicatedServer/]: [Chunky] Task running for minecraft:overworld. Processed: 12646 chunks (20.07%), ETA: 0:18:17, Rate: 45.9 cps, Current: 88, 412
[09Apr2026 18:38:11.907] [Server thread/INFO] [net.minecraft.server.dedicated.DedicatedServer/]: [Chunky] Task running for minecraft:overworld. Processed: 12686 chunks (20.14%), ETA: 0:16:02, Rate: 52.3 cps, Current: 6, 415
[09Apr2026 18:38:13.213] [Server thread/INFO] [net.minecraft.server.dedicated.DedicatedServer/]: [Chunky] Task running for minecraft:overworld. Processed: 12718 chunks (20.19%), ETA: 0:14:25, Rate: 58.1 cps, Current: 39, 415
[09Apr2026 18:38:13.636] [Worker-Main-2/WARN] [net.minecraft.entity.EntityType/]: Skipping Entity with id 
[09Apr2026 18:38:14.214] [Server thread/INFO] [net.minecraft.server.dedicated.DedicatedServer/]: [Chunky] Task running for minecraft:overworld. Processed: 12854 chunks (20.40%), ETA: 0:12:35, Rate: 66.4 cps, Current: 87, 302
[09Apr2026 18:38:15.217] [Chunky-minecraft:overworld Thread/INFO] [net.minecraft.server.dedicated.DedicatedServer/]: [Chunky] Task running for minecraft:overworld. Processed: 13003 chunks (20.64%), ETA: 0:09:15, Rate: 90.0 cps, Current: -25, 314
[09Apr2026 18:38:16.231] [Chunky-minecraft:overworld Thread/INFO] [net.minecraft.server.dedicated.DedicatedServer/]: [Chunky] Task running for minecraft:overworld. Processed: 13074 chunks (20.75%), ETA: 0:09:28, Rate: 87.9 cps, Current: -25, 379
[09Apr2026 18:38:17.774] [Server thread/INFO] [net.minecraft.server.dedicated.DedicatedServer/]: [Chunky] Task running for minecraft:overworld. Processed: 13104 chunks (20.80%), ETA: 0:12:26, Rate: 66.9 cps, Current: -25, 409
[09Apr2026 18:38:19.001] [Server thread/INFO] [net.minecraft.server.dedicated.DedicatedServer/]: [Chunky] Task running for minecraft:overworld. Processed: 13125 chunks (20.83%), ETA: 0:13:39, Rate: 60.8 cps, Current: -11, 416
[09Apr2026 18:38:20.030] [Server thread/INFO] [net.minecraft.server.dedicated.DedicatedServer/]: [Chunky] Task running for minecraft:overworld. Processed: 13162 chunks (20.89%), ETA: 0:15:02, Rate: 55.2 cps, Current: 25, 416
[09Apr2026 18:38:20.578] [Worker-Main-2/ERROR] [net.minecraft.util.registry.SimpleRegistry/]: Adding duplicate value 'net.minecraft.world.gen.feature.jigsaw.JigsawPattern@4ba6cf08' to registry
[09Apr2026 18:38:20.579] [Worker-Main-2/WARN] [net.minecraft.world.gen.feature.jigsaw.JigsawManager/]: Empty or none existent pool: towers_of_the_wild:regular_bottom
[09Apr2026 18:38:21.059] [Chunky-minecraft:overworld Thread/INFO] [net.minecraft.server.dedicated.DedicatedServer/]: [Chunky] Task running for minecraft:overworld. Processed: 13209 chunks (20.97%), ETA: 0:15:17, Rate: 54.3 cps, Current: 90, 386
[09Apr2026 18:38:22.060] [Chunky-minecraft:overworld Thread/INFO] [net.minecraft.server.dedicated.DedicatedServer/]: [Chunky] Task running for minecraft:overworld. Processed: 13406 chunks (21.28%), ETA: 0:10:36, Rate: 77.9 cps, Current: 9, 301
[09Apr2026 18:38:23.061] [Chunky-minecraft:overworld Thread/INFO] [net.minecraft.server.dedicated.DedicatedServer/]: [Chunky] Task running for minecraft:overworld. Processed: 13553 chunks (21.51%), ETA: 0:09:42, Rate: 84.9 cps, Current: -26, 397
[09Apr2026 18:38:25.083] [Server thread/INFO] [net.minecraft.server.dedicated.DedicatedServer/]: [Chunky] Task running for minecraft:overworld. Processed: 13565 chunks (21.53%), ETA: 0:14:26, Rate: 57.1 cps, Current: -26, 409
[09Apr2026 18:38:25.846] [Worker-Main-2/WARN] [net.minecraft.entity.EntityType/]: Skipping Entity with id nuggets_dungeons_ii:iceman
[09Apr2026 18:38:25.846] [Worker-Main-2/WARN] [net.minecraft.entity.EntityType/]: Skipping Entity with id nuggets_dungeons_ii:iceman
[09Apr2026 18:38:25.847] [Worker-Main-2/WARN] [net.minecraft.entity.EntityType/]: Skipping Entity with id nuggets_dungeons_ii:iceman
[09Apr2026 18:38:25.847] [Worker-Main-2/WARN] [net.minecraft.entity.EntityType/]: Skipping Entity with id nuggets_dungeons_ii:iceman
[09Apr2026 18:38:25.847] [Worker-Main-2/WARN] [net.minecraft.entity.EntityType/]: Skipping Entity with id nuggets_dungeons_ii:iceman
[09Apr2026 18:38:25.923] [Worker-Main-3/INFO] [com.teampotato.redirector.Redirector/]: Redirecting com/telepathicgrunt/repurposedstructures/world/processors/DataBlockProcessor$DATA_PROCESSOR_MODE
[09Apr2026 18:38:26.111] [Server thread/INFO] [net.minecraft.server.dedicated.DedicatedServer/]: [Chunky] Task running for minecraft:overworld. Processed: 13584 chunks (21.56%), ETA: 0:15:24, Rate: 53.4 cps, Current: -15, 417
[09Apr2026 18:38:27.118] [Server thread/INFO] [net.minecraft.server.dedicated.DedicatedServer/]: [Chunky] Task running for minecraft:overworld. Processed: 13611 chunks (21.60%), ETA: 0:15:08, Rate: 54.4 cps, Current: 12, 417
[09Apr2026 18:38:28.138] [Server thread/INFO] [net.minecraft.server.dedicated.DedicatedServer/]: [Chunky] Task running for minecraft:overworld. Processed: 13643 chunks (21.66%), ETA: 0:15:47, Rate: 52.1 cps, Current: 45, 417
[09Apr2026 18:38:29.159] [Chunky-minecraft:overworld Thread/INFO] [net.minecraft.server.dedicated.DedicatedServer/]: [Chunky] Task running for minecraft:overworld. Processed: 13800 chunks (21.90%), ETA: 0:11:52, Rate: 69.1 cps, Current: 69, 300
[09Apr2026 18:38:30.159] [Chunky-minecraft:overworld Thread/INFO] [net.minecraft.server.dedicated.DedicatedServer/]: [Chunky] Task running for minecraft:overworld. Processed: 14001 chunks (22.22%), ETA: 0:09:59, Rate: 81.8 cps, Current: -27, 376
[09Apr2026 18:38:32.965] [Server thread/INFO] [net.minecraft.server.dedicated.DedicatedServer/]: [Chunky] Task running for minecraft:overworld. Processed: 14034 chunks (22.28%), ETA: 0:13:41, Rate: 59.6 cps, Current: -27, 409
[09Apr2026 18:38:34.040] [Server thread/INFO] [net.minecraft.server.dedicated.DedicatedServer/]: [Chunky] Task running for minecraft:overworld. Processed: 14061 chunks (22.32%), ETA: 0:14:42, Rate: 55.5 cps, Current: -8, 418
[09Apr2026 18:38:35.069] [Server thread/INFO] [net.minecraft.server.dedicated.DedicatedServer/]: [Chunky] Task running for minecraft:overworld. Processed: 14086 chunks (22.36%), ETA: 0:15:35, Rate: 52.3 cps, Current: 16, 418
[09Apr2026 18:38:35.592] [Worker-Main-2/ERROR] [net.minecraft.util.registry.SimpleRegistry/]: Adding duplicate value 'net.minecraft.world.gen.feature.jigsaw.JigsawPattern@4ba6cf08' to registry
[09Apr2026 18:38:35.593] [Worker-Main-2/WARN] [net.minecraft.world.gen.feature.jigsaw.JigsawManager/]: Empty or none existent pool: towers_of_the_wild:regular_bottom
[09Apr2026 18:38:36.084] [Server thread/INFO] [net.minecraft.server.dedicated.DedicatedServer/]: [Chunky] Task running for minecraft:overworld. Processed: 14115 chunks (22.40%), ETA: 0:16:16, Rate: 50.1 cps, Current: 45, 418
[09Apr2026 18:38:36.412] [Worker-Main-2/WARN] [net.minecraft.entity.ai.attributes.AttributeModifierManager/]: Ignoring unknown attribute 'forge.swimSpeed'
[09Apr2026 18:38:36.412] [Worker-Main-2/WARN] [net.minecraft.entity.ai.attributes.AttributeModifierManager/]: Ignoring unknown attribute 'forge.swimSpeed'
[09Apr2026 18:38:36.413] [Worker-Main-2/WARN] [net.minecraft.entity.ai.attributes.AttributeModifierManager/]: Ignoring unknown attribute 'forge.swimSpeed'
[09Apr2026 18:38:36.413] [Worker-Main-2/WARN] [net.minecraft.entity.ai.attributes.AttributeModifierManager/]: Ignoring unknown attribute 'forge.swimSpeed'
[09Apr2026 18:38:36.414] [Worker-Main-2/WARN] [net.minecraft.entity.ai.attributes.AttributeModifierManager/]: Ignoring unknown attribute 'forge.swimSpeed'
[09Apr2026 18:38:36.414] [Worker-Main-2/WARN] [net.minecraft.entity.EntityType/]: Skipping Entity with id duneons:ghost
[09Apr2026 18:38:36.414] [Worker-Main-2/WARN] [net.minecraft.entity.EntityType/]: Skipping Entity with id duneons:ghost
[09Apr2026 18:38:36.415] [Worker-Main-2/WARN] [net.minecraft.entity.ai.attributes.AttributeModifierManager/]: Ignoring unknown attribute 'forge.swimSpeed'
[09Apr2026 18:38:36.415] [Worker-Main-2/WARN] [net.minecraft.entity.EntityType/]: Skipping Entity with id duneons:irongolempillager
[09Apr2026 18:38:36.415] [Worker-Main-2/WARN] [net.minecraft.entity.ai.attributes.AttributeModifierManager/]: Ignoring unknown attribute 'forge.swimSpeed'
[09Apr2026 18:38:36.416] [Worker-Main-2/WARN] [net.minecraft.entity.EntityType/]: Skipping Entity with id duneons:ghost
[09Apr2026 18:38:36.416] [Worker-Main-2/WARN] [net.minecraft.entity.EntityType/]: Skipping Entity with id duneons:ghost
[09Apr2026 18:38:36.416] [Worker-Main-2/WARN] [net.minecraft.entity.EntityType/]: Skipping Entity with id duneons:ghost
[09Apr2026 18:38:36.417] [Worker-Main-2/WARN] [net.minecraft.entity.EntityType/]: Skipping Entity with id duneons:ghost
[09Apr2026 18:38:36.417] [Worker-Main-2/WARN] [net.minecraft.entity.EntityType/]: Skipping Entity with id duneons:sorcererillager
[09Apr2026 18:38:36.417] [Worker-Main-2/WARN] [net.minecraft.entity.ai.attributes.AttributeModifierManager/]: Ignoring unknown attribute 'forge.swimSpeed'
[09Apr2026 18:38:36.418] [Worker-Main-2/WARN] [net.minecraft.entity.ai.attributes.AttributeModifierManager/]: Ignoring unknown attribute 'forge.swimSpeed'
[09Apr2026 18:38:36.418] [Worker-Main-2/WARN] [net.minecraft.entity.ai.attributes.AttributeModifierManager/]: Ignoring unknown attribute 'forge.swimSpeed'
[09Apr2026 18:38:36.419] [Worker-Main-2/WARN] [net.minecraft.entity.ai.attributes.AttributeModifierManager/]: Ignoring unknown attribute 'forge.swimSpeed'
[09Apr2026 18:38:36.419] [Worker-Main-2/WARN] [net.minecraft.entity.EntityType/]: Skipping Entity with id duneons:minerskeleton
[09Apr2026 18:38:36.419] [Worker-Main-2/WARN] [net.minecraft.entity.ai.attributes.AttributeModifierManager/]: Ignoring unknown attribute 'forge.swimSpeed'
[09Apr2026 18:38:36.420] [Worker-Main-2/WARN] [net.minecraft.entity.ai.attributes.AttributeModifierManager/]: Ignoring unknown attribute 'forge.swimSpeed'
[09Apr2026 18:38:36.420] [Worker-Main-2/WARN] [net.minecraft.entity.ai.attributes.AttributeModifierManager/]: Ignoring unknown attribute 'forge.swimSpeed'
[09Apr2026 18:38:36.421] [Worker-Main-2/WARN] [net.minecraft.entity.EntityType/]: Skipping Entity with id duneons:ghost
[09Apr2026 18:38:36.421] [Worker-Main-2/WARN] [net.minecraft.entity.EntityType/]: Skipping Entity with id duneons:ghost
[09Apr2026 18:38:36.421] [Worker-Main-2/WARN] [net.minecraft.entity.EntityType/]: Skipping Entity with id duneons:ghost
[09Apr2026 18:38:36.421] [Worker-Main-2/WARN] [net.minecraft.entity.EntityType/]: Skipping Entity with id duneons:ghost
[09Apr2026 18:38:37.128] [Chunky-minecraft:overworld Thread/INFO] [net.minecraft.server.dedicated.DedicatedServer/]: [Chunky] Task running for minecraft:overworld. Processed: 14333 chunks (22.75%), ETA: 0:11:11, Rate: 72.5 cps, Current: 24, 299
[09Apr2026 18:38:38.133] [Chunky-minecraft:overworld Thread/INFO] [net.minecraft.server.dedicated.DedicatedServer/]: [Chunky] Task running for minecraft:overworld. Processed: 14490 chunks (23.00%), ETA: 0:10:05, Rate: 80.1 cps, Current: -28, 388
[09Apr2026 18:38:39.529] [Server thread/INFO] [net.minecraft.server.dedicated.DedicatedServer/]: [Chunky] Task running for minecraft:overworld. Processed: 14511 chunks (23.03%), ETA: 0:11:05, Rate: 72.8 cps, Current: -28, 409
[09Apr2026 18:38:40.744] [Server thread/INFO] [net.minecraft.server.dedicated.DedicatedServer/]: [Chunky] Task running for minecraft:overworld. Processed: 14516 chunks (23.04%), ETA: 0:13:00, Rate: 62.1 cps, Current: -28, 414
[09Apr2026 18:38:41.397] [Worker-Main-3/WARN] [net.minecraft.entity.EntityType/]: Skipping Entity with id nuggets_dungeons_ii:cave_scorpion
[09Apr2026 18:38:41.398] [Worker-Main-3/WARN] [net.minecraft.entity.EntityType/]: Skipping Entity with id nuggets_dungeons_ii:cave_scorpion
[09Apr2026 18:38:41.398] [Worker-Main-3/WARN] [net.minecraft.entity.EntityType/]: Skipping Entity with id nuggets_dungeons_ii:cave_scorpion
[09Apr2026 18:38:41.766] [Server thread/INFO] [net.minecraft.server.dedicated.DedicatedServer/]: [Chunky] Task running for minecraft:overworld. Processed: 14557 chunks (23.11%), ETA: 0:13:33, Rate: 59.5 cps, Current: 9, 419
[09Apr2026 18:38:41.911] [Worker-Main-3/WARN] [net.minecraft.entity.EntityType/]: Skipping Entity with id nuggets_dungeons_ii:cave_dwarf
[09Apr2026 18:38:41.911] [Worker-Main-3/WARN] [net.minecraft.entity.EntityType/]: Skipping Entity with id nuggets_dungeons_ii:cave_dwarf
[09Apr2026 18:38:41.912] [Worker-Main-3/WARN] [net.minecraft.entity.EntityType/]: Skipping Entity with id nuggets_dungeons_ii:cave_dwarf
[09Apr2026 18:38:41.912] [Worker-Main-3/WARN] [net.minecraft.entity.EntityType/]: Skipping Entity with id nuggets_dungeons_ii:cave_dwarf
[09Apr2026 18:38:41.912] [Worker-Main-3/WARN] [net.minecraft.entity.EntityType/]: Skipping Entity with id nuggets_dungeons_ii:cave_dwarf
[09Apr2026 18:38:42.843] [Server thread/INFO] [net.minecraft.server.dedicated.DedicatedServer/]: [Chunky] Task running for minecraft:overworld. Processed: 14577 chunks (23.14%), ETA: 0:14:39, Rate: 55.1 cps, Current: 28, 419
[09Apr2026 18:38:44.222] [Server thread/INFO] [net.minecraft.server.dedicated.DedicatedServer/]: [Chunky] Task running for minecraft:overworld. Processed: 14604 chunks (23.18%), ETA: 0:14:17, Rate: 56.4 cps, Current: 55, 419
[09Apr2026 18:38:45.528] [Server thread/INFO] [net.minecraft.server.dedicated.DedicatedServer/]: [Chunky] Task running for minecraft:overworld. Processed: 14625 chunks (23.21%), ETA: 0:15:40, Rate: 51.4 cps, Current: 76, 419
[09Apr2026 18:38:46.129] [Worker-Main-3/WARN] [ModernFix/]: The namespace nuggets_dungeons_ii contains an outdated structure file, which can cause worldgen lag. Please view debug.log for the full filename, determine which mod provides the structure, and report to the mod/datapack author, including the debug log.
[09Apr2026 18:38:46.385] [Worker-Main-3/WARN] [net.minecraft.entity.EntityType/]: Skipping Entity with id nuggets_dungeons_ii:werewolf_den
[09Apr2026 18:38:46.385] [Worker-Main-3/WARN] [net.minecraft.entity.EntityType/]: Skipping Entity with id nuggets_dungeons_ii:werewolf_den
[09Apr2026 18:38:46.385] [Worker-Main-3/WARN] [net.minecraft.entity.EntityType/]: Skipping Entity with id nuggets_dungeons_ii:werewolf_den
[09Apr2026 18:38:46.386] [Worker-Main-3/WARN] [net.minecraft.entity.EntityType/]: Skipping Entity with id nuggets_dungeons_ii:werewolf_den
[09Apr2026 18:38:46.604] [Server thread/INFO] [net.minecraft.server.dedicated.DedicatedServer/]: [Chunky] Task running for minecraft:overworld. Processed: 14644 chunks (23.24%), ETA: 0:19:40, Rate: 41.0 cps, Current: 93, 417
[09Apr2026 18:38:46.789] [Server thread/WARN] [net.minecraft.server.MinecraftServer/]: Can't keep up! Is the server overloaded? Running 2009ms or 40 ticks behind
[09Apr2026 18:38:47.164] [Server thread/WARN] [net.minecraft.entity.EntityType/]: Skipping Entity with id 
[09Apr2026 18:38:47.792] [Server thread/INFO] [net.minecraft.server.dedicated.DedicatedServer/]: [Chunky] Task running for minecraft:overworld. Processed: 14663 chunks (23.27%), ETA: 0:21:05, Rate: 38.2 cps, Current: 93, 398
[09Apr2026 18:38:48.800] [Server thread/INFO] [net.minecraft.server.dedicated.DedicatedServer/]: [Chunky] Task running for minecraft:overworld. Processed: 14673 chunks (23.29%), ETA: 0:45:49, Rate: 17.6 cps, Current: 93, 388
[09Apr2026 18:38:49.299] [Worker-Main-2/WARN] [TerraForged/]: Structure was slow to generate! (844ms): repurposed_structures:village_birch
[09Apr2026 18:38:49.877] [Server thread/INFO] [net.minecraft.server.dedicated.DedicatedServer/]: [Chunky] Task running for minecraft:overworld. Processed: 14676 chunks (23.29%), ETA: 0:50:12, Rate: 16.0 cps, Current: 93, 385
[09Apr2026 18:38:53.096] [Server thread/INFO] [net.minecraft.server.dedicated.DedicatedServer/]: [Chunky] Task running for minecraft:overworld. Processed: 14684 chunks (23.31%), ETA: 1:30:20, Rate: 8.9 cps, Current: 93, 377
[09Apr2026 18:38:53.931] [Worker-Main-2/INFO] [com.teampotato.redirector.Redirector/]: Redirecting com/github/alexthe666/iceandfire/world/gen/WorldGenMyrmexHive$RoomType
[09Apr2026 18:38:54.140] [Server thread/INFO] [net.minecraft.server.dedicated.DedicatedServer/]: [Chunky] Task running for minecraft:overworld. Processed: 14695 chunks (23.33%), ETA: 1:28:43, Rate: 9.1 cps, Current: 93, 366
[09Apr2026 18:38:55.403] [Server thread/INFO] [net.minecraft.server.dedicated.DedicatedServer/]: [Chunky] Task running for minecraft:overworld. Processed: 14713 chunks (23.35%), ETA: 1:25:09, Rate: 9.5 cps, Current: 93, 348
[09Apr2026 18:38:56.435] [Chunky-minecraft:overworld Thread/INFO] [net.minecraft.server.dedicated.DedicatedServer/]: [Chunky] Task running for minecraft:overworld. Processed: 14897 chunks (23.65%), ETA: 0:30:29, Rate: 26.3 cps, Current: -29, 360
[09Apr2026 18:38:57.937] [Server thread/INFO] [net.minecraft.server.dedicated.DedicatedServer/]: [Chunky] Task running for minecraft:overworld. Processed: 14946 chunks (23.72%), ETA: 0:27:53, Rate: 28.7 cps, Current: 93, 347
[09Apr2026 18:38:58.966] [Server thread/INFO] [net.minecraft.server.dedicated.DedicatedServer/]: [Chunky] Task running for minecraft:overworld. Processed: 14973 chunks (23.77%), ETA: 0:28:05, Rate: 28.5 cps, Current: 93, 320
[09Apr2026 18:38:58.968] [Worker-Main-3/WARN] [net.minecraft.entity.EntityType/]: Skipping Entity with id 
[09Apr2026 18:39:00.204] [Server thread/INFO] [net.minecraft.server.dedicated.DedicatedServer/]: [Chunky] Task running for minecraft:overworld. Processed: 14994 chunks (23.80%), ETA: 0:18:17, Rate: 43.8 cps, Current: 93, 298
[09Apr2026 18:39:01.238] [Server thread/INFO] [net.minecraft.server.dedicated.DedicatedServer/]: [Chunky] Task running for minecraft:overworld. Processed: 15010 chunks (23.83%), ETA: 0:19:54, Rate: 40.2 cps, Current: -26, 420
[09Apr2026 18:39:02.257] [Worker-Main-2/INFO] [com._idrae.towers_of_the_wild.TowersOfTheWild/]: towers_of_the_wild:ice_bottom pattern registered.
[09Apr2026 18:39:02.277] [Worker-Main-2/WARN] [net.minecraft.world.gen.feature.jigsaw.JigsawManager/]: Empty or none existent pool: towers_of_the_wild:ice_bottom
[09Apr2026 18:39:02.315] [Server thread/INFO] [net.minecraft.server.dedicated.DedicatedServer/]: [Chunky] Task running for minecraft:overworld. Processed: 15030 chunks (23.86%), ETA: 0:21:14, Rate: 37.6 cps, Current: -6, 420
[09Apr2026 18:39:02.921] [Worker-Main-2/ERROR] [net.minecraft.util.registry.SimpleRegistry/]: Adding duplicate value 'net.minecraft.world.gen.feature.jigsaw.JigsawPattern@4ba6cf08' to registry
[09Apr2026 18:39:02.922] [Worker-Main-2/WARN] [net.minecraft.world.gen.feature.jigsaw.JigsawManager/]: Empty or none existent pool: towers_of_the_wild:regular_bottom
[09Apr2026 18:39:03.501] [Server thread/INFO] [net.minecraft.server.dedicated.DedicatedServer/]: [Chunky] Task running for minecraft:overworld. Processed: 15052 chunks (23.89%), ETA: 0:22:32, Rate: 35.5 cps, Current: 15, 420
[09Apr2026 18:39:04.552] [Server thread/INFO] [net.minecraft.server.dedicated.DedicatedServer/]: [Chunky] Task running for minecraft:overworld. Processed: 15080 chunks (23.94%), ETA: 0:19:51, Rate: 40.2 cps, Current: 41, 420
[09Apr2026 18:39:05.615] [Server thread/INFO] [net.minecraft.server.dedicated.DedicatedServer/]: [Chunky] Task running for minecraft:overworld. Processed: 15097 chunks (23.96%), ETA: 0:21:10, Rate: 37.7 cps, Current: 61, 420
[09Apr2026 18:39:05.752] [Server thread/WARN] [net.minecraft.server.MinecraftServer/]: Can't keep up! Is the server overloaded? Running 3972ms or 79 ticks behind
[09Apr2026 18:39:06.634] [Server thread/INFO] [net.minecraft.server.dedicated.DedicatedServer/]: [Chunky] Task running for minecraft:overworld. Processed: 15113 chunks (23.99%), ETA: 0:41:19, Rate: 19.3 cps, Current: 77, 420
[09Apr2026 18:39:07.487] [Server thread/WARN] [net.minecraft.entity.EntityType/]: Skipping Entity with id 
[09Apr2026 18:39:07.818] [Server thread/INFO] [net.minecraft.server.dedicated.DedicatedServer/]: [Chunky] Task running for minecraft:overworld. Processed: 15139 chunks (24.03%), ETA: 0:40:37, Rate: 19.6 cps, Current: 94, 411
[09Apr2026 18:39:08.822] [Server thread/INFO] [net.minecraft.server.dedicated.DedicatedServer/]: [Chunky] Task running for minecraft:overworld. Processed: 15157 chunks (24.06%), ETA: 0:41:54, Rate: 19.0 cps, Current: 94, 393
[09Apr2026 18:39:09.583] [Worker-Main-3/WARN] [net.minecraft.entity.ai.attributes.AttributeModifierManager/]: Ignoring unknown attribute 'generic.maxHealth'
[09Apr2026 18:39:09.583] [Worker-Main-3/WARN] [net.minecraft.entity.ai.attributes.AttributeModifierManager/]: Ignoring unknown attribute 'generic.knockbackResistance'
[09Apr2026 18:39:09.583] [Worker-Main-3/WARN] [net.minecraft.entity.ai.attributes.AttributeModifierManager/]: Ignoring unknown attribute 'generic.movementSpeed'
[09Apr2026 18:39:09.583] [Worker-Main-3/WARN] [net.minecraft.entity.ai.attributes.AttributeModifierManager/]: Ignoring unknown attribute 'generic.armorToughness'
[09Apr2026 18:39:09.584] [Worker-Main-3/WARN] [net.minecraft.entity.ai.attributes.AttributeModifierManager/]: Ignoring unknown attribute 'forge.swimSpeed'
[09Apr2026 18:39:09.584] [Worker-Main-3/WARN] [net.minecraft.entity.ai.attributes.AttributeModifierManager/]: Ignoring unknown attribute 'forge.nameTagDistance'
[09Apr2026 18:39:09.584] [Worker-Main-3/WARN] [net.minecraft.entity.ai.attributes.AttributeModifierManager/]: Ignoring unknown attribute 'forge.entity_gravity'
[09Apr2026 18:39:09.584] [Worker-Main-3/WARN] [net.minecraft.entity.ai.attributes.AttributeModifierManager/]: Ignoring unknown attribute 'generic.followRange'
[09Apr2026 18:39:09.584] [Worker-Main-3/WARN] [net.minecraft.entity.ai.attributes.AttributeModifierManager/]: Ignoring unknown attribute 'generic.attackKnockback'
[09Apr2026 18:39:09.584] [Worker-Main-3/WARN] [net.minecraft.entity.ai.attributes.AttributeModifierManager/]: Ignoring unknown attribute 'generic.attackDamage'
[09Apr2026 18:39:09.585] [Worker-Main-3/WARN] [net.minecraft.entity.ai.attributes.AttributeModifierManager/]: Ignoring unknown attribute 'forge.swimSpeed'
[09Apr2026 18:39:09.585] [Worker-Main-3/WARN] [net.minecraft.entity.ai.attributes.AttributeModifierManager/]: Ignoring unknown attribute 'forge.nameTagDistance'
[09Apr2026 18:39:09.585] [Worker-Main-3/WARN] [net.minecraft.entity.ai.attributes.AttributeModifierManager/]: Ignoring unknown attribute 'forge.entity_gravity'
[09Apr2026 18:39:09.585] [Worker-Main-3/WARN] [net.minecraft.entity.ai.attributes.AttributeModifierManager/]: Ignoring unknown attribute 'forge.swimSpeed'
[09Apr2026 18:39:09.585] [Worker-Main-3/WARN] [net.minecraft.entity.ai.attributes.AttributeModifierManager/]: Ignoring unknown attribute 'forge.nameTagDistance'
[09Apr2026 18:39:09.585] [Worker-Main-3/WARN] [net.minecraft.entity.ai.attributes.AttributeModifierManager/]: Ignoring unknown attribute 'forge.entity_gravity'
[09Apr2026 18:39:09.594] [Worker-Main-3/WARN] [net.minecraft.entity.ai.attributes.AttributeModifierManager/]: Ignoring unknown attribute 'forge.swimSpeed'
[09Apr2026 18:39:09.594] [Worker-Main-3/WARN] [net.minecraft.entity.ai.attributes.AttributeModifierManager/]: Ignoring unknown attribute 'forge.nameTagDistance'
[09Apr2026 18:39:09.594] [Worker-Main-3/WARN] [net.minecraft.entity.ai.attributes.AttributeModifierManager/]: Ignoring unknown attribute 'forge.entity_gravity'
[09Apr2026 18:39:09.594] [Worker-Main-3/WARN] [net.minecraft.entity.ai.attributes.AttributeModifierManager/]: Ignoring unknown attribute 'forge.swimSpeed'
[09Apr2026 18:39:09.595] [Worker-Main-3/WARN] [net.minecraft.entity.ai.attributes.AttributeModifierManager/]: Ignoring unknown attribute 'forge.nameTagDistance'
[09Apr2026 18:39:09.595] [Worker-Main-3/WARN] [net.minecraft.entity.ai.attributes.AttributeModifierManager/]: Ignoring unknown attribute 'forge.entity_gravity'
[09Apr2026 18:39:09.595] [Worker-Main-3/WARN] [net.minecraft.entity.ai.attributes.AttributeModifierManager/]: Ignoring unknown attribute 'forge.swimSpeed'
[09Apr2026 18:39:09.595] [Worker-Main-3/WARN] [net.minecraft.entity.ai.attributes.AttributeModifierManager/]: Ignoring unknown attribute 'forge.nameTagDistance'
[09Apr2026 18:39:09.595] [Worker-Main-3/WARN] [net.minecraft.entity.ai.attributes.AttributeModifierManager/]: Ignoring unknown attribute 'forge.entity_gravity'
[09Apr2026 18:39:09.598] [Worker-Main-3/WARN] [net.minecraft.entity.ai.attributes.AttributeModifierManager/]: Ignoring unknown attribute 'forge.swimSpeed'
[09Apr2026 18:39:09.600] [Worker-Main-3/WARN] [net.minecraft.entity.ai.attributes.AttributeModifierManager/]: Ignoring unknown attribute 'forge.nameTagDistance'
[09Apr2026 18:39:09.600] [Worker-Main-3/WARN] [net.minecraft.entity.ai.attributes.AttributeModifierManager/]: Ignoring unknown attribute 'forge.entity_gravity'
[09Apr2026 18:39:09.603] [Worker-Main-3/WARN] [net.minecraft.entity.ai.attributes.AttributeModifierManager/]: Ignoring unknown attribute 'forge.swimSpeed'
[09Apr2026 18:39:09.603] [Worker-Main-3/WARN] [net.minecraft.entity.ai.attributes.AttributeModifierManager/]: Ignoring unknown attribute 'forge.nameTagDistance'
[09Apr2026 18:39:09.603] [Worker-Main-3/WARN] [net.minecraft.entity.ai.attributes.AttributeModifierManager/]: Ignoring unknown attribute 'forge.entity_gravity'
[09Apr2026 18:39:09.603] [Worker-Main-3/WARN] [net.minecraft.entity.ai.attributes.AttributeModifierManager/]: Ignoring unknown attribute 'forge.swimSpeed'
[09Apr2026 18:39:09.604] [Worker-Main-3/WARN] [net.minecraft.entity.ai.attributes.AttributeModifierManager/]: Ignoring unknown attribute 'forge.nameTagDistance'
[09Apr2026 18:39:09.604] [Worker-Main-3/WARN] [net.minecraft.entity.ai.attributes.AttributeModifierManager/]: Ignoring unknown attribute 'forge.entity_gravity'
[09Apr2026 18:39:09.604] [Worker-Main-3/WARN] [net.minecraft.entity.ai.attributes.AttributeModifierManager/]: Ignoring unknown attribute 'forge.swimSpeed'
[09Apr2026 18:39:09.604] [Worker-Main-3/WARN] [net.minecraft.entity.ai.attributes.AttributeModifierManager/]: Ignoring unknown attribute 'forge.nameTagDistance'
[09Apr2026 18:39:09.604] [Worker-Main-3/WARN] [net.minecraft.entity.ai.attributes.AttributeModifierManager/]: Ignoring unknown attribute 'forge.entity_gravity'
[09Apr2026 18:39:09.982] [Server thread/INFO] [net.minecraft.server.dedicated.DedicatedServer/]: [Chunky] Task running for minecraft:overworld. Processed: 15169 chunks (24.08%), ETA: 0:44:17, Rate: 18.0 cps, Current: 94, 383
[09Apr2026 18:39:11.030] [Server thread/INFO] [net.minecraft.server.dedicated.DedicatedServer/]: [Chunky] Task running for minecraft:overworld. Processed: 15181 chunks (24.10%), ETA: 0:45:41, Rate: 17.4 cps, Current: 94, 369
[09Apr2026 18:39:12.074] [Server thread/INFO] [net.minecraft.server.dedicated.DedicatedServer/]: [Chunky] Task running for minecraft:overworld. Processed: 15191 chunks (24.11%), ETA: 0:48:00, Rate: 16.6 cps, Current: 94, 358
[09Apr2026 18:39:13.098] [Chunky-minecraft:overworld Thread/INFO] [net.minecraft.server.dedicated.DedicatedServer/]: [Chunky] Task running for minecraft:overworld. Processed: 15266 chunks (24.23%), ETA: 0:36:31, Rate: 21.8 cps, Current: 31, 297
[09Apr2026 18:39:14.129] [Chunky-minecraft:overworld Thread/INFO] [net.minecraft.server.dedicated.DedicatedServer/]: [Chunky] Task running for minecraft:overworld. Processed: 15364 chunks (24.39%), ETA: 0:26:55, Rate: 29.5 cps, Current: -30, 319
[09Apr2026 18:39:15.171] [Server thread/INFO] [net.minecraft.server.dedicated.DedicatedServer/]: [Chunky] Task running for minecraft:overworld. Processed: 15477 chunks (24.57%), ETA: 0:18:48, Rate: 42.1 cps, Current: 94, 307
[09Apr2026 18:39:16.419] [Server thread/INFO] [net.minecraft.server.dedicated.DedicatedServer/]: [Chunky] Task running for minecraft:overworld. Processed: 15489 chunks (24.59%), ETA: 0:20:47, Rate: 38.1 cps, Current: -30, 409
[09Apr2026 18:39:17.423] [Server thread/INFO] [net.minecraft.server.dedicated.DedicatedServer/]: [Chunky] Task running for minecraft:overworld. Processed: 15507 chunks (24.61%), ETA: 0:19:58, Rate: 39.6 cps, Current: -26, 421
[09Apr2026 18:39:18.485] [Server thread/INFO] [net.minecraft.server.dedicated.DedicatedServer/]: [Chunky] Task running for minecraft:overworld. Processed: 15530 chunks (24.65%), ETA: 0:20:57, Rate: 37.7 cps, Current: -2, 421
[09Apr2026 18:39:19.526] [Server thread/INFO] [net.minecraft.server.dedicated.DedicatedServer/]: [Chunky] Task running for minecraft:overworld. Processed: 15554 chunks (24.69%), ETA: 0:18:52, Rate: 41.9 cps, Current: 23, 421
[09Apr2026 18:39:20.099] [Worker-Main-1/INFO] [com.teampotato.redirector.Redirector/]: Redirecting net/valhelsia/valhelsia_core/helper/VoxelShapeHelper$RotationAmount
[09Apr2026 18:39:20.718] [Server thread/INFO] [net.minecraft.server.dedicated.DedicatedServer/]: [Chunky] Task running for minecraft:overworld. Processed: 15578 chunks (24.73%), ETA: 0:20:04, Rate: 39.4 cps, Current: 47, 421
[09Apr2026 18:39:21.764] [Server thread/INFO] [net.minecraft.server.dedicated.DedicatedServer/]: [Chunky] Task running for minecraft:overworld. Processed: 15606 chunks (24.77%), ETA: 0:17:46, Rate: 44.4 cps, Current: 76, 421
[09Apr2026 18:39:21.896] [Worker-Main-3/WARN] [net.minecraft.entity.ai.attributes.AttributeModifierManager/]: Ignoring unknown attribute 'forge.swimSpeed'
[09Apr2026 18:39:21.897] [Worker-Main-3/WARN] [net.minecraft.entity.ai.attributes.AttributeModifierManager/]: Ignoring unknown attribute 'forge.swimSpeed'
[09Apr2026 18:39:21.897] [Worker-Main-3/WARN] [net.minecraft.entity.ai.attributes.AttributeModifierManager/]: Ignoring unknown attribute 'forge.swimSpeed'
[09Apr2026 18:39:21.898] [Worker-Main-3/WARN] [net.minecraft.entity.ai.attributes.AttributeModifierManager/]: Ignoring unknown attribute 'forge.swimSpeed'
[09Apr2026 18:39:21.898] [Worker-Main-3/WARN] [net.minecraft.entity.ai.attributes.AttributeModifierManager/]: Ignoring unknown attribute 'forge.swimSpeed'
[09Apr2026 18:39:21.899] [Worker-Main-3/WARN] [net.minecraft.entity.EntityType/]: Skipping Entity with id duneons:ghost
[09Apr2026 18:39:21.899] [Worker-Main-3/WARN] [net.minecraft.entity.EntityType/]: Skipping Entity with id duneons:ghost
[09Apr2026 18:39:21.899] [Worker-Main-3/WARN] [net.minecraft.entity.ai.attributes.AttributeModifierManager/]: Ignoring unknown attribute 'forge.swimSpeed'
[09Apr2026 18:39:21.900] [Worker-Main-3/WARN] [net.minecraft.entity.EntityType/]: Skipping Entity with id duneons:irongolempillager
[09Apr2026 18:39:21.900] [Worker-Main-3/WARN] [net.minecraft.entity.ai.attributes.AttributeModifierManager/]: Ignoring unknown attribute 'forge.swimSpeed'
[09Apr2026 18:39:21.900] [Worker-Main-3/WARN] [net.minecraft.entity.EntityType/]: Skipping Entity with id duneons:ghost
[09Apr2026 18:39:21.901] [Worker-Main-3/WARN] [net.minecraft.entity.EntityType/]: Skipping Entity with id duneons:ghost
[09Apr2026 18:39:21.901] [Worker-Main-3/WARN] [net.minecraft.entity.EntityType/]: Skipping Entity with id duneons:ghost
[09Apr2026 18:39:21.901] [Worker-Main-3/WARN] [net.minecraft.entity.EntityType/]: Skipping Entity with id duneons:ghost
[09Apr2026 18:39:21.902] [Worker-Main-3/WARN] [net.minecraft.entity.EntityType/]: Skipping Entity with id duneons:sorcererillager
[09Apr2026 18:39:21.902] [Worker-Main-3/WARN] [net.minecraft.entity.ai.attributes.AttributeModifierManager/]: Ignoring unknown attribute 'forge.swimSpeed'
[09Apr2026 18:39:21.903] [Worker-Main-3/WARN] [net.minecraft.entity.ai.attributes.AttributeModifierManager/]: Ignoring unknown attribute 'forge.swimSpeed'
[09Apr2026 18:39:21.904] [Worker-Main-3/WARN] [net.minecraft.entity.ai.attributes.AttributeModifierManager/]: Ignoring unknown attribute 'forge.swimSpeed'
[09Apr2026 18:39:21.904] [Worker-Main-3/WARN] [net.minecraft.entity.ai.attributes.AttributeModifierManager/]: Ignoring unknown attribute 'forge.swimSpeed'
[09Apr2026 18:39:21.904] [Worker-Main-3/WARN] [net.minecraft.entity.EntityType/]: Skipping Entity with id duneons:minerskeleton
[09Apr2026 18:39:21.905] [Worker-Main-3/WARN] [net.minecraft.entity.ai.attributes.AttributeModifierManager/]: Ignoring unknown attribute 'forge.swimSpeed'
[09Apr2026 18:39:21.905] [Worker-Main-3/WARN] [net.minecraft.entity.ai.attributes.AttributeModifierManager/]: Ignoring unknown attribute 'forge.swimSpeed'
[09Apr2026 18:39:21.906] [Worker-Main-3/WARN] [net.minecraft.entity.ai.attributes.AttributeModifierManager/]: Ignoring unknown attribute 'forge.swimSpeed'
[09Apr2026 18:39:21.906] [Worker-Main-3/WARN] [net.minecraft.entity.EntityType/]: Skipping Entity with id duneons:ghost
[09Apr2026 18:39:21.906] [Worker-Main-3/WARN] [net.minecraft.entity.EntityType/]: Skipping Entity with id duneons:ghost
[09Apr2026 18:39:21.907] [Worker-Main-3/WARN] [net.minecraft.entity.EntityType/]: Skipping Entity with id duneons:ghost
[09Apr2026 18:39:21.907] [Worker-Main-3/WARN] [net.minecraft.entity.EntityType/]: Skipping Entity with id duneons:ghost
[09Apr2026 18:39:22.658] [Server thread/WARN] [net.minecraft.world.server.ServerWorld/]: Entity ItemEntity['String'/7790, l='ServerLevel[Mundo nuevo]', x=1520.28, y=-6.00, z=6604.88] left loaded chunk area
[09Apr2026 18:39:22.766] [Server thread/INFO] [net.minecraft.server.dedicated.DedicatedServer/]: [Chunky] Task running for minecraft:overworld. Processed: 15638 chunks (24.82%), ETA: 0:18:16, Rate: 43.2 cps, Current: 95, 408
[09Apr2026 18:39:23.637] [Server thread/WARN] [net.minecraft.entity.EntityType/]: Skipping Entity with id 
[09Apr2026 18:39:23.785] [Server thread/INFO] [net.minecraft.server.dedicated.DedicatedServer/]: [Chunky] Task running for minecraft:overworld. Processed: 15653 chunks (24.85%), ETA: 0:26:35, Rate: 29.7 cps, Current: 95, 394
[09Apr2026 18:39:24.819] [Server thread/INFO] [net.minecraft.server.dedicated.DedicatedServer/]: [Chunky] Task running for minecraft:overworld. Processed: 15671 chunks (24.87%), ETA: 0:27:44, Rate: 28.4 cps, Current: 95, 376
[09Apr2026 18:39:25.916] [Server thread/INFO] [net.minecraft.server.dedicated.DedicatedServer/]: [Chunky] Task running for minecraft:overworld. Processed: 15698 chunks (24.92%), ETA: 0:34:14, Rate: 23.0 cps, Current: 95, 349
[09Apr2026 18:39:26.917] [Chunky-minecraft:overworld Thread/INFO] [net.minecraft.server.dedicated.DedicatedServer/]: [Chunky] Task running for minecraft:overworld. Processed: 15868 chunks (25.19%), ETA: 0:20:53, Rate: 37.6 cps, Current: -31, 314
[09Apr2026 18:39:27.199] [Server thread/WARN] [net.minecraft.server.MinecraftServer/]: Can't keep up! Is the server overloaded? Running 6469ms or 129 ticks behind
[09Apr2026 18:39:27.204] [Server thread/WARN] [net.minecraft.world.chunk.Chunk/]: Tried to load a DUMMY block entity @ BlockPos{x=1526, y=-6, z=6605} but found not block entity block Block{minecraft:air} at location
[09Apr2026 18:39:27.206] [Server thread/WARN] [net.minecraft.world.chunk.Chunk/]: Tried to load a block entity for block Block{minecraft:air} but failed at location BlockPos{x=1526, y=-6, z=6605}
[09Apr2026 18:39:27.952] [Chunky-minecraft:overworld Thread/INFO] [net.minecraft.server.dedicated.DedicatedServer/]: [Chunky] Task running for minecraft:overworld. Processed: 15963 chunks (25.34%), ETA: 0:16:41, Rate: 47.0 cps, Current: -31, 395
[09Apr2026 18:39:30.937] [Server thread/INFO] [net.minecraft.server.dedicated.DedicatedServer/]: [Chunky] Task running for minecraft:overworld. Processed: 15990 chunks (25.38%), ETA: 0:19:11, Rate: 40.8 cps, Current: -31, 409
[09Apr2026 18:39:32.121] [Server thread/INFO] [net.minecraft.server.dedicated.DedicatedServer/]: [Chunky] Task running for minecraft:overworld. Processed: 16019 chunks (25.43%), ETA: 0:20:01, Rate: 39.1 cps, Current: -15, 422
[09Apr2026 18:39:33.363] [Server thread/INFO] [net.minecraft.server.dedicated.DedicatedServer/]: [Chunky] Task running for minecraft:overworld. Processed: 16033 chunks (25.45%), ETA: 0:20:50, Rate: 37.6 cps, Current: 0, 422
[09Apr2026 18:39:34.428] [Server thread/INFO] [net.minecraft.server.dedicated.DedicatedServer/]: [Chunky] Task running for minecraft:overworld. Processed: 16048 chunks (25.47%), ETA: 0:22:06, Rate: 35.4 cps, Current: 14, 422
[09Apr2026 18:39:35.770] [Server thread/INFO] [net.minecraft.server.dedicated.DedicatedServer/]: [Chunky] Task running for minecraft:overworld. Processed: 16055 chunks (25.48%), ETA: 0:44:23, Rate: 17.6 cps, Current: 22, 422
[09Apr2026 18:39:36.978] [Server thread/INFO] [net.minecraft.server.dedicated.DedicatedServer/]: [Chunky] Task running for minecraft:overworld. Processed: 16064 chunks (25.50%), ETA: 0:47:43, Rate: 16.4 cps, Current: 30, 422
[09Apr2026 18:39:38.033] [Server thread/INFO] [net.minecraft.server.dedicated.DedicatedServer/]: [Chunky] Task running for minecraft:overworld. Processed: 16086 chunks (25.53%), ETA: 0:57:12, Rate: 13.7 cps, Current: 50, 422
[09Apr2026 18:39:38.432] [Worker-Main-2/WARN] [net.minecraft.entity.ai.attributes.AttributeModifierManager/]: Ignoring unknown attribute 'forge.swimSpeed'
[09Apr2026 18:39:38.433] [Worker-Main-2/WARN] [net.minecraft.entity.ai.attributes.AttributeModifierManager/]: Ignoring unknown attribute 'forge.swimSpeed'
[09Apr2026 18:39:38.434] [Worker-Main-2/WARN] [net.minecraft.entity.ai.attributes.AttributeModifierManager/]: Ignoring unknown attribute 'forge.swimSpeed'
[09Apr2026 18:39:38.434] [Worker-Main-2/WARN] [net.minecraft.entity.ai.attributes.AttributeModifierManager/]: Ignoring unknown attribute 'forge.swimSpeed'
[09Apr2026 18:39:38.434] [Worker-Main-2/WARN] [net.minecraft.entity.ai.attributes.AttributeModifierManager/]: Ignoring unknown attribute 'forge.swimSpeed'
[09Apr2026 18:39:38.435] [Worker-Main-2/WARN] [net.minecraft.entity.EntityType/]: Skipping Entity with id duneons:ghost
[09Apr2026 18:39:38.435] [Worker-Main-2/WARN] [net.minecraft.entity.EntityType/]: Skipping Entity with id duneons:ghost
[09Apr2026 18:39:38.435] [Worker-Main-2/WARN] [net.minecraft.entity.ai.attributes.AttributeModifierManager/]: Ignoring unknown attribute 'forge.swimSpeed'
[09Apr2026 18:39:38.436] [Worker-Main-2/WARN] [net.minecraft.entity.EntityType/]: Skipping Entity with id duneons:irongolempillager
[09Apr2026 18:39:38.436] [Worker-Main-2/WARN] [net.minecraft.entity.ai.attributes.AttributeModifierManager/]: Ignoring unknown attribute 'forge.swimSpeed'
[09Apr2026 18:39:38.437] [Worker-Main-2/WARN] [net.minecraft.entity.EntityType/]: Skipping Entity with id duneons:ghost
[09Apr2026 18:39:38.437] [Worker-Main-2/WARN] [net.minecraft.entity.EntityType/]: Skipping Entity with id duneons:ghost
[09Apr2026 18:39:38.437] [Worker-Main-2/WARN] [net.minecraft.entity.EntityType/]: Skipping Entity with id duneons:ghost
[09Apr2026 18:39:38.438] [Worker-Main-2/WARN] [net.minecraft.entity.EntityType/]: Skipping Entity with id duneons:ghost
[09Apr2026 18:39:38.438] [Worker-Main-2/WARN] [net.minecraft.entity.EntityType/]: Skipping Entity with id duneons:sorcererillager
[09Apr2026 18:39:38.439] [Worker-Main-2/WARN] [net.minecraft.entity.ai.attributes.AttributeModifierManager/]: Ignoring unknown attribute 'forge.swimSpeed'
[09Apr2026 18:39:38.439] [Worker-Main-2/WARN] [net.minecraft.entity.ai.attributes.AttributeModifierManager/]: Ignoring unknown attribute 'forge.swimSpeed'
[09Apr2026 18:39:38.440] [Worker-Main-2/WARN] [net.minecraft.entity.ai.attributes.AttributeModifierManager/]: Ignoring unknown attribute 'forge.swimSpeed'
[09Apr2026 18:39:38.440] [Worker-Main-2/WARN] [net.minecraft.entity.ai.attributes.AttributeModifierManager/]: Ignoring unknown attribute 'forge.swimSpeed'
[09Apr2026 18:39:38.441] [Worker-Main-2/WARN] [net.minecraft.entity.EntityType/]: Skipping Entity with id duneons:minerskeleton
[09Apr2026 18:39:38.441] [Worker-Main-2/WARN] [net.minecraft.entity.ai.attributes.AttributeModifierManager/]: Ignoring unknown attribute 'forge.swimSpeed'
[09Apr2026 18:39:38.441] [Worker-Main-2/WARN] [net.minecraft.entity.ai.attributes.AttributeModifierManager/]: Ignoring unknown attribute 'forge.swimSpeed'
[09Apr2026 18:39:38.442] [Worker-Main-2/WARN] [net.minecraft.entity.ai.attributes.AttributeModifierManager/]: Ignoring unknown attribute 'forge.swimSpeed'
[09Apr2026 18:39:38.442] [Worker-Main-2/WARN] [net.minecraft.entity.EntityType/]: Skipping Entity with id duneons:ghost
[09Apr2026 18:39:38.443] [Worker-Main-2/WARN] [net.minecraft.entity.EntityType/]: Skipping Entity with id duneons:ghost
[09Apr2026 18:39:38.443] [Worker-Main-2/WARN] [net.minecraft.entity.EntityType/]: Skipping Entity with id duneons:ghost
[09Apr2026 18:39:38.443] [Worker-Main-2/WARN] [net.minecraft.entity.EntityType/]: Skipping Entity with id duneons:ghost
[09Apr2026 18:39:39.034] [Server thread/INFO] [net.minecraft.server.dedicated.DedicatedServer/]: [Chunky] Task running for minecraft:overworld. Processed: 16111 chunks (25.57%), ETA: 0:51:51, Rate: 15.1 cps, Current: 77, 422
[09Apr2026 18:39:40.090] [Server thread/INFO] [net.minecraft.server.dedicated.DedicatedServer/]: [Chunky] Task running for minecraft:overworld. Processed: 16143 chunks (25.62%), ETA: 0:46:25, Rate: 16.8 cps, Current: 96, 410
[09Apr2026 18:39:40.383] [Server thread/WARN] [net.minecraft.entity.EntityType/]: Skipping Entity with id 
[09Apr2026 18:39:40.833] [Worker-Main-2/WARN] [net.minecraft.entity.EntityType/]: Skipping Entity with id nuggets_dungeons_ii:ant
[09Apr2026 18:39:40.833] [Worker-Main-2/WARN] [net.minecraft.entity.EntityType/]: Skipping Entity with id nuggets_dungeons_ii:ant
[09Apr2026 18:39:40.833] [Worker-Main-2/WARN] [net.minecraft.entity.EntityType/]: Skipping Entity with id nuggets_dungeons_ii:ant
[09Apr2026 18:39:40.834] [Worker-Main-2/WARN] [net.minecraft.entity.EntityType/]: Skipping Entity with id nuggets_dungeons_ii:ant
[09Apr2026 18:39:40.834] [Worker-Main-2/WARN] [net.minecraft.entity.EntityType/]: Skipping Entity with id nuggets_dungeons_ii:ant
[09Apr2026 18:39:41.133] [Server thread/INFO] [net.minecraft.server.dedicated.DedicatedServer/]: [Chunky] Task running for minecraft:overworld. Processed: 16153 chunks (25.64%), ETA: 0:48:32, Rate: 16.1 cps, Current: 96, 397
[09Apr2026 18:39:42.205] [Server thread/INFO] [net.minecraft.server.dedicated.DedicatedServer/]: [Chunky] Task running for minecraft:overworld. Processed: 16176 chunks (25.68%), ETA: 0:49:28, Rate: 15.8 cps, Current: 96, 375
[09Apr2026 18:39:43.210] [Server thread/INFO] [net.minecraft.server.dedicated.DedicatedServer/]: [Chunky] Task running for minecraft:overworld. Processed: 16205 chunks (25.72%), ETA: 0:45:43, Rate: 17.1 cps, Current: 96, 347
[09Apr2026 18:39:44.212] [Chunky-minecraft:overworld Thread/INFO] [net.minecraft.server.dedicated.DedicatedServer/]: [Chunky] Task running for minecraft:overworld. Processed: 16319 chunks (25.90%), ETA: 0:26:36, Rate: 29.2 cps, Current: 3, 295
[09Apr2026 18:39:45.215] [Chunky-minecraft:overworld Thread/INFO] [net.minecraft.server.dedicated.DedicatedServer/]: [Chunky] Task running for minecraft:overworld. Processed: 16485 chunks (26.17%), ETA: 0:18:09, Rate: 42.7 cps, Current: -32, 403
[09Apr2026 18:39:46.373] [Server thread/INFO] [net.minecraft.server.dedicated.DedicatedServer/]: [Chunky] Task running for minecraft:overworld. Processed: 16494 chunks (26.18%), ETA: 0:16:33, Rate: 46.8 cps, Current: 96, 296
[09Apr2026 18:39:47.384] [Server thread/INFO] [net.minecraft.server.dedicated.DedicatedServer/]: [Chunky] Task running for minecraft:overworld. Processed: 16516 chunks (26.22%), ETA: 0:15:40, Rate: 49.4 cps, Current: -29, 423
[09Apr2026 18:39:48.112] [Server thread/WARN] [net.minecraft.server.MinecraftServer/]: Can't keep up! Is the server overloaded? Running 5932ms or 118 ticks behind
[09Apr2026 18:39:48.456] [Server thread/INFO] [net.minecraft.server.dedicated.DedicatedServer/]: [Chunky] Task running for minecraft:overworld. Processed: 16539 chunks (26.25%), ETA: 0:16:45, Rate: 46.2 cps, Current: 19, 423
[09Apr2026 18:39:49.457] [Server thread/INFO] [net.minecraft.server.dedicated.DedicatedServer/]: [Chunky] Task running for minecraft:overworld. Processed: 16564 chunks (26.29%), ETA: 0:15:30, Rate: 49.9 cps, Current: 11, 423
[09Apr2026 18:39:50.545] [Server thread/INFO] [net.minecraft.server.dedicated.DedicatedServer/]: [Chunky] Task running for minecraft:overworld. Processed: 16595 chunks (26.34%), ETA: 0:16:19, Rate: 47.4 cps, Current: 49, 423
[09Apr2026 18:39:51.521] [Worker-Main-2/WARN] [net.minecraft.entity.EntityType/]: Skipping Entity with id nuggets_dungeons_ii:sky_knight
[09Apr2026 18:39:51.521] [Worker-Main-2/WARN] [net.minecraft.entity.EntityType/]: Skipping Entity with id nuggets_dungeons_ii:sky_knight
[09Apr2026 18:39:51.522] [Worker-Main-2/WARN] [net.minecraft.entity.EntityType/]: Skipping Entity with id nuggets_dungeons_ii:sky_knight
[09Apr2026 18:39:51.522] [Worker-Main-2/WARN] [net.minecraft.entity.EntityType/]: Skipping Entity with id nuggets_dungeons_ii:sky_knight
[09Apr2026 18:39:51.522] [Worker-Main-2/WARN] [net.minecraft.entity.EntityType/]: Skipping Entity with id nuggets_dungeons_ii:sky_knight
[09Apr2026 18:39:51.522] [Worker-Main-2/WARN] [net.minecraft.entity.EntityType/]: Skipping Entity with id nuggets_dungeons_ii:sky_knight
[09Apr2026 18:39:51.579] [Server thread/INFO] [net.minecraft.server.dedicated.DedicatedServer/]: [Chunky] Task running for minecraft:overworld. Processed: 16625 chunks (26.39%), ETA: 0:15:12, Rate: 50.8 cps, Current: 80, 423
[09Apr2026 18:39:52.578] [Server thread/INFO] [net.minecraft.server.dedicated.DedicatedServer/]: [Chunky] Task running for minecraft:overworld. Processed: 16655 chunks (26.44%), ETA: 0:15:54, Rate: 48.6 cps, Current: 97, 412
[09Apr2026 18:39:53.715] [Server thread/INFO] [net.minecraft.server.dedicated.DedicatedServer/]: [Chunky] Task running for minecraft:overworld. Processed: 16673 chunks (26.46%), ETA: 0:35:20, Rate: 21.8 cps, Current: 97, 395
[09Apr2026 18:39:55.921] [Server thread/INFO] [net.minecraft.server.dedicated.DedicatedServer/]: [Chunky] Task running for minecraft:overworld. Processed: 16697 chunks (26.50%), ETA: 0:36:11, Rate: 21.3 cps, Current: 97, 370
[09Apr2026 18:39:56.887] [Worker-Main-2/WARN] [net.minecraft.entity.ai.attributes.AttributeModifierManager/]: Ignoring unknown attribute 'forge.swimSpeed'
[09Apr2026 18:39:56.888] [Worker-Main-2/WARN] [net.minecraft.entity.ai.attributes.AttributeModifierManager/]: Ignoring unknown attribute 'forge.nameTagDistance'
[09Apr2026 18:39:56.888] [Worker-Main-2/WARN] [net.minecraft.entity.ai.attributes.AttributeModifierManager/]: Ignoring unknown attribute 'forge.entity_gravity'
[09Apr2026 18:39:56.888] [Worker-Main-2/WARN] [net.minecraft.entity.ai.attributes.AttributeModifierManager/]: Ignoring unknown attribute 'forge.swimSpeed'
[09Apr2026 18:39:56.888] [Worker-Main-2/WARN] [net.minecraft.entity.ai.attributes.AttributeModifierManager/]: Ignoring unknown attribute 'forge.nameTagDistance'
[09Apr2026 18:39:56.888] [Worker-Main-2/WARN] [net.minecraft.entity.ai.attributes.AttributeModifierManager/]: Ignoring unknown attribute 'forge.entity_gravity'
[09Apr2026 18:39:56.888] [Worker-Main-2/WARN] [net.minecraft.entity.ai.attributes.AttributeModifierManager/]: Ignoring unknown attribute 'forge.swimSpeed'
[09Apr2026 18:39:56.888] [Worker-Main-2/WARN] [net.minecraft.entity.ai.attributes.AttributeModifierManager/]: Ignoring unknown attribute 'forge.nameTagDistance'
[09Apr2026 18:39:56.889] [Worker-Main-2/WARN] [net.minecraft.entity.ai.attributes.AttributeModifierManager/]: Ignoring unknown attribute 'forge.entity_gravity'
[09Apr2026 18:39:56.890] [Worker-Main-2/WARN] [net.minecraft.entity.ai.attributes.AttributeModifierManager/]: Ignoring unknown attribute 'generic.maxHealth'
[09Apr2026 18:39:56.890] [Worker-Main-2/WARN] [net.minecraft.entity.ai.attributes.AttributeModifierManager/]: Ignoring unknown attribute 'generic.knockbackResistance'
[09Apr2026 18:39:56.890] [Worker-Main-2/WARN] [net.minecraft.entity.ai.attributes.AttributeModifierManager/]: Ignoring unknown attribute 'generic.movementSpeed'
[09Apr2026 18:39:56.891] [Worker-Main-2/WARN] [net.minecraft.entity.ai.attributes.AttributeModifierManager/]: Ignoring unknown attribute 'generic.armorToughness'
[09Apr2026 18:39:56.892] [Worker-Main-2/WARN] [net.minecraft.entity.ai.attributes.AttributeModifierManager/]: Ignoring unknown attribute 'forge.swimSpeed'
[09Apr2026 18:39:56.892] [Worker-Main-2/WARN] [net.minecraft.entity.ai.attributes.AttributeModifierManager/]: Ignoring unknown attribute 'forge.nameTagDistance'
[09Apr2026 18:39:56.893] [Worker-Main-2/WARN] [net.minecraft.entity.ai.attributes.AttributeModifierManager/]: Ignoring unknown attribute 'forge.entity_gravity'
[09Apr2026 18:39:56.893] [Worker-Main-2/WARN] [net.minecraft.entity.ai.attributes.AttributeModifierManager/]: Ignoring unknown attribute 'generic.followRange'
[09Apr2026 18:39:56.893] [Worker-Main-2/WARN] [net.minecraft.entity.ai.attributes.AttributeModifierManager/]: Ignoring unknown attribute 'generic.attackKnockback'
[09Apr2026 18:39:56.893] [Worker-Main-2/WARN] [net.minecraft.entity.ai.attributes.AttributeModifierManager/]: Ignoring unknown attribute 'generic.attackDamage'
[09Apr2026 18:39:56.894] [Worker-Main-2/WARN] [net.minecraft.entity.ai.attributes.AttributeModifierManager/]: Ignoring unknown attribute 'forge.swimSpeed'
[09Apr2026 18:39:56.895] [Worker-Main-2/WARN] [net.minecraft.entity.ai.attributes.AttributeModifierManager/]: Ignoring unknown attribute 'forge.nameTagDistance'
[09Apr2026 18:39:56.896] [Worker-Main-2/WARN] [net.minecraft.entity.ai.attributes.AttributeModifierManager/]: Ignoring unknown attribute 'forge.entity_gravity'
[09Apr2026 18:39:56.897] [Worker-Main-2/WARN] [net.minecraft.entity.ai.attributes.AttributeModifierManager/]: Ignoring unknown attribute 'generic.maxHealth'
[09Apr2026 18:39:56.898] [Worker-Main-2/WARN] [net.minecraft.entity.ai.attributes.AttributeModifierManager/]: Ignoring unknown attribute 'generic.knockbackResistance'
[09Apr2026 18:39:56.898] [Worker-Main-2/WARN] [net.minecraft.entity.ai.attributes.AttributeModifierManager/]: Ignoring unknown attribute 'generic.movementSpeed'
[09Apr2026 18:39:56.898] [Worker-Main-2/WARN] [net.minecraft.entity.ai.attributes.AttributeModifierManager/]: Ignoring unknown attribute 'generic.armorToughness'
[09Apr2026 18:39:56.898] [Worker-Main-2/WARN] [net.minecraft.entity.ai.attributes.AttributeModifierManager/]: Ignoring unknown attribute 'forge.swimSpeed'
[09Apr2026 18:39:56.899] [Worker-Main-2/WARN] [net.minecraft.entity.ai.attributes.AttributeModifierManager/]: Ignoring unknown attribute 'forge.nameTagDistance'
[09Apr2026 18:39:56.899] [Worker-Main-2/WARN] [net.minecraft.entity.ai.attributes.AttributeModifierManager/]: Ignoring unknown attribute 'forge.entity_gravity'
[09Apr2026 18:39:56.899] [Worker-Main-2/WARN] [net.minecraft.entity.ai.attributes.AttributeModifierManager/]: Ignoring unknown attribute 'generic.followRange'
[09Apr2026 18:39:56.899] [Worker-Main-2/WARN] [net.minecraft.entity.ai.attributes.AttributeModifierManager/]: Ignoring unknown attribute 'generic.attackKnockback'
[09Apr2026 18:39:56.899] [Worker-Main-2/WARN] [net.minecraft.entity.ai.attributes.AttributeModifierManager/]: Ignoring unknown attribute 'generic.attackDamage'
[09Apr2026 18:39:56.899] [Worker-Main-2/WARN] [net.minecraft.entity.ai.attributes.AttributeModifierManager/]: Ignoring unknown attribute 'generic.maxHealth'
[09Apr2026 18:39:56.899] [Worker-Main-2/WARN] [net.minecraft.entity.ai.attributes.AttributeModifierManager/]: Ignoring unknown attribute 'generic.knockbackResistance'
[09Apr2026 18:39:56.899] [Worker-Main-2/WARN] [net.minecraft.entity.ai.attributes.AttributeModifierManager/]: Ignoring unknown attribute 'generic.movementSpeed'
[09Apr2026 18:39:56.900] [Worker-Main-2/WARN] [net.minecraft.entity.ai.attributes.AttributeModifierManager/]: Ignoring unknown attribute 'generic.armorToughness'
[09Apr2026 18:39:56.900] [Worker-Main-2/WARN] [net.minecraft.entity.ai.attributes.AttributeModifierManager/]: Ignoring unknown attribute 'forge.swimSpeed'
[09Apr2026 18:39:56.900] [Worker-Main-2/WARN] [net.minecraft.entity.ai.attributes.AttributeModifierManager/]: Ignoring unknown attribute 'forge.nameTagDistance'
[09Apr2026 18:39:56.900] [Worker-Main-2/WARN] [net.minecraft.entity.ai.attributes.AttributeModifierManager/]: Ignoring unknown attribute 'forge.entity_gravity'
[09Apr2026 18:39:56.900] [Worker-Main-2/WARN] [net.minecraft.entity.ai.attributes.AttributeModifierManager/]: Ignoring unknown attribute 'generic.followRange'
[09Apr2026 18:39:56.900] [Worker-Main-2/WARN] [net.minecraft.entity.ai.attributes.AttributeModifierManager/]: Ignoring unknown attribute 'generic.attackKnockback'
[09Apr2026 18:39:56.900] [Worker-Main-2/WARN] [net.minecraft.entity.ai.attributes.AttributeModifierManager/]: Ignoring unknown attribute 'generic.attackDamage'
[09Apr2026 18:39:56.900] [Worker-Main-2/WARN] [net.minecraft.entity.ai.attributes.AttributeModifierManager/]: Ignoring unknown attribute 'generic.maxHealth'
[09Apr2026 18:39:56.900] [Worker-Main-2/WARN] [net.minecraft.entity.ai.attributes.AttributeModifierManager/]: Ignoring unknown attribute 'generic.knockbackResistance'
[09Apr2026 18:39:56.901] [Worker-Main-2/WARN] [net.minecraft.entity.ai.attributes.AttributeModifierManager/]: Ignoring unknown attribute 'generic.movementSpeed'
[09Apr2026 18:39:56.901] [Worker-Main-2/WARN] [net.minecraft.entity.ai.attributes.AttributeModifierManager/]: Ignoring unknown attribute 'generic.armorToughness'
[09Apr2026 18:39:56.901] [Worker-Main-2/WARN] [net.minecraft.entity.ai.attributes.AttributeModifierManager/]: Ignoring unknown attribute 'forge.swimSpeed'
[09Apr2026 18:39:56.901] [Worker-Main-2/WARN] [net.minecraft.entity.ai.attributes.AttributeModifierManager/]: Ignoring unknown attribute 'forge.nameTagDistance'
[09Apr2026 18:39:56.901] [Worker-Main-2/WARN] [net.minecraft.entity.ai.attributes.AttributeModifierManager/]: Ignoring unknown attribute 'forge.entity_gravity'
[09Apr2026 18:39:56.901] [Worker-Main-2/WARN] [net.minecraft.entity.ai.attributes.AttributeModifierManager/]: Ignoring unknown attribute 'generic.followRange'
[09Apr2026 18:39:56.901] [Worker-Main-2/WARN] [net.minecraft.entity.ai.attributes.AttributeModifierManager/]: Ignoring unknown attribute 'generic.attackKnockback'
[09Apr2026 18:39:56.901] [Worker-Main-2/WARN] [net.minecraft.entity.ai.attributes.AttributeModifierManager/]: Ignoring unknown attribute 'generic.attackDamage'
[09Apr2026 18:39:56.901] [Worker-Main-2/WARN] [net.minecraft.entity.ai.attributes.AttributeModifierManager/]: Ignoring unknown attribute 'generic.maxHealth'
[09Apr2026 18:39:56.902] [Worker-Main-2/WARN] [net.minecraft.entity.ai.attributes.AttributeModifierManager/]: Ignoring unknown attribute 'generic.knockbackResistance'
[09Apr2026 18:39:56.902] [Worker-Main-2/WARN] [net.minecraft.entity.ai.attributes.AttributeModifierManager/]: Ignoring unknown attribute 'generic.movementSpeed'
[09Apr2026 18:39:56.902] [Worker-Main-2/WARN] [net.minecraft.entity.ai.attributes.AttributeModifierManager/]: Ignoring unknown attribute 'generic.armorToughness'
[09Apr2026 18:39:56.902] [Worker-Main-2/WARN] [net.minecraft.entity.ai.attributes.AttributeModifierManager/]: Ignoring unknown attribute 'forge.swimSpeed'
[09Apr2026 18:39:56.902] [Worker-Main-2/WARN] [net.minecraft.entity.ai.attributes.AttributeModifierManager/]: Ignoring unknown attribute 'forge.nameTagDistance'
[09Apr2026 18:39:56.902] [Worker-Main-2/WARN] [net.minecraft.entity.ai.attributes.AttributeModifierManager/]: Ignoring unknown attribute 'forge.entity_gravity'
[09Apr2026 18:39:56.902] [Worker-Main-2/WARN] [net.minecraft.entity.ai.attributes.AttributeModifierManager/]: Ignoring unknown attribute 'generic.followRange'
[09Apr2026 18:39:56.902] [Worker-Main-2/WARN] [net.minecraft.entity.ai.attributes.AttributeModifierManager/]: Ignoring unknown attribute 'generic.attackKnockback'
[09Apr2026 18:39:56.902] [Worker-Main-2/WARN] [net.minecraft.entity.ai.attributes.AttributeModifierManager/]: Ignoring unknown attribute 'generic.attackDamage'
[09Apr2026 18:39:56.903] [Worker-Main-2/WARN] [net.minecraft.entity.ai.attributes.AttributeModifierManager/]: Ignoring unknown attribute 'generic.maxHealth'
[09Apr2026 18:39:56.903] [Worker-Main-2/WARN] [net.minecraft.entity.ai.attributes.AttributeModifierManager/]: Ignoring unknown attribute 'generic.knockbackResistance'
[09Apr2026 18:39:56.903] [Worker-Main-2/WARN] [net.minecraft.entity.ai.attributes.AttributeModifierManager/]: Ignoring unknown attribute 'generic.movementSpeed'
[09Apr2026 18:39:56.903] [Worker-Main-2/WARN] [net.minecraft.entity.ai.attributes.AttributeModifierManager/]: Ignoring unknown attribute 'generic.armorToughness'
[09Apr2026 18:39:56.903] [Worker-Main-2/WARN] [net.minecraft.entity.ai.attributes.AttributeModifierManager/]: Ignoring unknown attribute 'forge.swimSpeed'
[09Apr2026 18:39:56.903] [Worker-Main-2/WARN] [net.minecraft.entity.ai.attributes.AttributeModifierManager/]: Ignoring unknown attribute 'forge.nameTagDistance'
[09Apr2026 18:39:56.903] [Worker-Main-2/WARN] [net.minecraft.entity.ai.attributes.AttributeModifierManager/]: Ignoring unknown attribute 'forge.entity_gravity'
[09Apr2026 18:39:56.903] [Worker-Main-2/WARN] [net.minecraft.entity.ai.attributes.AttributeModifierManager/]: Ignoring unknown attribute 'generic.followRange'
[09Apr2026 18:39:56.903] [Worker-Main-2/WARN] [net.minecraft.entity.ai.attributes.AttributeModifierManager/]: Ignoring unknown attribute 'generic.attackKnockback'
[09Apr2026 18:39:56.903] [Worker-Main-2/WARN] [net.minecraft.entity.ai.attributes.AttributeModifierManager/]: Ignoring unknown attribute 'generic.attackDamage'
[09Apr2026 18:39:56.903] [Worker-Main-2/WARN] [net.minecraft.entity.ai.attributes.AttributeModifierManager/]: Ignoring unknown attribute 'forge.swimSpeed'
[09Apr2026 18:39:56.904] [Worker-Main-2/WARN] [net.minecraft.entity.ai.attributes.AttributeModifierManager/]: Ignoring unknown attribute 'forge.nameTagDistance'
[09Apr2026 18:39:56.904] [Worker-Main-2/WARN] [net.minecraft.entity.ai.attributes.AttributeModifierManager/]: Ignoring unknown attribute 'forge.entity_gravity'
[09Apr2026 18:39:56.904] [Worker-Main-2/WARN] [net.minecraft.entity.ai.attributes.AttributeModifierManager/]: Ignoring unknown attribute 'forge.swimSpeed'
[09Apr2026 18:39:56.904] [Worker-Main-2/WARN] [net.minecraft.entity.ai.attributes.AttributeModifierManager/]: Ignoring unknown attribute 'forge.nameTagDistance'
[09Apr2026 18:39:56.904] [Worker-Main-2/WARN] [net.minecraft.entity.ai.attributes.AttributeModifierManager/]: Ignoring unknown attribute 'forge.entity_gravity'
[09Apr2026 18:39:56.904] [Worker-Main-2/WARN] [net.minecraft.entity.ai.attributes.AttributeModifierManager/]: Ignoring unknown attribute 'forge.swimSpeed'
[09Apr2026 18:39:56.905] [Worker-Main-2/WARN] [net.minecraft.entity.ai.attributes.AttributeModifierManager/]: Ignoring unknown attribute 'forge.nameTagDistance'
[09Apr2026 18:39:56.905] [Worker-Main-2/WARN] [net.minecraft.entity.ai.attributes.AttributeModifierManager/]: Ignoring unknown attribute 'forge.entity_gravity'
[09Apr2026 18:39:56.905] [Worker-Main-2/WARN] [net.minecraft.entity.ai.attributes.AttributeModifierManager/]: Ignoring unknown attribute 'forge.swimSpeed'
[09Apr2026 18:39:56.905] [Worker-Main-2/WARN] [net.minecraft.entity.ai.attributes.AttributeModifierManager/]: Ignoring unknown attribute 'forge.nameTagDistance'
[09Apr2026 18:39:56.905] [Worker-Main-2/WARN] [net.minecraft.entity.ai.attributes.AttributeModifierManager/]: Ignoring unknown attribute 'forge.entity_gravity'
[09Apr2026 18:39:56.908] [Worker-Main-2/WARN] [net.minecraft.entity.ai.attributes.AttributeModifierManager/]: Ignoring unknown attribute 'forge.swimSpeed'
[09Apr2026 18:39:56.908] [Worker-Main-2/WARN] [net.minecraft.entity.ai.attributes.AttributeModifierManager/]: Ignoring unknown attribute 'forge.nameTagDistance'
[09Apr2026 18:39:56.908] [Worker-Main-2/WARN] [net.minecraft.entity.ai.attributes.AttributeModifierManager/]: Ignoring unknown attribute 'forge.entity_gravity'
[09Apr2026 18:39:56.909] [Worker-Main-2/WARN] [net.minecraft.entity.ai.attributes.AttributeModifierManager/]: Ignoring unknown attribute 'generic.maxHealth'
[09Apr2026 18:39:56.909] [Worker-Main-2/WARN] [net.minecraft.entity.ai.attributes.AttributeModifierManager/]: Ignoring unknown attribute 'generic.knockbackResistance'
[09Apr2026 18:39:56.910] [Worker-Main-2/WARN] [net.minecraft.entity.ai.attributes.AttributeModifierManager/]: Ignoring unknown attribute 'generic.movementSpeed'
[09Apr2026 18:39:56.910] [Worker-Main-2/WARN] [net.minecraft.entity.ai.attributes.AttributeModifierManager/]: Ignoring unknown attribute 'generic.armorToughness'
[09Apr2026 18:39:56.910] [Worker-Main-2/WARN] [net.minecraft.entity.ai.attributes.AttributeModifierManager/]: Ignoring unknown attribute 'forge.swimSpeed'
[09Apr2026 18:39:56.910] [Worker-Main-2/WARN] [net.minecraft.entity.ai.attributes.AttributeModifierManager/]: Ignoring unknown attribute 'forge.nameTagDistance'
[09Apr2026 18:39:56.910] [Worker-Main-2/WARN] [net.minecraft.entity.ai.attributes.AttributeModifierManager/]: Ignoring unknown attribute 'forge.entity_gravity'
[09Apr2026 18:39:56.910] [Worker-Main-2/WARN] [net.minecraft.entity.ai.attributes.AttributeModifierManager/]: Ignoring unknown attribute 'generic.followRange'
[09Apr2026 18:39:56.910] [Worker-Main-2/WARN] [net.minecraft.entity.ai.attributes.AttributeModifierManager/]: Ignoring unknown attribute 'generic.attackKnockback'
[09Apr2026 18:39:56.910] [Worker-Main-2/WARN] [net.minecraft.entity.ai.attributes.AttributeModifierManager/]: Ignoring unknown attribute 'generic.attackDamage'
[09Apr2026 18:39:56.912] [Worker-Main-2/WARN] [net.minecraft.entity.ai.attributes.AttributeModifierManager/]: Ignoring unknown attribute 'forge.swimSpeed'
[09Apr2026 18:39:56.912] [Worker-Main-2/WARN] [net.minecraft.entity.ai.attributes.AttributeModifierManager/]: Ignoring unknown attribute 'forge.nameTagDistance'
[09Apr2026 18:39:56.912] [Worker-Main-2/WARN] [net.minecraft.entity.ai.attributes.AttributeModifierManager/]: Ignoring unknown attribute 'forge.entity_gravity'
[09Apr2026 18:39:56.912] [Worker-Main-2/WARN] [net.minecraft.entity.ai.attributes.AttributeModifierManager/]: Ignoring unknown attribute 'generic.maxHealth'
[09Apr2026 18:39:56.913] [Worker-Main-2/WARN] [net.minecraft.entity.ai.attributes.AttributeModifierManager/]: Ignoring unknown attribute 'generic.knockbackResistance'
[09Apr2026 18:39:56.915] [Worker-Main-2/WARN] [net.minecraft.entity.ai.attributes.AttributeModifierManager/]: Ignoring unknown attribute 'generic.movementSpeed'
[09Apr2026 18:39:56.915] [Worker-Main-2/WARN] [net.minecraft.entity.ai.attributes.AttributeModifierManager/]: Ignoring unknown attribute 'generic.armorToughness'
[09Apr2026 18:39:56.915] [Worker-Main-2/WARN] [net.minecraft.entity.ai.attributes.AttributeModifierManager/]: Ignoring unknown attribute 'forge.swimSpeed'
[09Apr2026 18:39:56.915] [Worker-Main-2/WARN] [net.minecraft.entity.ai.attributes.AttributeModifierManager/]: Ignoring unknown attribute 'forge.nameTagDistance'
[09Apr2026 18:39:56.916] [Worker-Main-2/WARN] [net.minecraft.entity.ai.attributes.AttributeModifierManager/]: Ignoring unknown attribute 'forge.entity_gravity'
[09Apr2026 18:39:56.916] [Worker-Main-2/WARN] [net.minecraft.entity.ai.attributes.AttributeModifierManager/]: Ignoring unknown attribute 'generic.followRange'
[09Apr2026 18:39:56.916] [Worker-Main-2/WARN] [net.minecraft.entity.ai.attributes.AttributeModifierManager/]: Ignoring unknown attribute 'generic.attackKnockback'
[09Apr2026 18:39:56.916] [Worker-Main-2/WARN] [net.minecraft.entity.ai.attributes.AttributeModifierManager/]: Ignoring unknown attribute 'generic.attackDamage'
[09Apr2026 18:39:56.916] [Worker-Main-2/WARN] [net.minecraft.entity.ai.attributes.AttributeModifierManager/]: Ignoring unknown attribute 'generic.maxHealth'
[09Apr2026 18:39:56.916] [Worker-Main-2/WARN] [net.minecraft.entity.ai.attributes.AttributeModifierManager/]: Ignoring unknown attribute 'generic.knockbackResistance'
[09Apr2026 18:39:56.917] [Worker-Main-2/WARN] [net.minecraft.entity.ai.attributes.AttributeModifierManager/]: Ignoring unknown attribute 'generic.movementSpeed'
[09Apr2026 18:39:56.917] [Worker-Main-2/WARN] [net.minecraft.entity.ai.attributes.AttributeModifierManager/]: Ignoring unknown attribute 'generic.armorToughness'
[09Apr2026 18:39:56.917] [Worker-Main-2/WARN] [net.minecraft.entity.ai.attributes.AttributeModifierManager/]: Ignoring unknown attribute 'forge.swimSpeed'
[09Apr2026 18:39:56.917] [Worker-Main-2/WARN] [net.minecraft.entity.ai.attributes.AttributeModifierManager/]: Ignoring unknown attribute 'forge.nameTagDistance'
[09Apr2026 18:39:56.917] [Worker-Main-2/WARN] [net.minecraft.entity.ai.attributes.AttributeModifierManager/]: Ignoring unknown attribute 'forge.entity_gravity'
[09Apr2026 18:39:56.918] [Worker-Main-2/WARN] [net.minecraft.entity.ai.attributes.AttributeModifierManager/]: Ignoring unknown attribute 'generic.followRange'
[09Apr2026 18:39:56.918] [Worker-Main-2/WARN] [net.minecraft.entity.ai.attributes.AttributeModifierManager/]: Ignoring unknown attribute 'generic.attackKnockback'
[09Apr2026 18:39:56.918] [Worker-Main-2/WARN] [net.minecraft.entity.ai.attributes.AttributeModifierManager/]: Ignoring unknown attribute 'generic.attackDamage'
[09Apr2026 18:39:56.920] [Worker-Main-2/WARN] [net.minecraft.entity.ai.attributes.AttributeModifierManager/]: Ignoring unknown attribute 'generic.maxHealth'
[09Apr2026 18:39:56.920] [Worker-Main-2/WARN] [net.minecraft.entity.ai.attributes.AttributeModifierManager/]: Ignoring unknown attribute 'generic.knockbackResistance'
[09Apr2026 18:39:56.920] [Worker-Main-2/WARN] [net.minecraft.entity.ai.attributes.AttributeModifierManager/]: Ignoring unknown attribute 'generic.movementSpeed'
[09Apr2026 18:39:56.920] [Worker-Main-2/WARN] [net.minecraft.entity.ai.attributes.AttributeModifierManager/]: Ignoring unknown attribute 'generic.armorToughness'
[09Apr2026 18:39:56.920] [Worker-Main-2/WARN] [net.minecraft.entity.ai.attributes.AttributeModifierManager/]: Ignoring unknown attribute 'forge.swimSpeed'
[09Apr2026 18:39:56.920] [Worker-Main-2/WARN] [net.minecraft.entity.ai.attributes.AttributeModifierManager/]: Ignoring unknown attribute 'forge.nameTagDistance'
[09Apr2026 18:39:56.921] [Worker-Main-2/WARN] [net.minecraft.entity.ai.attributes.AttributeModifierManager/]: Ignoring unknown attribute 'forge.entity_gravity'
[09Apr2026 18:39:56.921] [Worker-Main-2/WARN] [net.minecraft.entity.ai.attributes.AttributeModifierManager/]: Ignoring unknown attribute 'generic.followRange'
[09Apr2026 18:39:56.921] [Worker-Main-2/WARN] [net.minecraft.entity.ai.attributes.AttributeModifierManager/]: Ignoring unknown attribute 'generic.attackKnockback'
[09Apr2026 18:39:56.921] [Worker-Main-2/WARN] [net.minecraft.entity.ai.attributes.AttributeModifierManager/]: Ignoring unknown attribute 'generic.attackDamage'
[09Apr2026 18:39:56.921] [Worker-Main-2/WARN] [net.minecraft.entity.ai.attributes.AttributeModifierManager/]: Ignoring unknown attribute 'forge.swimSpeed'
[09Apr2026 18:39:56.921] [Worker-Main-2/WARN] [net.minecraft.entity.ai.attributes.AttributeModifierManager/]: Ignoring unknown attribute 'forge.nameTagDistance'
[09Apr2026 18:39:56.921] [Worker-Main-2/WARN] [net.minecraft.entity.ai.attributes.AttributeModifierManager/]: Ignoring unknown attribute 'forge.entity_gravity'
[09Apr2026 18:39:56.922] [Worker-Main-2/WARN] [net.minecraft.entity.ai.attributes.AttributeModifierManager/]: Ignoring unknown attribute 'forge.swimSpeed'
[09Apr2026 18:39:56.922] [Worker-Main-2/WARN] [net.minecraft.entity.ai.attributes.AttributeModifierManager/]: Ignoring unknown attribute 'forge.nameTagDistance'
[09Apr2026 18:39:56.922] [Worker-Main-2/WARN] [net.minecraft.entity.ai.attributes.AttributeModifierManager/]: Ignoring unknown attribute 'forge.entity_gravity'
[09Apr2026 18:39:56.922] [Worker-Main-2/WARN] [net.minecraft.entity.ai.attributes.AttributeModifierManager/]: Ignoring unknown attribute 'forge.swimSpeed'
[09Apr2026 18:39:56.922] [Worker-Main-2/WARN] [net.minecraft.entity.ai.attributes.AttributeModifierManager/]: Ignoring unknown attribute 'forge.nameTagDistance'
[09Apr2026 18:39:56.922] [Worker-Main-2/WARN] [net.minecraft.entity.ai.attributes.AttributeModifierManager/]: Ignoring unknown attribute 'forge.entity_gravity'
[09Apr2026 18:39:56.923] [Worker-Main-2/WARN] [net.minecraft.entity.ai.attributes.AttributeModifierManager/]: Ignoring unknown attribute 'forge.swimSpeed'
[09Apr2026 18:39:56.923] [Worker-Main-2/WARN] [net.minecraft.entity.ai.attributes.AttributeModifierManager/]: Ignoring unknown attribute 'forge.nameTagDistance'
[09Apr2026 18:39:56.926] [Worker-Main-2/WARN] [net.minecraft.entity.ai.attributes.AttributeModifierManager/]: Ignoring unknown attribute 'forge.entity_gravity'
[09Apr2026 18:39:56.926] [Worker-Main-2/WARN] [net.minecraft.entity.ai.attributes.AttributeModifierManager/]: Ignoring unknown attribute 'forge.swimSpeed'
[09Apr2026 18:39:56.927] [Worker-Main-2/WARN] [net.minecraft.entity.ai.attributes.AttributeModifierManager/]: Ignoring unknown attribute 'forge.nameTagDistance'
[09Apr2026 18:39:56.927] [Worker-Main-2/WARN] [net.minecraft.entity.ai.attributes.AttributeModifierManager/]: Ignoring unknown attribute 'forge.entity_gravity'
[09Apr2026 18:39:56.927] [Worker-Main-2/WARN] [net.minecraft.entity.ai.attributes.AttributeModifierManager/]: Ignoring unknown attribute 'generic.maxHealth'
[09Apr2026 18:39:56.927] [Worker-Main-2/WARN] [net.minecraft.entity.ai.attributes.AttributeModifierManager/]: Ignoring unknown attribute 'generic.knockbackResistance'
[09Apr2026 18:39:56.927] [Worker-Main-2/WARN] [net.minecraft.entity.ai.attributes.AttributeModifierManager/]: Ignoring unknown attribute 'generic.movementSpeed'
[09Apr2026 18:39:56.927] [Worker-Main-2/WARN] [net.minecraft.entity.ai.attributes.AttributeModifierManager/]: Ignoring unknown attribute 'generic.armorToughness'
[09Apr2026 18:39:56.927] [Worker-Main-2/WARN] [net.minecraft.entity.ai.attributes.AttributeModifierManager/]: Ignoring unknown attribute 'forge.swimSpeed'
[09Apr2026 18:39:56.928] [Worker-Main-2/WARN] [net.minecraft.entity.ai.attributes.AttributeModifierManager/]: Ignoring unknown attribute 'forge.nameTagDistance'
[09Apr2026 18:39:56.928] [Worker-Main-2/WARN] [net.minecraft.entity.ai.attributes.AttributeModifierManager/]: Ignoring unknown attribute 'forge.entity_gravity'
[09Apr2026 18:39:56.928] [Worker-Main-2/WARN] [net.minecraft.entity.ai.attributes.AttributeModifierManager/]: Ignoring unknown attribute 'generic.followRange'
[09Apr2026 18:39:56.929] [Worker-Main-2/WARN] [net.minecraft.entity.ai.attributes.AttributeModifierManager/]: Ignoring unknown attribute 'generic.attackKnockback'
[09Apr2026 18:39:56.929] [Worker-Main-2/WARN] [net.minecraft.entity.ai.attributes.AttributeModifierManager/]: Ignoring unknown attribute 'generic.attackDamage'
[09Apr2026 18:39:56.930] [Worker-Main-2/WARN] [net.minecraft.entity.ai.attributes.AttributeModifierManager/]: Ignoring unknown attribute 'forge.swimSpeed'
[09Apr2026 18:39:56.931] [Worker-Main-2/WARN] [net.minecraft.entity.ai.attributes.AttributeModifierManager/]: Ignoring unknown attribute 'forge.nameTagDistance'
[09Apr2026 18:39:56.931] [Worker-Main-2/WARN] [net.minecraft.entity.ai.attributes.AttributeModifierManager/]: Ignoring unknown attribute 'forge.entity_gravity'
[09Apr2026 18:39:56.931] [Worker-Main-2/WARN] [net.minecraft.entity.ai.attributes.AttributeModifierManager/]: Ignoring unknown attribute 'generic.maxHealth'
[09Apr2026 18:39:56.932] [Worker-Main-2/WARN] [net.minecraft.entity.ai.attributes.AttributeModifierManager/]: Ignoring unknown attribute 'generic.knockbackResistance'
[09Apr2026 18:39:56.932] [Worker-Main-2/WARN] [net.minecraft.entity.ai.attributes.AttributeModifierManager/]: Ignoring unknown attribute 'generic.movementSpeed'
[09Apr2026 18:39:56.932] [Worker-Main-2/WARN] [net.minecraft.entity.ai.attributes.AttributeModifierManager/]: Ignoring unknown attribute 'generic.armorToughness'
[09Apr2026 18:39:56.933] [Worker-Main-2/WARN] [net.minecraft.entity.ai.attributes.AttributeModifierManager/]: Ignoring unknown attribute 'forge.swimSpeed'
[09Apr2026 18:39:56.933] [Worker-Main-2/WARN] [net.minecraft.entity.ai.attributes.AttributeModifierManager/]: Ignoring unknown attribute 'forge.nameTagDistance'
[09Apr2026 18:39:56.933] [Worker-Main-2/WARN] [net.minecraft.entity.ai.attributes.AttributeModifierManager/]: Ignoring unknown attribute 'forge.entity_gravity'
[09Apr2026 18:39:56.933] [Worker-Main-2/WARN] [net.minecraft.entity.ai.attributes.AttributeModifierManager/]: Ignoring unknown attribute 'generic.followRange'
[09Apr2026 18:39:56.933] [Worker-Main-2/WARN] [net.minecraft.entity.ai.attributes.AttributeModifierManager/]: Ignoring unknown attribute 'generic.attackKnockback'
[09Apr2026 18:39:56.933] [Worker-Main-2/WARN] [net.minecraft.entity.ai.attributes.AttributeModifierManager/]: Ignoring unknown attribute 'generic.attackDamage'
[09Apr2026 18:39:56.934] [Worker-Main-2/WARN] [net.minecraft.entity.ai.attributes.AttributeModifierManager/]: Ignoring unknown attribute 'generic.maxHealth'
[09Apr2026 18:39:56.934] [Worker-Main-2/WARN] [net.minecraft.entity.ai.attributes.AttributeModifierManager/]: Ignoring unknown attribute 'generic.knockbackResistance'
[09Apr2026 18:39:56.934] [Worker-Main-2/WARN] [net.minecraft.entity.ai.attributes.AttributeModifierManager/]: Ignoring unknown attribute 'generic.movementSpeed'
[09Apr2026 18:39:56.934] [Worker-Main-2/WARN] [net.minecraft.entity.ai.attributes.AttributeModifierManager/]: Ignoring unknown attribute 'generic.armorToughness'
[09Apr2026 18:39:56.934] [Worker-Main-2/WARN] [net.minecraft.entity.ai.attributes.AttributeModifierManager/]: Ignoring unknown attribute 'forge.swimSpeed'
[09Apr2026 18:39:56.934] [Worker-Main-2/WARN] [net.minecraft.entity.ai.attributes.AttributeModifierManager/]: Ignoring unknown attribute 'forge.nameTagDistance'
[09Apr2026 18:39:56.934] [Worker-Main-2/WARN] [net.minecraft.entity.ai.attributes.AttributeModifierManager/]: Ignoring unknown attribute 'forge.entity_gravity'
[09Apr2026 18:39:56.934] [Worker-Main-2/WARN] [net.minecraft.entity.ai.attributes.AttributeModifierManager/]: Ignoring unknown attribute 'generic.followRange'
[09Apr2026 18:39:56.934] [Worker-Main-2/WARN] [net.minecraft.entity.ai.attributes.AttributeModifierManager/]: Ignoring unknown attribute 'generic.attackKnockback'
[09Apr2026 18:39:56.934] [Worker-Main-2/WARN] [net.minecraft.entity.ai.attributes.AttributeModifierManager/]: Ignoring unknown attribute 'generic.attackDamage'
[09Apr2026 18:39:56.935] [Worker-Main-2/WARN] [net.minecraft.entity.ai.attributes.AttributeModifierManager/]: Ignoring unknown attribute 'forge.swimSpeed'
[09Apr2026 18:39:56.935] [Worker-Main-2/WARN] [net.minecraft.entity.ai.attributes.AttributeModifierManager/]: Ignoring unknown attribute 'forge.nameTagDistance'
[09Apr2026 18:39:56.935] [Worker-Main-2/WARN] [net.minecraft.entity.ai.attributes.AttributeModifierManager/]: Ignoring unknown attribute 'forge.entity_gravity'
[09Apr2026 18:39:56.935] [Worker-Main-2/WARN] [net.minecraft.entity.ai.attributes.AttributeModifierManager/]: Ignoring unknown attribute 'generic.maxHealth'
[09Apr2026 18:39:56.935] [Worker-Main-2/WARN] [net.minecraft.entity.ai.attributes.AttributeModifierManager/]: Ignoring unknown attribute 'generic.knockbackResistance'
[09Apr2026 18:39:56.936] [Worker-Main-2/WARN] [net.minecraft.entity.ai.attributes.AttributeModifierManager/]: Ignoring unknown attribute 'generic.movementSpeed'
[09Apr2026 18:39:56.936] [Worker-Main-2/WARN] [net.minecraft.entity.ai.attributes.AttributeModifierManager/]: Ignoring unknown attribute 'generic.armorToughness'
[09Apr2026 18:39:56.936] [Worker-Main-2/WARN] [net.minecraft.entity.ai.attributes.AttributeModifierManager/]: Ignoring unknown attribute 'forge.swimSpeed'
[09Apr2026 18:39:56.936] [Worker-Main-2/WARN] [net.minecraft.entity.ai.attributes.AttributeModifierManager/]: Ignoring unknown attribute 'forge.nameTagDistance'
[09Apr2026 18:39:56.936] [Worker-Main-2/WARN] [net.minecraft.entity.ai.attributes.AttributeModifierManager/]: Ignoring unknown attribute 'forge.entity_gravity'
[09Apr2026 18:39:56.937] [Worker-Main-2/WARN] [net.minecraft.entity.ai.attributes.AttributeModifierManager/]: Ignoring unknown attribute 'generic.followRange'
[09Apr2026 18:39:56.937] [Worker-Main-2/WARN] [net.minecraft.entity.ai.attributes.AttributeModifierManager/]: Ignoring unknown attribute 'generic.attackKnockback'
[09Apr2026 18:39:56.937] [Worker-Main-2/WARN] [net.minecraft.entity.ai.attributes.AttributeModifierManager/]: Ignoring unknown attribute 'generic.attackDamage'
[09Apr2026 18:39:56.937] [Worker-Main-2/WARN] [net.minecraft.entity.ai.attributes.AttributeModifierManager/]: Ignoring unknown attribute 'forge.swimSpeed'
[09Apr2026 18:39:56.937] [Worker-Main-2/WARN] [net.minecraft.entity.ai.attributes.AttributeModifierManager/]: Ignoring unknown attribute 'forge.nameTagDistance'
[09Apr2026 18:39:56.937] [Worker-Main-2/WARN] [net.minecraft.entity.ai.attributes.AttributeModifierManager/]: Ignoring unknown attribute 'forge.entity_gravity'
[09Apr2026 18:39:56.938] [Worker-Main-2/WARN] [net.minecraft.entity.ai.attributes.AttributeModifierManager/]: Ignoring unknown attribute 'forge.swimSpeed'
[09Apr2026 18:39:56.938] [Worker-Main-2/WARN] [net.minecraft.entity.ai.attributes.AttributeModifierManager/]: Ignoring unknown attribute 'forge.nameTagDistance'
[09Apr2026 18:39:56.938] [Worker-Main-2/WARN] [net.minecraft.entity.ai.attributes.AttributeModifierManager/]: Ignoring unknown attribute 'forge.entity_gravity'
[09Apr2026 18:39:56.938] [Worker-Main-2/WARN] [net.minecraft.entity.ai.attributes.AttributeModifierManager/]: Ignoring unknown attribute 'generic.maxHealth'
[09Apr2026 18:39:56.938] [Worker-Main-2/WARN] [net.minecraft.entity.ai.attributes.AttributeModifierManager/]: Ignoring unknown attribute 'generic.knockbackResistance'
[09Apr2026 18:39:56.938] [Worker-Main-2/WARN] [net.minecraft.entity.ai.attributes.AttributeModifierManager/]: Ignoring unknown attribute 'generic.movementSpeed'
[09Apr2026 18:39:56.939] [Worker-Main-2/WARN] [net.minecraft.entity.ai.attributes.AttributeModifierManager/]: Ignoring unknown attribute 'generic.armorToughness'
[09Apr2026 18:39:56.939] [Worker-Main-2/WARN] [net.minecraft.entity.ai.attributes.AttributeModifierManager/]: Ignoring unknown attribute 'forge.swimSpeed'
[09Apr2026 18:39:56.939] [Worker-Main-2/WARN] [net.minecraft.entity.ai.attributes.AttributeModifierManager/]: Ignoring unknown attribute 'forge.nameTagDistance'
[09Apr2026 18:39:56.939] [Worker-Main-2/WARN] [net.minecraft.entity.ai.attributes.AttributeModifierManager/]: Ignoring unknown attribute 'forge.entity_gravity'
[09Apr2026 18:39:56.939] [Worker-Main-2/WARN] [net.minecraft.entity.ai.attributes.AttributeModifierManager/]: Ignoring unknown attribute 'generic.followRange'
[09Apr2026 18:39:56.939] [Worker-Main-2/WARN] [net.minecraft.entity.ai.attributes.AttributeModifierManager/]: Ignoring unknown attribute 'generic.attackKnockback'
[09Apr2026 18:39:56.939] [Worker-Main-2/WARN] [net.minecraft.entity.ai.attributes.AttributeModifierManager/]: Ignoring unknown attribute 'generic.attackDamage'
[09Apr2026 18:39:56.939] [Worker-Main-2/WARN] [net.minecraft.entity.ai.attributes.AttributeModifierManager/]: Ignoring unknown attribute 'forge.swimSpeed'
[09Apr2026 18:39:56.940] [Worker-Main-2/WARN] [net.minecraft.entity.ai.attributes.AttributeModifierManager/]: Ignoring unknown attribute 'forge.nameTagDistance'
[09Apr2026 18:39:56.940] [Worker-Main-2/WARN] [net.minecraft.entity.ai.attributes.AttributeModifierManager/]: Ignoring unknown attribute 'forge.entity_gravity'
[09Apr2026 18:39:56.993] [Chunky-minecraft:overworld Thread/INFO] [net.minecraft.server.dedicated.DedicatedServer/]: [Chunky] Task running for minecraft:overworld. Processed: 16844 chunks (26.74%), ETA: 0:22:30, Rate: 34.2 cps, Current: -18, 294
[09Apr2026 18:39:57.297] [Worker-Main-2/WARN] [net.minecraft.entity.ai.attributes.AttributeModifierManager/]: Ignoring unknown attribute 'generic.maxHealth'
[09Apr2026 18:39:57.297] [Worker-Main-2/WARN] [net.minecraft.entity.ai.attributes.AttributeModifierManager/]: Ignoring unknown attribute 'generic.knockbackResistance'
[09Apr2026 18:39:57.297] [Worker-Main-2/WARN] [net.minecraft.entity.ai.attributes.AttributeModifierManager/]: Ignoring unknown attribute 'generic.movementSpeed'
[09Apr2026 18:39:57.297] [Worker-Main-2/WARN] [net.minecraft.entity.ai.attributes.AttributeModifierManager/]: Ignoring unknown attribute 'generic.armorToughness'
[09Apr2026 18:39:57.297] [Worker-Main-2/WARN] [net.minecraft.entity.ai.attributes.AttributeModifierManager/]: Ignoring unknown attribute 'forge.swimSpeed'
[09Apr2026 18:39:57.297] [Worker-Main-2/WARN] [net.minecraft.entity.ai.attributes.AttributeModifierManager/]: Ignoring unknown attribute 'forge.nameTagDistance'
[09Apr2026 18:39:57.297] [Worker-Main-2/WARN] [net.minecraft.entity.ai.attributes.AttributeModifierManager/]: Ignoring unknown attribute 'forge.entity_gravity'
[09Apr2026 18:39:57.297] [Worker-Main-2/WARN] [net.minecraft.entity.ai.attributes.AttributeModifierManager/]: Ignoring unknown attribute 'generic.followRange'
[09Apr2026 18:39:57.297] [Worker-Main-2/WARN] [net.minecraft.entity.ai.attributes.AttributeModifierManager/]: Ignoring unknown attribute 'generic.attackKnockback'
[09Apr2026 18:39:57.298] [Worker-Main-2/WARN] [net.minecraft.entity.ai.attributes.AttributeModifierManager/]: Ignoring unknown attribute 'generic.attackDamage'
[09Apr2026 18:39:57.298] [Worker-Main-2/WARN] [net.minecraft.entity.ai.attributes.AttributeModifierManager/]: Ignoring unknown attribute 'forge.swimSpeed'
[09Apr2026 18:39:57.298] [Worker-Main-2/WARN] [net.minecraft.entity.ai.attributes.AttributeModifierManager/]: Ignoring unknown attribute 'forge.nameTagDistance'
[09Apr2026 18:39:57.298] [Worker-Main-2/WARN] [net.minecraft.entity.ai.attributes.AttributeModifierManager/]: Ignoring unknown attribute 'forge.entity_gravity'
[09Apr2026 18:39:57.298] [Worker-Main-2/WARN] [net.minecraft.entity.ai.attributes.AttributeModifierManager/]: Ignoring unknown attribute 'forge.swimSpeed'
[09Apr2026 18:39:57.298] [Worker-Main-2/WARN] [net.minecraft.entity.ai.attributes.AttributeModifierManager/]: Ignoring unknown attribute 'forge.nameTagDistance'
[09Apr2026 18:39:57.298] [Worker-Main-2/WARN] [net.minecraft.entity.ai.attributes.AttributeModifierManager/]: Ignoring unknown attribute 'forge.entity_gravity'
[09Apr2026 18:39:57.299] [Worker-Main-2/WARN] [net.minecraft.entity.ai.attributes.AttributeModifierManager/]: Ignoring unknown attribute 'forge.swimSpeed'
[09Apr2026 18:39:57.299] [Worker-Main-2/WARN] [net.minecraft.entity.ai.attributes.AttributeModifierManager/]: Ignoring unknown attribute 'forge.nameTagDistance'
[09Apr2026 18:39:57.299] [Worker-Main-2/WARN] [net.minecraft.entity.ai.attributes.AttributeModifierManager/]: Ignoring unknown attribute 'forge.entity_gravity'
[09Apr2026 18:39:57.299] [Worker-Main-2/WARN] [net.minecraft.entity.ai.attributes.AttributeModifierManager/]: Ignoring unknown attribute 'forge.swimSpeed'
[09Apr2026 18:39:57.299] [Worker-Main-2/WARN] [net.minecraft.entity.ai.attributes.AttributeModifierManager/]: Ignoring unknown attribute 'forge.nameTagDistance'
[09Apr2026 18:39:57.299] [Worker-Main-2/WARN] [net.minecraft.entity.ai.attributes.AttributeModifierManager/]: Ignoring unknown attribute 'forge.entity_gravity'
[09Apr2026 18:39:57.299] [Worker-Main-2/WARN] [net.minecraft.entity.ai.attributes.AttributeModifierManager/]: Ignoring unknown attribute 'forge.swimSpeed'
[09Apr2026 18:39:57.300] [Worker-Main-2/WARN] [net.minecraft.entity.ai.attributes.AttributeModifierManager/]: Ignoring unknown attribute 'forge.nameTagDistance'
[09Apr2026 18:39:57.300] [Worker-Main-2/WARN] [net.minecraft.entity.ai.attributes.AttributeModifierManager/]: Ignoring unknown attribute 'forge.entity_gravity'
[09Apr2026 18:39:57.300] [Worker-Main-2/WARN] [net.minecraft.entity.ai.attributes.AttributeModifierManager/]: Ignoring unknown attribute 'forge.swimSpeed'
[09Apr2026 18:39:57.300] [Worker-Main-2/WARN] [net.minecraft.entity.ai.attributes.AttributeModifierManager/]: Ignoring unknown attribute 'forge.nameTagDistance'
[09Apr2026 18:39:57.300] [Worker-Main-2/WARN] [net.minecraft.entity.ai.attributes.AttributeModifierManager/]: Ignoring unknown attribute 'forge.entity_gravity'
[09Apr2026 18:39:57.300] [Worker-Main-2/WARN] [net.minecraft.entity.ai.attributes.AttributeModifierManager/]: Ignoring unknown attribute 'forge.swimSpeed'
[09Apr2026 18:39:57.301] [Worker-Main-2/WARN] [net.minecraft.entity.ai.attributes.AttributeModifierManager/]: Ignoring unknown attribute 'forge.nameTagDistance'
[09Apr2026 18:39:57.301] [Worker-Main-2/WARN] [net.minecraft.entity.ai.attributes.AttributeModifierManager/]: Ignoring unknown attribute 'forge.entity_gravity'
[09Apr2026 18:39:57.301] [Worker-Main-2/WARN] [net.minecraft.entity.ai.attributes.AttributeModifierManager/]: Ignoring unknown attribute 'forge.swimSpeed'
[09Apr2026 18:39:57.301] [Worker-Main-2/WARN] [net.minecraft.entity.ai.attributes.AttributeModifierManager/]: Ignoring unknown attribute 'forge.nameTagDistance'
[09Apr2026 18:39:57.301] [Worker-Main-2/WARN] [net.minecraft.entity.ai.attributes.AttributeModifierManager/]: Ignoring unknown attribute 'forge.entity_gravity'
[09Apr2026 18:39:57.301] [Worker-Main-2/WARN] [net.minecraft.entity.ai.attributes.AttributeModifierManager/]: Ignoring unknown attribute 'forge.swimSpeed'
[09Apr2026 18:39:57.301] [Worker-Main-2/WARN] [net.minecraft.entity.ai.attributes.AttributeModifierManager/]: Ignoring unknown attribute 'forge.nameTagDistance'
[09Apr2026 18:39:57.301] [Worker-Main-2/WARN] [net.minecraft.entity.ai.attributes.AttributeModifierManager/]: Ignoring unknown attribute 'forge.entity_gravity'
[09Apr2026 18:39:58.324] [Server thread/INFO] [net.minecraft.server.dedicated.DedicatedServer/]: [Chunky] Task running for minecraft:overworld. Processed: 16992 chunks (26.97%), ETA: 0:15:54, Rate: 48.2 cps, Current: 97, 313
[09Apr2026 18:39:58.921] [Worker-Main-2/WARN] [net.minecraft.entity.EntityType/]: Skipping Entity with id nuggets_dungeons_ii:martian
[09Apr2026 18:39:58.921] [Worker-Main-2/WARN] [net.minecraft.entity.EntityType/]: Skipping Entity with id nuggets_dungeons_ii:martian
[09Apr2026 18:39:58.921] [Worker-Main-2/WARN] [net.minecraft.entity.EntityType/]: Skipping Entity with id nuggets_dungeons_ii:martian
[09Apr2026 18:39:58.921] [Worker-Main-2/WARN] [net.minecraft.entity.EntityType/]: Skipping Entity with id nuggets_dungeons_ii:martian
[09Apr2026 18:39:59.346] [Server thread/INFO] [net.minecraft.server.dedicated.DedicatedServer/]: [Chunky] Task running for minecraft:overworld. Processed: 17021 chunks (27.02%), ETA: 0:16:35, Rate: 46.2 cps, Current: -33, 414
[09Apr2026 18:39:59.486] [Worker-Main-2/WARN] [net.minecraft.entity.EntityType/]: Skipping Entity with id nuggets_dungeons_ii:frost_muncher
[09Apr2026 18:39:59.486] [Worker-Main-2/WARN] [net.minecraft.entity.EntityType/]: Skipping Entity with id nuggets_dungeons_ii:frost_muncher
[09Apr2026 18:39:59.486] [Worker-Main-2/WARN] [net.minecraft.entity.EntityType/]: Skipping Entity with id nuggets_dungeons_ii:frost_muncher
[09Apr2026 18:39:59.486] [Worker-Main-2/WARN] [net.minecraft.entity.EntityType/]: Skipping Entity with id nuggets_dungeons_ii:frost_muncher
[09Apr2026 18:40:00.370] [Server thread/INFO] [net.minecraft.server.dedicated.DedicatedServer/]: [Chunky] Task running for minecraft:overworld. Processed: 17048 chunks (27.06%), ETA: 0:15:59, Rate: 47.9 cps, Current: -17, 424
[09Apr2026 18:40:01.428] [Server thread/INFO] [net.minecraft.server.dedicated.DedicatedServer/]: [Chunky] Task running for minecraft:overworld. Processed: 17081 chunks (27.11%), ETA: 0:16:35, Rate: 46.1 cps, Current: 17, 424
[09Apr2026 18:40:02.455] [Server thread/INFO] [net.minecraft.server.dedicated.DedicatedServer/]: [Chunky] Task running for minecraft:overworld. Processed: 17110 chunks (27.16%), ETA: 0:15:37, Rate: 48.9 cps, Current: 46, 424
[09Apr2026 18:40:03.474] [Server thread/INFO] [net.minecraft.server.dedicated.DedicatedServer/]: [Chunky] Task running for minecraft:overworld. Processed: 17129 chunks (27.19%), ETA: 0:16:40, Rate: 45.9 cps, Current: 66, 424
[09Apr2026 18:40:03.958] [Worker-Main-2/WARN] [net.minecraft.entity.EntityType/]: Skipping Entity with id 
[09Apr2026 18:40:04.507] [Server thread/INFO] [net.minecraft.server.dedicated.DedicatedServer/]: [Chunky] Task running for minecraft:overworld. Processed: 17167 chunks (27.25%), ETA: 0:13:55, Rate: 54.9 cps, Current: 98, 419
[09Apr2026 18:40:05.521] [Worker-Main-2/WARN] [ModernFix/]: The namespace duneons contains an outdated structure file, which can cause worldgen lag. Please view debug.log for the full filename, determine which mod provides the structure, and report to the mod/datapack author, including the debug log.
[09Apr2026 18:40:06.713] [Worker-Main-2/WARN] [net.minecraft.entity.ai.attributes.AttributeModifierManager/]: Ignoring unknown attribute 'forge.swimSpeed'
[09Apr2026 18:40:06.713] [Worker-Main-2/WARN] [net.minecraft.entity.ai.attributes.AttributeModifierManager/]: Ignoring unknown attribute 'forge.nameTagDistance'
[09Apr2026 18:40:06.713] [Worker-Main-2/WARN] [net.minecraft.entity.ai.attributes.AttributeModifierManager/]: Ignoring unknown attribute 'forge.entity_gravity'
[09Apr2026 18:40:06.714] [Worker-Main-2/WARN] [net.minecraft.entity.ai.attributes.AttributeModifierManager/]: Ignoring unknown attribute 'generic.maxHealth'
[09Apr2026 18:40:06.714] [Worker-Main-2/WARN] [net.minecraft.entity.ai.attributes.AttributeModifierManager/]: Ignoring unknown attribute 'generic.knockbackResistance'
[09Apr2026 18:40:06.715] [Worker-Main-2/WARN] [net.minecraft.entity.ai.attributes.AttributeModifierManager/]: Ignoring unknown attribute 'generic.movementSpeed'
[09Apr2026 18:40:06.715] [Worker-Main-2/WARN] [net.minecraft.entity.ai.attributes.AttributeModifierManager/]: Ignoring unknown attribute 'generic.armorToughness'
[09Apr2026 18:40:06.715] [Worker-Main-2/WARN] [net.minecraft.entity.ai.attributes.AttributeModifierManager/]: Ignoring unknown attribute 'forge.swimSpeed'
[09Apr2026 18:40:06.716] [Worker-Main-2/WARN] [net.minecraft.entity.ai.attributes.AttributeModifierManager/]: Ignoring unknown attribute 'forge.nameTagDistance'
[09Apr2026 18:40:06.716] [Worker-Main-2/WARN] [net.minecraft.entity.ai.attributes.AttributeModifierManager/]: Ignoring unknown attribute 'forge.entity_gravity'
[09Apr2026 18:40:06.716] [Worker-Main-2/WARN] [net.minecraft.entity.ai.attributes.AttributeModifierManager/]: Ignoring unknown attribute 'generic.followRange'
[09Apr2026 18:40:06.716] [Worker-Main-2/WARN] [net.minecraft.entity.ai.attributes.AttributeModifierManager/]: Ignoring unknown attribute 'generic.attackKnockback'
[09Apr2026 18:40:06.716] [Worker-Main-2/WARN] [net.minecraft.entity.ai.attributes.AttributeModifierManager/]: Ignoring unknown attribute 'generic.attackDamage'
[09Apr2026 18:40:06.717] [Worker-Main-2/WARN] [net.minecraft.entity.ai.attributes.AttributeModifierManager/]: Ignoring unknown attribute 'generic.maxHealth'
[09Apr2026 18:40:06.717] [Worker-Main-2/WARN] [net.minecraft.entity.ai.attributes.AttributeModifierManager/]: Ignoring unknown attribute 'generic.knockbackResistance'
[09Apr2026 18:40:06.717] [Worker-Main-2/WARN] [net.minecraft.entity.ai.attributes.AttributeModifierManager/]: Ignoring unknown attribute 'generic.movementSpeed'
[09Apr2026 18:40:06.718] [Worker-Main-2/WARN] [net.minecraft.entity.ai.attributes.AttributeModifierManager/]: Ignoring unknown attribute 'generic.armorToughness'
[09Apr2026 18:40:06.718] [Worker-Main-2/WARN] [net.minecraft.entity.ai.attributes.AttributeModifierManager/]: Ignoring unknown attribute 'forge.swimSpeed'
[09Apr2026 18:40:06.718] [Worker-Main-2/WARN] [net.minecraft.entity.ai.attributes.AttributeModifierManager/]: Ignoring unknown attribute 'forge.nameTagDistance'
[09Apr2026 18:40:06.718] [Worker-Main-2/WARN] [net.minecraft.entity.ai.attributes.AttributeModifierManager/]: Ignoring unknown attribute 'forge.entity_gravity'
[09Apr2026 18:40:06.718] [Worker-Main-2/WARN] [net.minecraft.entity.ai.attributes.AttributeModifierManager/]: Ignoring unknown attribute 'generic.followRange'
[09Apr2026 18:40:06.719] [Worker-Main-2/WARN] [net.minecraft.entity.ai.attributes.AttributeModifierManager/]: Ignoring unknown attribute 'generic.attackKnockback'
[09Apr2026 18:40:06.719] [Worker-Main-2/WARN] [net.minecraft.entity.ai.attributes.AttributeModifierManager/]: Ignoring unknown attribute 'generic.attackDamage'
[09Apr2026 18:40:06.719] [Worker-Main-2/WARN] [net.minecraft.entity.ai.attributes.AttributeModifierManager/]: Ignoring unknown attribute 'generic.maxHealth'
[09Apr2026 18:40:06.720] [Worker-Main-2/WARN] [net.minecraft.entity.ai.attributes.AttributeModifierManager/]: Ignoring unknown attribute 'generic.knockbackResistance'
[09Apr2026 18:40:06.720] [Worker-Main-2/WARN] [net.minecraft.entity.ai.attributes.AttributeModifierManager/]: Ignoring unknown attribute 'generic.movementSpeed'
[09Apr2026 18:40:06.720] [Worker-Main-2/WARN] [net.minecraft.entity.ai.attributes.AttributeModifierManager/]: Ignoring unknown attribute 'generic.armorToughness'
[09Apr2026 18:40:06.720] [Worker-Main-2/WARN] [net.minecraft.entity.ai.attributes.AttributeModifierManager/]: Ignoring unknown attribute 'forge.swimSpeed'
[09Apr2026 18:40:06.721] [Worker-Main-2/WARN] [net.minecraft.entity.ai.attributes.AttributeModifierManager/]: Ignoring unknown attribute 'forge.nameTagDistance'
[09Apr2026 18:40:06.721] [Worker-Main-2/WARN] [net.minecraft.entity.ai.attributes.AttributeModifierManager/]: Ignoring unknown attribute 'forge.entity_gravity'
[09Apr2026 18:40:06.721] [Worker-Main-2/WARN] [net.minecraft.entity.ai.attributes.AttributeModifierManager/]: Ignoring unknown attribute 'generic.followRange'
[09Apr2026 18:40:06.721] [Worker-Main-2/WARN] [net.minecraft.entity.ai.attributes.AttributeModifierManager/]: Ignoring unknown attribute 'generic.attackKnockback'
[09Apr2026 18:40:06.721] [Worker-Main-2/WARN] [net.minecraft.entity.ai.attributes.AttributeModifierManager/]: Ignoring unknown attribute 'generic.attackDamage'
[09Apr2026 18:40:06.722] [Worker-Main-2/WARN] [net.minecraft.entity.ai.attributes.AttributeModifierManager/]: Ignoring unknown attribute 'generic.maxHealth'
[09Apr2026 18:40:06.722] [Worker-Main-2/WARN] [net.minecraft.entity.ai.attributes.AttributeModifierManager/]: Ignoring unknown attribute 'generic.knockbackResistance'
[09Apr2026 18:40:06.722] [Worker-Main-2/WARN] [net.minecraft.entity.ai.attributes.AttributeModifierManager/]: Ignoring unknown attribute 'generic.movementSpeed'
[09Apr2026 18:40:06.722] [Worker-Main-2/WARN] [net.minecraft.entity.ai.attributes.AttributeModifierManager/]: Ignoring unknown attribute 'generic.armorToughness'
[09Apr2026 18:40:06.723] [Worker-Main-2/WARN] [net.minecraft.entity.ai.attributes.AttributeModifierManager/]: Ignoring unknown attribute 'forge.swimSpeed'
[09Apr2026 18:40:06.723] [Worker-Main-2/WARN] [net.minecraft.entity.ai.attributes.AttributeModifierManager/]: Ignoring unknown attribute 'forge.nameTagDistance'
[09Apr2026 18:40:06.723] [Worker-Main-2/WARN] [net.minecraft.entity.ai.attributes.AttributeModifierManager/]: Ignoring unknown attribute 'forge.entity_gravity'
[09Apr2026 18:40:06.723] [Worker-Main-2/WARN] [net.minecraft.entity.ai.attributes.AttributeModifierManager/]: Ignoring unknown attribute 'generic.followRange'
[09Apr2026 18:40:06.724] [Worker-Main-2/WARN] [net.minecraft.entity.ai.attributes.AttributeModifierManager/]: Ignoring unknown attribute 'generic.attackKnockback'
[09Apr2026 18:40:06.724] [Worker-Main-2/WARN] [net.minecraft.entity.ai.attributes.AttributeModifierManager/]: Ignoring unknown attribute 'generic.attackDamage'
[09Apr2026 18:40:06.725] [Worker-Main-2/WARN] [net.minecraft.entity.ai.attributes.AttributeModifierManager/]: Ignoring unknown attribute 'generic.maxHealth'
[09Apr2026 18:40:06.725] [Worker-Main-2/WARN] [net.minecraft.entity.ai.attributes.AttributeModifierManager/]: Ignoring unknown attribute 'generic.knockbackResistance'
[09Apr2026 18:40:06.725] [Worker-Main-2/WARN] [net.minecraft.entity.ai.attributes.AttributeModifierManager/]: Ignoring unknown attribute 'generic.movementSpeed'
[09Apr2026 18:40:06.725] [Worker-Main-2/WARN] [net.minecraft.entity.ai.attributes.AttributeModifierManager/]: Ignoring unknown attribute 'generic.armorToughness'
[09Apr2026 18:40:06.725] [Worker-Main-2/WARN] [net.minecraft.entity.ai.attributes.AttributeModifierManager/]: Ignoring unknown attribute 'forge.swimSpeed'
[09Apr2026 18:40:06.726] [Worker-Main-2/WARN] [net.minecraft.entity.ai.attributes.AttributeModifierManager/]: Ignoring unknown attribute 'forge.nameTagDistance'
[09Apr2026 18:40:06.726] [Worker-Main-2/WARN] [net.minecraft.entity.ai.attributes.AttributeModifierManager/]: Ignoring unknown attribute 'forge.entity_gravity'
[09Apr2026 18:40:06.726] [Worker-Main-2/WARN] [net.minecraft.entity.ai.attributes.AttributeModifierManager/]: Ignoring unknown attribute 'generic.followRange'
[09Apr2026 18:40:06.726] [Worker-Main-2/WARN] [net.minecraft.entity.ai.attributes.AttributeModifierManager/]: Ignoring unknown attribute 'generic.attackKnockback'
[09Apr2026 18:40:06.729] [Worker-Main-2/WARN] [net.minecraft.entity.ai.attributes.AttributeModifierManager/]: Ignoring unknown attribute 'generic.attackDamage'
[09Apr2026 18:40:06.729] [Worker-Main-2/WARN] [TerraForged/]: Feature was slow to generate! (1231ms): [duneons:red_stone_monster_locate]
[09Apr2026 18:40:06.792] [Server thread/INFO] [net.minecraft.server.dedicated.DedicatedServer/]: [Chunky] Task running for minecraft:overworld. Processed: 17189 chunks (27.28%), ETA: 0:33:05, Rate: 23.1 cps, Current: 98, 397
[09Apr2026 18:40:07.831] [Server thread/INFO] [net.minecraft.server.dedicated.DedicatedServer/]: [Chunky] Task running for minecraft:overworld. Processed: 17231 chunks (27.35%), ETA: 0:30:38, Rate: 24.9 cps, Current: 98, 355
[09Apr2026 18:40:08.112] [Server thread/WARN] [net.minecraft.server.MinecraftServer/]: Can't keep up! Is the server overloaded? Running 5032ms or 100 ticks behind
[09Apr2026 18:40:08.882] [Server thread/INFO] [net.minecraft.server.dedicated.DedicatedServer/]: [Chunky] Task running for minecraft:overworld. Processed: 17502 chunks (27.78%), ETA: 0:14:31, Rate: 52.2 cps, Current: 98, 326
[09Apr2026 18:40:09.780] [Worker-Main-3/WARN] [net.minecraft.entity.ai.attributes.AttributeModifierManager/]: Ignoring unknown attribute 'generic.maxHealth'
[09Apr2026 18:40:09.780] [Worker-Main-3/WARN] [net.minecraft.entity.ai.attributes.AttributeModifierManager/]: Ignoring unknown attribute 'generic.knockbackResistance'
[09Apr2026 18:40:09.780] [Worker-Main-3/WARN] [net.minecraft.entity.ai.attributes.AttributeModifierManager/]: Ignoring unknown attribute 'generic.movementSpeed'
[09Apr2026 18:40:09.781] [Worker-Main-3/WARN] [net.minecraft.entity.ai.attributes.AttributeModifierManager/]: Ignoring unknown attribute 'generic.armorToughness'
[09Apr2026 18:40:09.781] [Worker-Main-3/WARN] [net.minecraft.entity.ai.attributes.AttributeModifierManager/]: Ignoring unknown attribute 'forge.swimSpeed'
[09Apr2026 18:40:09.781] [Worker-Main-3/WARN] [net.minecraft.entity.ai.attributes.AttributeModifierManager/]: Ignoring unknown attribute 'forge.nameTagDistance'
[09Apr2026 18:40:09.781] [Worker-Main-3/WARN] [net.minecraft.entity.ai.attributes.AttributeModifierManager/]: Ignoring unknown attribute 'forge.entity_gravity'
[09Apr2026 18:40:09.781] [Worker-Main-3/WARN] [net.minecraft.entity.ai.attributes.AttributeModifierManager/]: Ignoring unknown attribute 'generic.followRange'
[09Apr2026 18:40:09.781] [Worker-Main-3/WARN] [net.minecraft.entity.ai.attributes.AttributeModifierManager/]: Ignoring unknown attribute 'generic.attackKnockback'
[09Apr2026 18:40:09.782] [Worker-Main-3/WARN] [net.minecraft.entity.ai.attributes.AttributeModifierManager/]: Ignoring unknown attribute 'generic.attackDamage'
[09Apr2026 18:40:09.936] [Server thread/INFO] [net.minecraft.server.dedicated.DedicatedServer/]: [Chunky] Task running for minecraft:overworld. Processed: 17525 chunks (27.82%), ETA: 0:15:27, Rate: 49.0 cps, Current: 98, 303
[09Apr2026 18:40:10.998] [Server thread/INFO] [net.minecraft.server.dedicated.DedicatedServer/]: [Chunky] Task running for minecraft:overworld. Processed: 17548 chunks (27.85%), ETA: 0:15:06, Rate: 50.2 cps, Current: -34, 416
[09Apr2026 18:40:12.051] [Server thread/INFO] [net.minecraft.server.dedicated.DedicatedServer/]: [Chunky] Task running for minecraft:overworld. Processed: 17576 chunks (27.90%), ETA: 0:15:52, Rate: 47.7 cps, Current: -15, 425
[09Apr2026 18:40:13.105] [Server thread/INFO] [net.minecraft.server.dedicated.DedicatedServer/]: [Chunky] Task running for minecraft:overworld. Processed: 17589 chunks (27.92%), ETA: 0:15:39, Rate: 48.3 cps, Current: -2, 425
[09Apr2026 18:40:14.155] [Server thread/INFO] [net.minecraft.server.dedicated.DedicatedServer/]: [Chunky] Task running for minecraft:overworld. Processed: 17616 chunks (27.96%), ETA: 0:16:26, Rate: 46.0 cps, Current: 25, 425
[09Apr2026 18:40:15.105] [Worker-Main-1/WARN] [net.minecraft.entity.EntityType/]: Skipping Entity with id nuggets_dungeons_ii:spider_broodmother_boss
[09Apr2026 18:40:15.251] [Server thread/INFO] [net.minecraft.server.dedicated.DedicatedServer/]: [Chunky] Task running for minecraft:overworld. Processed: 17646 chunks (28.01%), ETA: 0:13:57, Rate: 54.1 cps, Current: 55, 425
[09Apr2026 18:40:15.811] [Worker-Main-1/WARN] [net.minecraft.entity.EntityType/]: Skipping Entity with id nuggets_dungeons_ii:pilgrim
[09Apr2026 18:40:15.811] [Worker-Main-1/WARN] [net.minecraft.entity.EntityType/]: Skipping Entity with id nuggets_dungeons_ii:pilgrim
[09Apr2026 18:40:16.277] [Server thread/INFO] [net.minecraft.server.dedicated.DedicatedServer/]: [Chunky] Task running for minecraft:overworld. Processed: 17680 chunks (28.06%), ETA: 0:14:33, Rate: 51.9 cps, Current: 89, 425
[09Apr2026 18:40:17.330] [Server thread/INFO] [net.minecraft.server.dedicated.DedicatedServer/]: [Chunky] Task running for minecraft:overworld. Processed: 17696 chunks (28.09%), ETA: 0:32:53, Rate: 23.0 cps, Current: 99, 419
[09Apr2026 18:40:17.796] [Worker-Main-3/WARN] [net.minecraft.entity.EntityType/]: Skipping Entity with id nuggets_dungeons_ii:copperoid
[09Apr2026 18:40:17.797] [Worker-Main-3/WARN] [net.minecraft.entity.EntityType/]: Skipping Entity with id nuggets_dungeons_ii:copperoid
[09Apr2026 18:40:17.797] [Worker-Main-3/WARN] [net.minecraft.entity.EntityType/]: Skipping Entity with id nuggets_dungeons_ii:copperoid
[09Apr2026 18:40:17.797] [Worker-Main-3/WARN] [net.minecraft.entity.EntityType/]: Skipping Entity with id nuggets_dungeons_ii:copperoid
[09Apr2026 18:40:17.797] [Worker-Main-3/WARN] [net.minecraft.entity.EntityType/]: Skipping Entity with id nuggets_dungeons_ii:copperoid
[09Apr2026 18:40:17.797] [Worker-Main-3/WARN] [net.minecraft.entity.EntityType/]: Skipping Entity with id nuggets_dungeons_ii:copperoid
[09Apr2026 18:40:18.197] [Worker-Main-3/WARN] [net.minecraft.entity.ai.attributes.AttributeModifierManager/]: Ignoring unknown attribute 'forge.swimSpeed'
[09Apr2026 18:40:18.198] [Worker-Main-3/WARN] [net.minecraft.entity.ai.attributes.AttributeModifierManager/]: Ignoring unknown attribute 'forge.nameTagDistance'
[09Apr2026 18:40:18.198] [Worker-Main-3/WARN] [net.minecraft.entity.ai.attributes.AttributeModifierManager/]: Ignoring unknown attribute 'forge.entity_gravity'
[09Apr2026 18:40:18.198] [Worker-Main-3/WARN] [net.minecraft.entity.ai.attributes.AttributeModifierManager/]: Ignoring unknown attribute 'generic.maxHealth'
[09Apr2026 18:40:18.198] [Worker-Main-3/WARN] [net.minecraft.entity.ai.attributes.AttributeModifierManager/]: Ignoring unknown attribute 'generic.knockbackResistance'
[09Apr2026 18:40:18.198] [Worker-Main-3/WARN] [net.minecraft.entity.ai.attributes.AttributeModifierManager/]: Ignoring unknown attribute 'generic.movementSpeed'
[09Apr2026 18:40:18.198] [Worker-Main-3/WARN] [net.minecraft.entity.ai.attributes.AttributeModifierManager/]: Ignoring unknown attribute 'generic.armorToughness'
[09Apr2026 18:40:18.198] [Worker-Main-3/WARN] [net.minecraft.entity.ai.attributes.AttributeModifierManager/]: Ignoring unknown attribute 'forge.swimSpeed'
[09Apr2026 18:40:18.198] [Worker-Main-3/WARN] [net.minecraft.entity.ai.attributes.AttributeModifierManager/]: Ignoring unknown attribute 'forge.nameTagDistance'
[09Apr2026 18:40:18.198] [Worker-Main-3/WARN] [net.minecraft.entity.ai.attributes.AttributeModifierManager/]: Ignoring unknown attribute 'forge.entity_gravity'
[09Apr2026 18:40:18.198] [Worker-Main-3/WARN] [net.minecraft.entity.ai.attributes.AttributeModifierManager/]: Ignoring unknown attribute 'generic.followRange'
[09Apr2026 18:40:18.198] [Worker-Main-3/WARN] [net.minecraft.entity.ai.attributes.AttributeModifierManager/]: Ignoring unknown attribute 'generic.attackKnockback'
[09Apr2026 18:40:18.199] [Worker-Main-3/WARN] [net.minecraft.entity.ai.attributes.AttributeModifierManager/]: Ignoring unknown attribute 'generic.attackDamage'
[09Apr2026 18:40:18.199] [Worker-Main-3/WARN] [net.minecraft.entity.ai.attributes.AttributeModifierManager/]: Ignoring unknown attribute 'generic.maxHealth'
[09Apr2026 18:40:18.199] [Worker-Main-3/WARN] [net.minecraft.entity.ai.attributes.AttributeModifierManager/]: Ignoring unknown attribute 'generic.knockbackResistance'
[09Apr2026 18:40:18.199] [Worker-Main-3/WARN] [net.minecraft.entity.ai.attributes.AttributeModifierManager/]: Ignoring unknown attribute 'generic.movementSpeed'
[09Apr2026 18:40:18.199] [Worker-Main-3/WARN] [net.minecraft.entity.ai.attributes.AttributeModifierManager/]: Ignoring unknown attribute 'generic.armorToughness'
[09Apr2026 18:40:18.199] [Worker-Main-3/WARN] [net.minecraft.entity.ai.attributes.AttributeModifierManager/]: Ignoring unknown attribute 'forge.swimSpeed'
[09Apr2026 18:40:18.199] [Worker-Main-3/WARN] [net.minecraft.entity.ai.attributes.AttributeModifierManager/]: Ignoring unknown attribute 'forge.nameTagDistance'
[09Apr2026 18:40:18.200] [Worker-Main-3/WARN] [net.minecraft.entity.ai.attributes.AttributeModifierManager/]: Ignoring unknown attribute 'forge.entity_gravity'
[09Apr2026 18:40:18.200] [Worker-Main-3/WARN] [net.minecraft.entity.ai.attributes.AttributeModifierManager/]: Ignoring unknown attribute 'generic.followRange'
[09Apr2026 18:40:18.200] [Worker-Main-3/WARN] [net.minecraft.entity.ai.attributes.AttributeModifierManager/]: Ignoring unknown attribute 'generic.attackKnockback'
[09Apr2026 18:40:18.200] [Worker-Main-3/WARN] [net.minecraft.entity.ai.attributes.AttributeModifierManager/]: Ignoring unknown attribute 'generic.attackDamage'
[09Apr2026 18:40:18.200] [Worker-Main-3/WARN] [net.minecraft.entity.ai.attributes.AttributeModifierManager/]: Ignoring unknown attribute 'generic.maxHealth'
[09Apr2026 18:40:18.200] [Worker-Main-3/WARN] [net.minecraft.entity.ai.attributes.AttributeModifierManager/]: Ignoring unknown attribute 'generic.knockbackResistance'
[09Apr2026 18:40:18.200] [Worker-Main-3/WARN] [net.minecraft.entity.ai.attributes.AttributeModifierManager/]: Ignoring unknown attribute 'generic.movementSpeed'
[09Apr2026 18:40:18.201] [Worker-Main-3/WARN] [net.minecraft.entity.ai.attributes.AttributeModifierManager/]: Ignoring unknown attribute 'generic.armorToughness'
[09Apr2026 18:40:18.201] [Worker-Main-3/WARN] [net.minecraft.entity.ai.attributes.AttributeModifierManager/]: Ignoring unknown attribute 'forge.swimSpeed'
[09Apr2026 18:40:18.201] [Worker-Main-3/WARN] [net.minecraft.entity.ai.attributes.AttributeModifierManager/]: Ignoring unknown attribute 'forge.nameTagDistance'
[09Apr2026 18:40:18.201] [Worker-Main-3/WARN] [net.minecraft.entity.ai.attributes.AttributeModifierManager/]: Ignoring unknown attribute 'forge.entity_gravity'
[09Apr2026 18:40:18.201] [Worker-Main-3/WARN] [net.minecraft.entity.ai.attributes.AttributeModifierManager/]: Ignoring unknown attribute 'generic.followRange'
[09Apr2026 18:40:18.202] [Worker-Main-3/WARN] [net.minecraft.entity.ai.attributes.AttributeModifierManager/]: Ignoring unknown attribute 'generic.attackKnockback'
[09Apr2026 18:40:18.202] [Worker-Main-3/WARN] [net.minecraft.entity.ai.attributes.AttributeModifierManager/]: Ignoring unknown attribute 'generic.attackDamage'
[09Apr2026 18:40:18.202] [Worker-Main-3/WARN] [net.minecraft.entity.ai.attributes.AttributeModifierManager/]: Ignoring unknown attribute 'generic.maxHealth'
[09Apr2026 18:40:18.202] [Worker-Main-3/WARN] [net.minecraft.entity.ai.attributes.AttributeModifierManager/]: Ignoring unknown attribute 'generic.knockbackResistance'
[09Apr2026 18:40:18.202] [Worker-Main-3/WARN] [net.minecraft.entity.ai.attributes.AttributeModifierManager/]: Ignoring unknown attribute 'generic.movementSpeed'
[09Apr2026 18:40:18.203] [Worker-Main-3/WARN] [net.minecraft.entity.ai.attributes.AttributeModifierManager/]: Ignoring unknown attribute 'generic.armorToughness'
[09Apr2026 18:40:18.203] [Worker-Main-3/WARN] [net.minecraft.entity.ai.attributes.AttributeModifierManager/]: Ignoring unknown attribute 'forge.swimSpeed'
[09Apr2026 18:40:18.203] [Worker-Main-3/WARN] [net.minecraft.entity.ai.attributes.AttributeModifierManager/]: Ignoring unknown attribute 'forge.nameTagDistance'
[09Apr2026 18:40:18.203] [Worker-Main-3/WARN] [net.minecraft.entity.ai.attributes.AttributeModifierManager/]: Ignoring unknown attribute 'forge.entity_gravity'
[09Apr2026 18:40:18.203] [Worker-Main-3/WARN] [net.minecraft.entity.ai.attributes.AttributeModifierManager/]: Ignoring unknown attribute 'generic.followRange'
[09Apr2026 18:40:18.204] [Worker-Main-3/WARN] [net.minecraft.entity.ai.attributes.AttributeModifierManager/]: Ignoring unknown attribute 'generic.attackKnockback'
[09Apr2026 18:40:18.204] [Worker-Main-3/WARN] [net.minecraft.entity.ai.attributes.AttributeModifierManager/]: Ignoring unknown attribute 'generic.attackDamage'
[09Apr2026 18:40:18.204] [Worker-Main-3/WARN] [net.minecraft.entity.ai.attributes.AttributeModifierManager/]: Ignoring unknown attribute 'generic.maxHealth'
[09Apr2026 18:40:18.204] [Worker-Main-3/WARN] [net.minecraft.entity.ai.attributes.AttributeModifierManager/]: Ignoring unknown attribute 'generic.knockbackResistance'
[09Apr2026 18:40:18.205] [Worker-Main-3/WARN] [net.minecraft.entity.ai.attributes.AttributeModifierManager/]: Ignoring unknown attribute 'generic.movementSpeed'
[09Apr2026 18:40:18.205] [Worker-Main-3/WARN] [net.minecraft.entity.ai.attributes.AttributeModifierManager/]: Ignoring unknown attribute 'generic.armorToughness'
[09Apr2026 18:40:18.205] [Worker-Main-3/WARN] [net.minecraft.entity.ai.attributes.AttributeModifierManager/]: Ignoring unknown attribute 'forge.swimSpeed'
[09Apr2026 18:40:18.205] [Worker-Main-3/WARN] [net.minecraft.entity.ai.attributes.AttributeModifierManager/]: Ignoring unknown attribute 'forge.nameTagDistance'
[09Apr2026 18:40:18.205] [Worker-Main-3/WARN] [net.minecraft.entity.ai.attributes.AttributeModifierManager/]: Ignoring unknown attribute 'forge.entity_gravity'
[09Apr2026 18:40:18.205] [Worker-Main-3/WARN] [net.minecraft.entity.ai.attributes.AttributeModifierManager/]: Ignoring unknown attribute 'generic.followRange'
[09Apr2026 18:40:18.205] [Worker-Main-3/WARN] [net.minecraft.entity.ai.attributes.AttributeModifierManager/]: Ignoring unknown attribute 'generic.attackKnockback'
[09Apr2026 18:40:18.205] [Worker-Main-3/WARN] [net.minecraft.entity.ai.attributes.AttributeModifierManager/]: Ignoring unknown attribute 'generic.attackDamage'
[09Apr2026 18:40:18.342] [Server thread/INFO] [net.minecraft.server.dedicated.DedicatedServer/]: [Chunky] Task running for minecraft:overworld. Processed: 17719 chunks (28.12%), ETA: 0:32:54, Rate: 22.9 cps, Current: 99, 395
[09Apr2026 18:40:19.360] [Server thread/INFO] [net.minecraft.server.dedicated.DedicatedServer/]: [Chunky] Task running for minecraft:overworld. Processed: 17740 chunks (28.16%), ETA: 0:33:05, Rate: 22.8 cps, Current: 99, 374
[09Apr2026 18:40:20.578] [Server thread/INFO] [net.minecraft.server.dedicated.DedicatedServer/]: [Chunky] Task running for minecraft:overworld. Processed: 17764 chunks (28.20%), ETA: 0:33:38, Rate: 22.4 cps, Current: 99, 351
[09Apr2026 18:40:20.690] [Worker-Main-3/WARN] [net.minecraft.entity.ai.attributes.AttributeModifierManager/]: Ignoring unknown attribute 'generic.maxHealth'
[09Apr2026 18:40:20.691] [Worker-Main-3/WARN] [net.minecraft.entity.ai.attributes.AttributeModifierManager/]: Ignoring unknown attribute 'generic.knockbackResistance'
[09Apr2026 18:40:20.691] [Worker-Main-3/WARN] [net.minecraft.entity.ai.attributes.AttributeModifierManager/]: Ignoring unknown attribute 'generic.movementSpeed'
[09Apr2026 18:40:20.691] [Worker-Main-3/WARN] [net.minecraft.entity.ai.attributes.AttributeModifierManager/]: Ignoring unknown attribute 'generic.armorToughness'
[09Apr2026 18:40:20.691] [Worker-Main-3/WARN] [net.minecraft.entity.ai.attributes.AttributeModifierManager/]: Ignoring unknown attribute 'forge.swimSpeed'
[09Apr2026 18:40:20.691] [Worker-Main-3/WARN] [net.minecraft.entity.ai.attributes.AttributeModifierManager/]: Ignoring unknown attribute 'forge.nameTagDistance'
[09Apr2026 18:40:20.691] [Worker-Main-3/WARN] [net.minecraft.entity.ai.attributes.AttributeModifierManager/]: Ignoring unknown attribute 'forge.entity_gravity'
[09Apr2026 18:40:20.691] [Worker-Main-3/WARN] [net.minecraft.entity.ai.attributes.AttributeModifierManager/]: Ignoring unknown attribute 'generic.followRange'
[09Apr2026 18:40:20.691] [Worker-Main-3/WARN] [net.minecraft.entity.ai.attributes.AttributeModifierManager/]: Ignoring unknown attribute 'generic.attackKnockback'
[09Apr2026 18:40:20.691] [Worker-Main-3/WARN] [net.minecraft.entity.ai.attributes.AttributeModifierManager/]: Ignoring unknown attribute 'generic.attackDamage'
[09Apr2026 18:40:21.622] [Chunky-minecraft:overworld Thread/INFO] [net.minecraft.server.dedicated.DedicatedServer/]: [Chunky] Task running for minecraft:overworld. Processed: 17802 chunks (28.26%), ETA: 0:30:09, Rate: 25.0 cps, Current: 70, 292
[09Apr2026 18:40:24.954] [Server thread/INFO] [net.minecraft.server.dedicated.DedicatedServer/]: [Chunky] Task running for minecraft:overworld. Processed: 17930 chunks (28.46%), ETA: 0:24:55, Rate: 30.1 cps, Current: 99, 312
[09Apr2026 18:40:25.249] [Server thread/WARN] [net.minecraft.world.server.ServerWorld/]: Entity CustomEntity['Vindicator Blue Gruard'/9314, l='ServerLevel[Mundo nuevo]', x=1587.49, y=-3.00, z=4871.61] left loaded chunk area
[09Apr2026 18:40:25.249] [Server thread/WARN] [net.minecraft.world.server.ServerWorld/]: Entity CustomEntity['Vindicator Blue Gruard'/9316, l='ServerLevel[Mundo nuevo]', x=1586.55, y=-2.50, z=4873.30] left loaded chunk area
[09Apr2026 18:40:25.250] [Server thread/WARN] [net.minecraft.world.server.ServerWorld/]: Entity CustomEntity['Vindicator Blue Gruard'/9317, l='ServerLevel[Mundo nuevo]', x=1593.37, y=-4.50, z=4875.71] left loaded chunk area
[09Apr2026 18:40:25.250] [Server thread/WARN] [net.minecraft.world.server.ServerWorld/]: Entity CustomEntity['Vindicator Blue Gruard'/9319, l='ServerLevel[Mundo nuevo]', x=1591.15, y=-3.50, z=4871.08] left loaded chunk area
[09Apr2026 18:40:26.515] [Server thread/INFO] [net.minecraft.server.dedicated.DedicatedServer/]: [Chunky] Task running for minecraft:overworld. Processed: 17957 chunks (28.50%), ETA: 0:26:46, Rate: 28.0 cps, Current: -35, 292
[09Apr2026 18:40:27.458] [Server thread/WARN] [net.minecraft.server.MinecraftServer/]: Can't keep up! Is the server overloaded? Running 4378ms or 87 ticks behind
[09Apr2026 18:40:27.670] [Server thread/INFO] [net.minecraft.server.dedicated.DedicatedServer/]: [Chunky] Task running for minecraft:overworld. Processed: 17969 chunks (28.52%), ETA: 0:27:27, Rate: 27.3 cps, Current: -35, 304
[09Apr2026 18:40:28.956] [Server thread/INFO] [net.minecraft.server.dedicated.DedicatedServer/]: [Chunky] Task running for minecraft:overworld. Processed: 17975 chunks (28.53%), ETA: 0:30:43, Rate: 24.4 cps, Current: -35, 310
[09Apr2026 18:40:30.528] [Server thread/WARN] [net.minecraft.world.chunk.Chunk/]: Tried to load a DUMMY block entity @ BlockPos{x=1584, y=-3, z=4884} but found not block entity block Block{minecraft:air} at location
[09Apr2026 18:40:30.529] [Server thread/WARN] [net.minecraft.world.chunk.Chunk/]: Tried to load a block entity for block Block{minecraft:air} but failed at location BlockPos{x=1584, y=-3, z=4884}
[09Apr2026 18:40:30.529] [Server thread/WARN] [net.minecraft.world.chunk.Chunk/]: Tried to load a DUMMY block entity @ BlockPos{x=1585, y=-3, z=4882} but found not block entity block Block{minecraft:air} at location
[09Apr2026 18:40:30.529] [Server thread/WARN] [net.minecraft.world.chunk.Chunk/]: Tried to load a block entity for block Block{minecraft:air} but failed at location BlockPos{x=1585, y=-3, z=4882}
[09Apr2026 18:40:30.529] [Server thread/WARN] [net.minecraft.world.chunk.Chunk/]: Tried to load a DUMMY block entity @ BlockPos{x=1588, y=-4, z=4888} but found not block entity block Block{minecraft:air} at location
[09Apr2026 18:40:30.529] [Server thread/WARN] [net.minecraft.world.chunk.Chunk/]: Tried to load a block entity for block Block{minecraft:air} but failed at location BlockPos{x=1588, y=-4, z=4888}
[09Apr2026 18:40:30.529] [Server thread/WARN] [net.minecraft.world.chunk.Chunk/]: Tried to load a DUMMY block entity @ BlockPos{x=1591, y=-3, z=4882} but found not block entity block Block{minecraft:air} at location
[09Apr2026 18:40:30.529] [Server thread/WARN] [net.minecraft.world.chunk.Chunk/]: Tried to load a block entity for block Block{minecraft:air} but failed at location BlockPos{x=1591, y=-3, z=4882}
[09Apr2026 18:40:30.530] [Server thread/WARN] [net.minecraft.world.chunk.Chunk/]: Tried to load a DUMMY block entity @ BlockPos{x=1590, y=-3, z=4869} but found not block entity block Block{minecraft:air} at location
[09Apr2026 18:40:30.530] [Server thread/WARN] [net.minecraft.world.chunk.Chunk/]: Tried to load a block entity for block Block{minecraft:air} but failed at location BlockPos{x=1590, y=-3, z=4869}
[09Apr2026 18:41:28.847] [Server thread/INFO] [net.minecraft.network.play.ServerPlayNetHandler/]: Goj0 lost connection: Disconnected
[09Apr2026 18:41:28.847] [Server thread/INFO] [net.minecraft.server.dedicated.DedicatedServer/]: Goj0 left the game
[09Apr2026 18:41:28.848] [Server thread/WARN] [twilightforest/]: Dropping inventory items previously held in reserve for player Goj0 (38c49b64-4c4f-3860-9cc7-470580cdccc6)
[09Apr2026 18:41:28.860] [Server thread/INFO] [net.minecraft.network.play.ServerPlayNetHandler/]: MS_484 lost connection: Disconnected
[09Apr2026 18:41:28.860] [Server thread/INFO] [net.minecraft.server.dedicated.DedicatedServer/]: MS_484 left the game
[09Apr2026 18:41:28.876] [Server thread/INFO] [net.minecraft.network.login.ServerLoginNetHandler/]: com.mojang.authlib.GameProfile@2985cf1[id=<null>,name=MS_484,properties={},legacy=false] (/127.31.88.21:36445) lost connection: Disconnected
[09Apr2026 18:41:29.123] [Server thread/INFO] [net.minecraft.server.dedicated.DedicatedServer/]: [Chunky] Task running for minecraft:overworld. Processed: 17991 chunks (28.56%), ETA: 0:28:30, Rate: 26.3 cps, Current: -35, 326
[09Apr2026 18:41:29.813] [Server thread/WARN] [net.minecraft.server.MinecraftServer/]: Can't keep up! Is the server overloaded? Running 47382ms or 947 ticks behind
[09Apr2026 18:41:30.261] [Server thread/INFO] [net.minecraft.server.dedicated.DedicatedServer/]: [Chunky] Task running for minecraft:overworld. Processed: 18006 chunks (28.58%), ETA: 0:49:47, Rate: 15.1 cps, Current: -35, 341
[09Apr2026 18:41:31.285] [Server thread/INFO] [net.minecraft.server.dedicated.DedicatedServer/]: [Chunky] Task running for minecraft:overworld. Processed: 18016 chunks (28.60%), ETA: 0:58:45, Rate: 12.8 cps, Current: -35, 351
[09Apr2026 18:41:32.382] [Server thread/INFO] [net.minecraft.server.dedicated.DedicatedServer/]: [Chunky] Task running for minecraft:overworld. Processed: 18023 chunks (28.61%), ETA: 1:09:52, Rate: 10.7 cps, Current: -35, 358
[09Apr2026 18:41:33.754] [Server thread/INFO] [net.minecraft.server.dedicated.DedicatedServer/]: [Chunky] Task running for minecraft:overworld. Processed: 18037 chunks (28.63%), ETA: 1:10:50, Rate: 10.6 cps, Current: -35, 372
[09Apr2026 18:41:35.781] [Server thread/INFO] [net.minecraft.server.dedicated.DedicatedServer/]: [Chunky] Task running for minecraft:overworld. Processed: 18041 chunks (28.64%), ETA: 1:33:17, Rate: 8.0 cps, Current: -35, 376
[09Apr2026 18:41:37.324] [Server thread/INFO] [net.minecraft.server.dedicated.DedicatedServer/]: [Chunky] Task running for minecraft:overworld. Processed: 18055 chunks (28.66%), ETA: 1:31:05, Rate: 8.2 cps, Current: -35, 390
[09Apr2026 18:41:38.942] [Server thread/INFO] [net.minecraft.server.dedicated.DedicatedServer/]: [Chunky] Task running for minecraft:overworld. Processed: 18074 chunks (28.69%), ETA: 1:25:09, Rate: 8.8 cps, Current: -35, 410
[09Apr2026 18:41:41.185] [Server thread/INFO] [net.minecraft.server.dedicated.DedicatedServer/]: [Chunky] Task running for minecraft:overworld. Processed: 18093 chunks (28.72%), ETA: 1:31:03, Rate: 8.2 cps, Current: -32, 426
[09Apr2026 18:41:44.284] [Server thread/INFO] [net.minecraft.server.dedicated.DedicatedServer/]: [Chunky] Task running for minecraft:overworld. Processed: 18113 chunks (28.75%), ETA: 1:27:08, Rate: 8.6 cps, Current: -13, 426
[09Apr2026 18:41:45.287] [Server thread/INFO] [net.minecraft.server.dedicated.DedicatedServer/]: [Chunky] Task running for minecraft:overworld. Processed: 18124 chunks (28.77%), ETA: 1:24:38, Rate: 8.8 cps, Current: -2, 426
[09Apr2026 18:41:46.611] [Server thread/INFO] [net.minecraft.server.dedicated.DedicatedServer/]: [Chunky] Task running for minecraft:overworld. Processed: 18145 chunks (28.80%), ETA: 1:24:19, Rate: 8.9 cps, Current: 19, 426
[09Apr2026 18:41:47.623] [Server thread/INFO] [net.minecraft.server.dedicated.DedicatedServer/]: [Chunky] Task running for minecraft:overworld. Processed: 18160 chunks (28.82%), ETA: 1:18:50, Rate: 9.5 cps, Current: 34, 426
[09Apr2026 18:41:48.639] [Server thread/INFO] [net.minecraft.server.dedicated.DedicatedServer/]: [Chunky] Task running for minecraft:overworld. Processed: 18193 chunks (28.88%), ETA: 1:03:20, Rate: 11.8 cps, Current: 67, 426
[09Apr2026 18:41:49.486] [Worker-Main-1/WARN] [net.minecraft.entity.EntityType/]: Skipping Entity with id nuggets_dungeons_ii:marzian
[09Apr2026 18:41:49.487] [Worker-Main-1/WARN] [net.minecraft.entity.EntityType/]: Skipping Entity with id nuggets_dungeons_ii:marzian
[09Apr2026 18:41:49.487] [Worker-Main-1/WARN] [net.minecraft.entity.EntityType/]: Skipping Entity with id nuggets_dungeons_ii:marzian
[09Apr2026 18:41:49.487] [Worker-Main-1/WARN] [net.minecraft.entity.EntityType/]: Skipping Entity with id nuggets_dungeons_ii:marzian
[09Apr2026 18:41:49.487] [Worker-Main-1/WARN] [net.minecraft.entity.EntityType/]: Skipping Entity with id nuggets_dungeons_ii:marzian
[09Apr2026 18:41:50.345] [Server thread/INFO] [net.minecraft.server.dedicated.DedicatedServer/]: [Chunky] Task running for minecraft:overworld. Processed: 18210 chunks (28.90%), ETA: 1:04:56, Rate: 11.5 cps, Current: 84, 426
[09Apr2026 18:41:50.921] [Worker-Main-2/WARN] [net.minecraft.entity.EntityType/]: Skipping Entity with id nuggets_dungeons_ii:meteoron
[09Apr2026 18:41:50.921] [Worker-Main-2/WARN] [net.minecraft.entity.EntityType/]: Skipping Entity with id nuggets_dungeons_ii:meteoron
[09Apr2026 18:41:50.921] [Worker-Main-2/WARN] [net.minecraft.entity.EntityType/]: Skipping Entity with id nuggets_dungeons_ii:meteoron
[09Apr2026 18:41:50.921] [Worker-Main-2/WARN] [net.minecraft.entity.EntityType/]: Skipping Entity with id nuggets_dungeons_ii:meteoron
[09Apr2026 18:41:52.351] [Server thread/INFO] [net.minecraft.server.dedicated.DedicatedServer/]: [Chunky] Task running for minecraft:overworld. Processed: 18229 chunks (28.93%), ETA: 0:51:26, Rate: 14.5 cps, Current: 100, 422
[09Apr2026 18:41:53.993] [Server thread/INFO] [net.minecraft.server.dedicated.DedicatedServer/]: [Chunky] Task running for minecraft:overworld. Processed: 18240 chunks (28.95%), ETA: 0:56:35, Rate: 13.2 cps, Current: 100, 412
[09Apr2026 18:41:55.171] [Server thread/INFO] [net.minecraft.server.dedicated.DedicatedServer/]: [Chunky] Task running for minecraft:overworld. Processed: 18247 chunks (28.96%), ETA: 1:00:09, Rate: 12.4 cps, Current: 100, 404
[09Apr2026 18:41:56.770] [Server thread/INFO] [net.minecraft.server.dedicated.DedicatedServer/]: [Chunky] Task running for minecraft:overworld. Processed: 18266 chunks (28.99%), ETA: 1:21:55, Rate: 9.1 cps, Current: 100, 386
[09Apr2026 18:41:59.101] [Server thread/INFO] [net.minecraft.server.dedicated.DedicatedServer/]: [Chunky] Task running for minecraft:overworld. Processed: 18287 chunks (29.03%), ETA: 1:32:34, Rate: 8.0 cps, Current: 100, 365
[09Apr2026 18:41:59.816] [Worker-Main-2/WARN] [net.minecraft.entity.EntityType/]: Skipping Entity with id 
[09Apr2026 18:42:00.108] [Server thread/INFO] [net.minecraft.server.dedicated.DedicatedServer/]: [Chunky] Task running for minecraft:overworld. Processed: 18312 chunks (29.07%), ETA: 1:15:32, Rate: 9.9 cps, Current: 100, 341
[09Apr2026 18:42:01.495] [Server thread/INFO] [net.minecraft.server.dedicated.DedicatedServer/]: [Chunky] Task running for minecraft:overworld. Processed: 18313 chunks (29.07%), ETA: 1:15:30, Rate: 9.9 cps, Current: 100, 340
[09Apr2026 18:42:02.732] [Server thread/INFO] [net.minecraft.server.dedicated.DedicatedServer/]: Incorrect argument for command
[09Apr2026 18:42:02.738] [Server thread/INFO] [net.minecraft.server.dedicated.DedicatedServer/]: /chunky stop<--[HERE]
[09Apr2026 18:42:03.375] [Server thread/INFO] [net.minecraft.server.dedicated.DedicatedServer/]: [Chunky] Task running for minecraft:overworld. Processed: 18451 chunks (29.29%), ETA: 0:32:51, Rate: 22.6 cps, Current: 100, 328
[09Apr2026 18:42:04.395] [Server thread/INFO] [net.minecraft.server.dedicated.DedicatedServer/]: [Chunky] Task running for minecraft:overworld. Processed: 18465 chunks (29.31%), ETA: 0:34:09, Rate: 21.7 cps, Current: 100, 314
[09Apr2026 18:42:05.668] [Server thread/INFO] [net.minecraft.server.dedicated.DedicatedServer/]: [Chunky] Task running for minecraft:overworld. Processed: 18475 chunks (29.32%), ETA: 0:31:26, Rate: 23.6 cps, Current: 100, 304
[09Apr2026 18:42:06.837] [Server thread/INFO] [net.minecraft.server.dedicated.DedicatedServer/]: [Chunky] Task running for minecraft:overworld. Processed: 18497 chunks (29.36%), ETA: 0:32:11, Rate: 23.0 cps, Current: -36, 291
[09Apr2026 18:42:08.033] [Server thread/INFO] [net.minecraft.server.dedicated.DedicatedServer/]: [Chunky] Task running for minecraft:overworld. Processed: 18524 chunks (29.40%), ETA: 0:27:49, Rate: 26.6 cps, Current: -36, 318
[09Apr2026 18:42:08.914] [Server thread/WARN] [net.minecraft.world.chunk.Chunk/]: Tried to load a DUMMY block entity @ BlockPos{x=-571, y=0, z=5176} but found not block entity block Block{minecraft:bedrock} at location
[09Apr2026 18:42:08.919] [Server thread/WARN] [net.minecraft.world.chunk.Chunk/]: Tried to load a block entity for block Block{minecraft:bedrock} but failed at location BlockPos{x=-571, y=0, z=5176}
[09Apr2026 18:42:08.922] [Server thread/WARN] [net.minecraft.world.chunk.Chunk/]: Tried to load a DUMMY block entity @ BlockPos{x=-568, y=0, z=5176} but found not block entity block Block{minecraft:bedrock} at location
[09Apr2026 18:42:08.923] [Server thread/WARN] [net.minecraft.world.chunk.Chunk/]: Tried to load a block entity for block Block{minecraft:bedrock} but failed at location BlockPos{x=-568, y=0, z=5176}
[09Apr2026 18:42:09.243] [Server thread/INFO] [net.minecraft.server.dedicated.DedicatedServer/]: [Chunky] Task running for minecraft:overworld. Processed: 18536 chunks (29.42%), ETA: 0:30:03, Rate: 24.6 cps, Current: -36, 330
[09Apr2026 18:42:10.243] [Server thread/INFO] [net.minecraft.server.dedicated.DedicatedServer/]: [Chunky] Task running for minecraft:overworld. Processed: 18570 chunks (29.48%), ETA: 0:25:06, Rate: 29.5 cps, Current: -36, 365
[09Apr2026 18:42:11.005] [Server thread/INFO] [com.teampotato.redirector.Redirector/]: Redirecting net/puffish/castle/generator/CastleNodeState
[09Apr2026 18:42:11.008] [Server thread/INFO] [com.teampotato.redirector.Redirector/]: Redirecting net/puffish/castle/generator/Rotation
[09Apr2026 18:42:11.019] [Server thread/INFO] [com.teampotato.redirector.Redirector/]: Redirecting net/puffish/castle/builder/BlockType
[09Apr2026 18:42:11.020] [Server thread/INFO] [com.teampotato.redirector.Redirector/]: Redirecting net/puffish/castle/builder/EntityType
[09Apr2026 18:42:11.021] [Server thread/INFO] [com.teampotato.redirector.Redirector/]: Redirecting net/puffish/castle/builder/ChestType
[09Apr2026 18:42:12.267] [Server thread/WARN] [net.minecraft.world.server.ServerWorld/]: Trying to add entity with duplicated UUID 4a5223c4-5e94-4551-b640-4abe70f019ad. Existing minecraft:item#10240, new: minecraft:item#10240
[09Apr2026 18:42:15.044] [Server thread/WARN] [net.minecraft.server.MinecraftServer/]: Can't keep up! Is the server overloaded? Running 4064ms or 81 ticks behind
[09Apr2026 18:42:15.046] [Server thread/INFO] [net.minecraft.server.dedicated.DedicatedServer/]: [Chunky] Task running for minecraft:overworld. Processed: 18586 chunks (29.50%), ETA: 1:01:58, Rate: 11.9 cps, Current: -36, 381
[09Apr2026 18:42:16.048] [Server thread/INFO] [net.minecraft.server.dedicated.DedicatedServer/]: [Chunky] Task running for minecraft:overworld. Processed: 18650 chunks (29.60%), ETA: 0:43:35, Rate: 17.0 cps, Current: -19, 427
[09Apr2026 18:42:17.100] [Server thread/INFO] [net.minecraft.server.dedicated.DedicatedServer/]: [Chunky] Task running for minecraft:overworld. Processed: 18671 chunks (29.64%), ETA: 0:44:54, Rate: 16.4 cps, Current: 2, 427
[09Apr2026 18:42:18.121] [Server thread/INFO] [net.minecraft.server.dedicated.DedicatedServer/]: [Chunky] Task running for minecraft:overworld. Processed: 18703 chunks (29.69%), ETA: 0:41:14, Rate: 17.9 cps, Current: 33, 427
[09Apr2026 18:42:19.138] [Server thread/INFO] [net.minecraft.server.dedicated.DedicatedServer/]: [Chunky] Task running for minecraft:overworld. Processed: 18726 chunks (29.72%), ETA: 0:39:37, Rate: 18.6 cps, Current: 57, 427
[09Apr2026 18:42:19.999] [Server thread/INFO] [net.minecraftforge.common.AdvancementLoadFix/]: Using new advancement loading for net.minecraft.advancements.PlayerAdvancements@4ef3db49
[09Apr2026 18:42:20.015] [Server thread/INFO] [net.minecraft.server.management.PlayerList/]: MS_484[/127.31.88.21:59315] logged in with entity id 10397 at (504.365496551167, 71.0, 5745.699999988079)
[09Apr2026 18:42:20.020] [Server thread/INFO] [net.minecraft.server.dedicated.DedicatedServer/]: MS_484 joined the game
[09Apr2026 18:42:20.149] [Worker-Main-1/WARN] [net.minecraft.entity.EntityType/]: Skipping Entity with id nuggets_dungeons_ii:martian
[09Apr2026 18:42:20.150] [Worker-Main-1/WARN] [net.minecraft.entity.EntityType/]: Skipping Entity with id nuggets_dungeons_ii:martian
[09Apr2026 18:42:20.151] [Server thread/INFO] [net.minecraft.server.dedicated.DedicatedServer/]: [Chunky] Task running for minecraft:overworld. Processed: 18754 chunks (29.77%), ETA: 0:37:49, Rate: 19.5 cps, Current: 85, 427
[09Apr2026 18:42:20.151] [Worker-Main-1/WARN] [net.minecraft.entity.EntityType/]: Skipping Entity with id nuggets_dungeons_ii:martian
[09Apr2026 18:42:20.153] [Worker-Main-1/WARN] [net.minecraft.entity.EntityType/]: Skipping Entity with id nuggets_dungeons_ii:martian
[09Apr2026 18:42:21.200] [Server thread/INFO] [net.minecraft.server.dedicated.DedicatedServer/]: [Chunky] Task running for minecraft:overworld. Processed: 18790 chunks (29.82%), ETA: 0:22:07, Rate: 33.3 cps, Current: 101, 407
[09Apr2026 18:42:21.445] [Server thread/INFO] [net.minecraftforge.common.AdvancementLoadFix/]: Using new advancement loading for net.minecraft.advancements.PlayerAdvancements@48a8109f
[09Apr2026 18:42:21.450] [Server thread/INFO] [Waila/]: Syncing config to MS_484 (acf179dc-c25c-35b8-bbe9-f8080242aab4)
[09Apr2026 18:42:22.203] [Server thread/INFO] [net.minecraft.server.dedicated.DedicatedServer/]: [Chunky] Task running for minecraft:overworld. Processed: 18806 chunks (29.85%), ETA: 0:23:51, Rate: 30.9 cps, Current: 101, 392
[09Apr2026 18:42:23.239] [Server thread/INFO] [net.minecraft.server.dedicated.DedicatedServer/]: [Chunky] Task running for minecraft:overworld. Processed: 18831 chunks (29.89%), ETA: 0:24:31, Rate: 30.0 cps, Current: 101, 366
[09Apr2026 18:42:24.378] [Server thread/INFO] [net.minecraft.server.dedicated.DedicatedServer/]: [Chunky] Task running for minecraft:overworld. Processed: 18864 chunks (29.94%), ETA: 0:24:36, Rate: 29.9 cps, Current: 101, 333
[09Apr2026 18:42:24.728] [Worker-Main-2/WARN] [net.minecraft.entity.ai.attributes.AttributeModifierManager/]: Ignoring unknown attribute 'forge.swimSpeed'
[09Apr2026 18:42:24.728] [Worker-Main-2/WARN] [net.minecraft.entity.ai.attributes.AttributeModifierManager/]: Ignoring unknown attribute 'forge.nameTagDistance'
[09Apr2026 18:42:24.728] [Worker-Main-2/WARN] [net.minecraft.entity.ai.attributes.AttributeModifierManager/]: Ignoring unknown attribute 'forge.entity_gravity'
[09Apr2026 18:42:25.330] [Worker-Main-3/WARN] [net.minecraft.entity.ai.attributes.AttributeModifierManager/]: Ignoring unknown attribute 'generic.maxHealth'
[09Apr2026 18:42:25.330] [Worker-Main-3/WARN] [net.minecraft.entity.ai.attributes.AttributeModifierManager/]: Ignoring unknown attribute 'generic.knockbackResistance'
[09Apr2026 18:42:25.330] [Worker-Main-3/WARN] [net.minecraft.entity.ai.attributes.AttributeModifierManager/]: Ignoring unknown attribute 'generic.movementSpeed'
[09Apr2026 18:42:25.330] [Worker-Main-3/WARN] [net.minecraft.entity.ai.attributes.AttributeModifierManager/]: Ignoring unknown attribute 'generic.armorToughness'
[09Apr2026 18:42:25.331] [Worker-Main-3/WARN] [net.minecraft.entity.ai.attributes.AttributeModifierManager/]: Ignoring unknown attribute 'forge.swimSpeed'
[09Apr2026 18:42:25.331] [Worker-Main-3/WARN] [net.minecraft.entity.ai.attributes.AttributeModifierManager/]: Ignoring unknown attribute 'forge.nameTagDistance'
[09Apr2026 18:42:25.331] [Worker-Main-3/WARN] [net.minecraft.entity.ai.attributes.AttributeModifierManager/]: Ignoring unknown attribute 'forge.entity_gravity'
[09Apr2026 18:42:25.331] [Worker-Main-3/WARN] [net.minecraft.entity.ai.attributes.AttributeModifierManager/]: Ignoring unknown attribute 'generic.followRange'
[09Apr2026 18:42:25.331] [Worker-Main-3/WARN] [net.minecraft.entity.ai.attributes.AttributeModifierManager/]: Ignoring unknown attribute 'generic.attackKnockback'
[09Apr2026 18:42:25.331] [Worker-Main-3/WARN] [net.minecraft.entity.ai.attributes.AttributeModifierManager/]: Ignoring unknown attribute 'generic.attackDamage'
[09Apr2026 18:42:25.382] [Chunky-minecraft:overworld Thread/INFO] [net.minecraft.server.dedicated.DedicatedServer/]: [Chunky] Task running for minecraft:overworld. Processed: 18885 chunks (29.98%), ETA: 0:28:19, Rate: 26.0 cps, Current: 82, 290
[09Apr2026 18:42:26.389] [Server thread/INFO] [net.minecraft.server.dedicated.DedicatedServer/]: [Chunky] Task running for minecraft:overworld. Processed: 18927 chunks (30.04%), ETA: 0:26:33, Rate: 27.7 cps, Current: 93, 290
[09Apr2026 18:42:27.390] [Chunky-minecraft:overworld Thread/INFO] [net.minecraft.server.dedicated.DedicatedServer/]: [Chunky] Task running for minecraft:overworld. Processed: 18960 chunks (30.09%), ETA: 0:25:46, Rate: 28.5 cps, Current: 48, 290
[09Apr2026 18:42:29.989] [Server thread/INFO] [net.minecraft.server.dedicated.DedicatedServer/]: [Chunky] Task running for minecraft:overworld. Processed: 19043 chunks (30.23%), ETA: 0:25:23, Rate: 28.8 cps, Current: -35, 290
[09Apr2026 18:42:31.045] [Server thread/INFO] [net.minecraft.server.dedicated.DedicatedServer/]: [Chunky] Task running for minecraft:overworld. Processed: 19089 chunks (30.30%), ETA: 0:24:04, Rate: 30.4 cps, Current: -37, 336
[09Apr2026 18:42:32.127] [Server thread/INFO] [net.minecraft.server.dedicated.DedicatedServer/]: [Chunky] Task running for minecraft:overworld. Processed: 19112 chunks (30.34%), ETA: 0:23:06, Rate: 31.6 cps, Current: -37, 357
[09Apr2026 18:42:33.531] [Server thread/INFO] [net.minecraft.server.dedicated.DedicatedServer/]: [Chunky] Task running for minecraft:overworld. Processed: 19160 chunks (30.41%), ETA: 0:22:50, Rate: 32.0 cps, Current: -37, 401
[09Apr2026 18:42:35.081] [Server thread/INFO] [net.minecraft.server.dedicated.DedicatedServer/]: [Chunky] Task running for minecraft:overworld. Processed: 19167 chunks (30.42%), ETA: 0:25:17, Rate: 28.9 cps, Current: -37, 407
[09Apr2026 18:42:36.124] [Server thread/INFO] [net.minecraft.server.dedicated.DedicatedServer/]: [Chunky] Task running for minecraft:overworld. Processed: 19213 chunks (30.50%), ETA: 0:24:02, Rate: 30.3 cps, Current: -7, 428
[09Apr2026 18:42:36.566] [Server thread/INFO] [net.minecraftforge.common.AdvancementLoadFix/]: Using new advancement loading for net.minecraft.advancements.PlayerAdvancements@1e0d18c0
[09Apr2026 18:42:36.583] [Server thread/INFO] [net.minecraft.server.management.PlayerList/]: Goj0[/127.71.179.52:39695] logged in with entity id 10917 at (504.15868249302713, 71.0, 5745.616158064682)
[09Apr2026 18:42:36.613] [Server thread/INFO] [net.minecraft.server.dedicated.DedicatedServer/]: Goj0 joined the game
[09Apr2026 18:42:36.706] [Server thread/INFO] [net.minecraftforge.common.AdvancementLoadFix/]: Using new advancement loading for net.minecraft.advancements.PlayerAdvancements@1fcbfc15
[09Apr2026 18:42:36.711] [Netty Epoll Server IO #4/ERROR] [net.minecraft.command.arguments.ArgumentTypes/]: Could not serialize cpw.mods.inventorysorter.InventorySorterCommand$ContainerClassArgument@68c95d05 (class cpw.mods.inventorysorter.InventorySorterCommand$ContainerClassArgument) - will not be sent to client!
[09Apr2026 18:42:36.711] [Netty Epoll Server IO #4/ERROR] [net.minecraft.command.arguments.ArgumentTypes/]: Could not serialize cpw.mods.inventorysorter.InventorySorterCommand$ContainerClassArgument@5784275 (class cpw.mods.inventorysorter.InventorySorterCommand$ContainerClassArgument) - will not be sent to client!
[09Apr2026 18:42:36.712] [Server thread/INFO] [Waila/]: Syncing config to Goj0 (38c49b64-4c4f-3860-9cc7-470580cdccc6)
[09Apr2026 18:42:37.152] [Server thread/INFO] [net.minecraft.server.dedicated.DedicatedServer/]: [Chunky] Task running for minecraft:overworld. Processed: 19230 chunks (30.52%), ETA: 0:24:42, Rate: 29.5 cps, Current: 10, 428
[09Apr2026 18:42:38.154] [Server thread/INFO] [net.minecraft.server.dedicated.DedicatedServer/]: [Chunky] Task running for minecraft:overworld. Processed: 19259 chunks (30.57%), ETA: 0:24:43, Rate: 29.5 cps, Current: 40, 428
[09Apr2026 18:42:39.170] [Server thread/INFO] [net.minecraft.server.dedicated.DedicatedServer/]: [Chunky] Task running for minecraft:overworld. Processed: 19282 chunks (30.61%), ETA: 0:27:52, Rate: 26.1 cps, Current: 62, 428
[09Apr2026 18:42:41.284] [Server thread/INFO] [net.minecraft.server.dedicated.DedicatedServer/]: [Chunky] Task running for minecraft:overworld. Processed: 19296 chunks (30.63%), ETA: 0:36:03, Rate: 20.2 cps, Current: 76, 428
[09Apr2026 18:42:42.303] [Server thread/INFO] [net.minecraft.server.dedicated.DedicatedServer/]: [Chunky] Task running for minecraft:overworld. Processed: 19328 chunks (30.68%), ETA: 0:34:08, Rate: 21.3 cps, Current: 102, 422
[09Apr2026 18:42:44.442] [Server thread/INFO] [net.minecraft.server.dedicated.DedicatedServer/]: [Chunky] Task running for minecraft:overworld. Processed: 19349 chunks (30.71%), ETA: 0:37:12, Rate: 19.5 cps, Current: 102, 402
[09Apr2026 18:42:45.522] [Worker-Main-1/WARN] [net.minecraft.entity.ai.attributes.AttributeModifierManager/]: Ignoring unknown attribute 'generic.maxHealth'
[09Apr2026 18:42:45.524] [Worker-Main-1/WARN] [net.minecraft.entity.ai.attributes.AttributeModifierManager/]: Ignoring unknown attribute 'generic.knockbackResistance'
[09Apr2026 18:42:45.524] [Worker-Main-1/WARN] [net.minecraft.entity.ai.attributes.AttributeModifierManager/]: Ignoring unknown attribute 'generic.movementSpeed'
[09Apr2026 18:42:45.525] [Worker-Main-1/WARN] [net.minecraft.entity.ai.attributes.AttributeModifierManager/]: Ignoring unknown attribute 'generic.armorToughness'
[09Apr2026 18:42:45.526] [Worker-Main-1/WARN] [net.minecraft.entity.ai.attributes.AttributeModifierManager/]: Ignoring unknown attribute 'forge.swimSpeed'
[09Apr2026 18:42:45.526] [Worker-Main-1/WARN] [net.minecraft.entity.ai.attributes.AttributeModifierManager/]: Ignoring unknown attribute 'forge.nameTagDistance'
[09Apr2026 18:42:45.527] [Worker-Main-1/WARN] [net.minecraft.entity.ai.attributes.AttributeModifierManager/]: Ignoring unknown attribute 'forge.entity_gravity'
[09Apr2026 18:42:45.527] [Worker-Main-1/WARN] [net.minecraft.entity.ai.attributes.AttributeModifierManager/]: Ignoring unknown attribute 'generic.followRange'
[09Apr2026 18:42:45.527] [Worker-Main-1/WARN] [net.minecraft.entity.ai.attributes.AttributeModifierManager/]: Ignoring unknown attribute 'generic.attackKnockback'
[09Apr2026 18:42:45.528] [Worker-Main-1/WARN] [net.minecraft.entity.ai.attributes.AttributeModifierManager/]: Ignoring unknown attribute 'generic.attackDamage'
[09Apr2026 18:42:45.528] [Worker-Main-1/WARN] [net.minecraft.entity.ai.attributes.AttributeModifierManager/]: Ignoring unknown attribute 'forge.swimSpeed'
[09Apr2026 18:42:45.530] [Worker-Main-1/WARN] [net.minecraft.entity.ai.attributes.AttributeModifierManager/]: Ignoring unknown attribute 'forge.nameTagDistance'
[09Apr2026 18:42:45.530] [Worker-Main-1/WARN] [net.minecraft.entity.ai.attributes.AttributeModifierManager/]: Ignoring unknown attribute 'forge.entity_gravity'
[09Apr2026 18:42:45.532] [Worker-Main-1/WARN] [net.minecraft.entity.ai.attributes.AttributeModifierManager/]: Ignoring unknown attribute 'forge.swimSpeed'
[09Apr2026 18:42:45.534] [Worker-Main-1/WARN] [net.minecraft.entity.ai.attributes.AttributeModifierManager/]: Ignoring unknown attribute 'forge.nameTagDistance'
[09Apr2026 18:42:45.534] [Worker-Main-1/WARN] [net.minecraft.entity.ai.attributes.AttributeModifierManager/]: Ignoring unknown attribute 'forge.entity_gravity'
[09Apr2026 18:42:45.534] [Worker-Main-1/WARN] [net.minecraft.entity.ai.attributes.AttributeModifierManager/]: Ignoring unknown attribute 'forge.swimSpeed'
[09Apr2026 18:42:45.534] [Worker-Main-1/WARN] [net.minecraft.entity.ai.attributes.AttributeModifierManager/]: Ignoring unknown attribute 'forge.nameTagDistance'
[09Apr2026 18:42:45.535] [Worker-Main-1/WARN] [net.minecraft.entity.ai.attributes.AttributeModifierManager/]: Ignoring unknown attribute 'forge.entity_gravity'
[09Apr2026 18:42:45.536] [Worker-Main-1/WARN] [net.minecraft.entity.ai.attributes.AttributeModifierManager/]: Ignoring unknown attribute 'forge.swimSpeed'
[09Apr2026 18:42:45.537] [Worker-Main-1/WARN] [net.minecraft.entity.ai.attributes.AttributeModifierManager/]: Ignoring unknown attribute 'forge.nameTagDistance'
[09Apr2026 18:42:45.537] [Worker-Main-1/WARN] [net.minecraft.entity.ai.attributes.AttributeModifierManager/]: Ignoring unknown attribute 'forge.entity_gravity'
[09Apr2026 18:42:45.537] [Worker-Main-1/WARN] [net.minecraft.entity.ai.attributes.AttributeModifierManager/]: Ignoring unknown attribute 'forge.swimSpeed'
[09Apr2026 18:42:45.537] [Worker-Main-1/WARN] [net.minecraft.entity.ai.attributes.AttributeModifierManager/]: Ignoring unknown attribute 'forge.nameTagDistance'
[09Apr2026 18:42:45.538] [Worker-Main-1/WARN] [net.minecraft.entity.ai.attributes.AttributeModifierManager/]: Ignoring unknown attribute 'forge.entity_gravity'
[09Apr2026 18:42:45.538] [Worker-Main-1/WARN] [net.minecraft.entity.ai.attributes.AttributeModifierManager/]: Ignoring unknown attribute 'forge.swimSpeed'
[09Apr2026 18:42:45.539] [Worker-Main-1/WARN] [net.minecraft.entity.ai.attributes.AttributeModifierManager/]: Ignoring unknown attribute 'forge.nameTagDistance'
[09Apr2026 18:42:45.539] [Worker-Main-1/WARN] [net.minecraft.entity.ai.attributes.AttributeModifierManager/]: Ignoring unknown attribute 'forge.entity_gravity'
[09Apr2026 18:42:45.540] [Worker-Main-1/WARN] [net.minecraft.entity.ai.attributes.AttributeModifierManager/]: Ignoring unknown attribute 'forge.swimSpeed'
[09Apr2026 18:42:45.541] [Worker-Main-1/WARN] [net.minecraft.entity.ai.attributes.AttributeModifierManager/]: Ignoring unknown attribute 'forge.nameTagDistance'
[09Apr2026 18:42:45.541] [Worker-Main-1/WARN] [net.minecraft.entity.ai.attributes.AttributeModifierManager/]: Ignoring unknown attribute 'forge.entity_gravity'
[09Apr2026 18:42:45.542] [Worker-Main-1/WARN] [net.minecraft.entity.ai.attributes.AttributeModifierManager/]: Ignoring unknown attribute 'forge.swimSpeed'
[09Apr2026 18:42:45.542] [Worker-Main-1/WARN] [net.minecraft.entity.ai.attributes.AttributeModifierManager/]: Ignoring unknown attribute 'forge.nameTagDistance'
[09Apr2026 18:42:45.543] [Worker-Main-1/WARN] [net.minecraft.entity.ai.attributes.AttributeModifierManager/]: Ignoring unknown attribute 'forge.entity_gravity'
[09Apr2026 18:42:45.543] [Worker-Main-1/WARN] [net.minecraft.entity.ai.attributes.AttributeModifierManager/]: Ignoring unknown attribute 'forge.swimSpeed'
[09Apr2026 18:42:45.543] [Worker-Main-1/WARN] [net.minecraft.entity.ai.attributes.AttributeModifierManager/]: Ignoring unknown attribute 'forge.nameTagDistance'
[09Apr2026 18:42:45.545] [Worker-Main-1/WARN] [net.minecraft.entity.ai.attributes.AttributeModifierManager/]: Ignoring unknown attribute 'forge.entity_gravity'
[09Apr2026 18:42:45.630] [Server thread/INFO] [net.minecraft.server.dedicated.DedicatedServer/]: [Chunky] Task running for minecraft:overworld. Processed: 19358 chunks (30.73%), ETA: 0:39:57, Rate: 18.2 cps, Current: 102, 391
[09Apr2026 18:42:45.816] [Worker-Main-2/WARN] [net.minecraft.entity.EntityType/]: Skipping Entity with id nuggets_dungeons_ii:cursed
[09Apr2026 18:42:45.816] [Worker-Main-2/WARN] [net.minecraft.entity.EntityType/]: Skipping Entity with id nuggets_dungeons_ii:cursed
[09Apr2026 18:42:45.816] [Worker-Main-2/WARN] [net.minecraft.entity.EntityType/]: Skipping Entity with id nuggets_dungeons_ii:cursed
[09Apr2026 18:42:45.817] [Worker-Main-2/WARN] [net.minecraft.entity.EntityType/]: Skipping Entity with id nuggets_dungeons_ii:cursed
[09Apr2026 18:42:45.822] [Worker-Main-2/WARN] [net.minecraft.entity.EntityType/]: Skipping Entity with id nuggets_dungeons_ii:cursed
[09Apr2026 18:42:46.630] [Server thread/INFO] [net.minecraft.server.dedicated.DedicatedServer/]: [Chunky] Task running for minecraft:overworld. Processed: 19386 chunks (30.77%), ETA: 0:43:53, Rate: 16.6 cps, Current: 102, 362
[09Apr2026 18:42:47.016] [Server thread/WARN] [net.minecraft.network.play.ServerPlayNetHandler/]: MS_484 moved too quickly! -9.992410025134404,0.2712241076924897,-1.0760039103242889
[09Apr2026 18:42:47.940] [Server thread/INFO] [net.minecraft.server.dedicated.DedicatedServer/]: [Chunky] Task running for minecraft:overworld. Processed: 19407 chunks (30.80%), ETA: 0:44:01, Rate: 16.5 cps, Current: 102, 344
[09Apr2026 18:42:48.334] [Worker-Main-2/INFO] [com.teampotato.redirector.Redirector/]: Redirecting net/minecraft/village/GossipType
[09Apr2026 18:42:48.343] [Worker-Main-2/WARN] [net.minecraft.entity.EntityType/]: Skipping Entity with id 
[09Apr2026 18:42:49.045] [Worker-Main-3/WARN] [net.minecraft.entity.EntityType/]: Skipping Entity with id nuggets_dungeons_ii:blooded
[09Apr2026 18:42:49.046] [Worker-Main-3/WARN] [net.minecraft.entity.EntityType/]: Skipping Entity with id nuggets_dungeons_ii:blooded
[09Apr2026 18:42:49.046] [Worker-Main-3/WARN] [net.minecraft.entity.EntityType/]: Skipping Entity with id nuggets_dungeons_ii:blooded
[09Apr2026 18:42:49.046] [Worker-Main-3/WARN] [net.minecraft.entity.EntityType/]: Skipping Entity with id nuggets_dungeons_ii:blooded
[09Apr2026 18:42:49.046] [Worker-Main-3/WARN] [net.minecraft.entity.EntityType/]: Skipping Entity with id nuggets_dungeons_ii:blooded
[09Apr2026 18:42:49.323] [Server thread/INFO] [net.minecraft.server.dedicated.DedicatedServer/]: [Chunky] Task running for minecraft:overworld. Processed: 19408 chunks (30.81%), ETA: 0:51:41, Rate: 14.1 cps, Current: 102, 342
[09Apr2026 18:42:50.390] [Server thread/INFO] [net.minecraft.server.dedicated.DedicatedServer/]: [Chunky] Task running for minecraft:overworld. Processed: 19422 chunks (30.83%), ETA: 0:52:04, Rate: 13.9 cps, Current: 102, 328
[09Apr2026 18:42:51.964] [Server thread/INFO] [net.minecraft.server.dedicated.DedicatedServer/]: [Chunky] Task running for minecraft:overworld. Processed: 19479 chunks (30.92%), ETA: 0:41:39, Rate: 17.4 cps, Current: 102, 304
[09Apr2026 18:42:53.007] [Chunky-minecraft:overworld Thread/INFO] [net.minecraft.server.dedicated.DedicatedServer/]: [Chunky] Task running for minecraft:overworld. Processed: 19500 chunks (30.95%), ETA: 0:40:51, Rate: 17.7 cps, Current: 52, 289
[09Apr2026 18:42:54.023] [Chunky-minecraft:overworld Thread/INFO] [net.minecraft.server.dedicated.DedicatedServer/]: [Chunky] Task running for minecraft:overworld. Processed: 19553 chunks (31.04%), ETA: 0:33:50, Rate: 21.4 cps, Current: 10, 289
[09Apr2026 18:42:55.427] [Server thread/INFO] [net.minecraft.server.dedicated.DedicatedServer/]: [Chunky] Task running for minecraft:overworld. Processed: 19598 chunks (31.11%), ETA: 0:29:53, Rate: 24.2 cps, Current: -35, 289
[09Apr2026 18:42:56.379] [Worker-Main-1/WARN] [net.minecraft.entity.ai.attributes.AttributeModifierManager/]: Ignoring unknown attribute 'forge.swimSpeed'
[09Apr2026 18:42:56.380] [Worker-Main-1/WARN] [net.minecraft.entity.ai.attributes.AttributeModifierManager/]: Ignoring unknown attribute 'forge.nameTagDistance'
[09Apr2026 18:42:56.381] [Worker-Main-1/WARN] [net.minecraft.entity.ai.attributes.AttributeModifierManager/]: Ignoring unknown attribute 'forge.entity_gravity'
[09Apr2026 18:42:56.457] [Server thread/INFO] [net.minecraft.server.dedicated.DedicatedServer/]: [Chunky] Task running for minecraft:overworld. Processed: 19600 chunks (31.11%), ETA: 0:33:00, Rate: 21.9 cps, Current: -37, 289
[09Apr2026 18:42:57.509] [Server thread/INFO] [net.minecraft.server.dedicated.DedicatedServer/]: [Chunky] Task running for minecraft:overworld. Processed: 19626 chunks (31.15%), ETA: 0:27:01, Rate: 26.8 cps, Current: -38, 312
[09Apr2026 18:42:58.573] [Server thread/INFO] [net.minecraft.server.dedicated.DedicatedServer/]: [Chunky] Task running for minecraft:overworld. Processed: 19654 chunks (31.20%), ETA: 0:27:03, Rate: 26.7 cps, Current: -38, 342
[09Apr2026 18:42:58.853] [Worker-Main-1/ERROR] [net.minecraft.util.registry.SimpleRegistry/]: Adding duplicate value 'net.minecraft.world.gen.feature.jigsaw.JigsawPattern@4ba6cf08' to registry
[09Apr2026 18:42:58.854] [Worker-Main-1/WARN] [net.minecraft.world.gen.feature.jigsaw.JigsawManager/]: Empty or none existent pool: towers_of_the_wild:regular_bottom
[09Apr2026 18:42:59.591] [Server thread/INFO] [net.minecraft.server.dedicated.DedicatedServer/]: [Chunky] Task running for minecraft:overworld. Processed: 19676 chunks (31.23%), ETA: 0:26:53, Rate: 26.9 cps, Current: -38, 363
[09Apr2026 18:42:59.695] [Server thread/WARN] [net.minecraft.server.MinecraftServer/]: Can't keep up! Is the server overloaded? Running 29665ms or 593 ticks behind
[09Apr2026 18:43:00.604] [Server thread/INFO] [net.minecraft.server.dedicated.DedicatedServer/]: [Chunky] Task running for minecraft:overworld. Processed: 19713 chunks (31.29%), ETA: 0:25:51, Rate: 27.9 cps, Current: -38, 396
[09Apr2026 18:43:01.551] [Worker-Main-1/WARN] [net.minecraft.entity.EntityType/]: Skipping Entity with id nuggets_dungeons_ii:air_golem
[09Apr2026 18:43:01.551] [Worker-Main-1/WARN] [net.minecraft.entity.EntityType/]: Skipping Entity with id nuggets_dungeons_ii:air_golem
[09Apr2026 18:43:01.551] [Worker-Main-1/WARN] [net.minecraft.entity.EntityType/]: Skipping Entity with id nuggets_dungeons_ii:air_golem
[09Apr2026 18:43:01.551] [Worker-Main-1/WARN] [net.minecraft.entity.EntityType/]: Skipping Entity with id nuggets_dungeons_ii:air_golem
[09Apr2026 18:43:01.614] [Server thread/INFO] [net.minecraft.server.dedicated.DedicatedServer/]: [Chunky] Task running for minecraft:overworld. Processed: 19743 chunks (31.34%), ETA: 0:25:25, Rate: 28.4 cps, Current: -36, 429
[09Apr2026 18:43:02.642] [Server thread/INFO] [net.minecraft.server.dedicated.DedicatedServer/]: [Chunky] Task running for minecraft:overworld. Processed: 19774 chunks (31.39%), ETA: 0:25:13, Rate: 28.6 cps, Current: -5, 429
[09Apr2026 18:43:03.648] [Server thread/INFO] [net.minecraft.server.dedicated.DedicatedServer/]: [Chunky] Task running for minecraft:overworld. Processed: 19797 chunks (31.42%), ETA: 0:29:35, Rate: 24.3 cps, Current: 18, 429
[09Apr2026 18:43:04.673] [Server thread/INFO] [net.minecraft.server.dedicated.DedicatedServer/]: [Chunky] Task running for minecraft:overworld. Processed: 19820 chunks (31.46%), ETA: 0:29:50, Rate: 24.1 cps, Current: 42, 429
[09Apr2026 18:43:05.682] [Server thread/INFO] [net.minecraft.server.dedicated.DedicatedServer/]: [Chunky] Task running for minecraft:overworld. Processed: 19836 chunks (31.49%), ETA: 0:27:51, Rate: 25.8 cps, Current: 57, 429
[09Apr2026 18:43:06.690] [Server thread/INFO] [net.minecraft.server.dedicated.DedicatedServer/]: [Chunky] Task running for minecraft:overworld. Processed: 19863 chunks (31.53%), ETA: 0:27:44, Rate: 25.9 cps, Current: 84, 429
[09Apr2026 18:43:07.544] [Chunky-minecraft:overworld Thread/INFO] [net.minecraft.server.dedicated.DedicatedServer/]: [Chunky] Task stopped for minecraft:overworld.
[09Apr2026 18:43:11.213] [Server thread/INFO] [net.minecraft.server.dedicated.DedicatedServer/]: <MS_484> CANCELAR CHUKY
[09Apr2026 18:43:19.594] [Server thread/WARN] [net.minecraft.server.MinecraftServer/]: Can't keep up! Is the server overloaded? Running 3364ms or 67 ticks behind
[09Apr2026 18:43:21.622] [Server thread/WARN] [net.minecraft.network.play.ServerPlayNetHandler/]: MS_484 moved too quickly! -2.027204275898498,-0.5061351021062137,10.111741358285144
[09Apr2026 18:43:34.096] [Server thread/WARN] [net.minecraft.world.TrackedEntity/]: Fetching packet for removed entity ArmorStandEntity['THT-b8'/11797, l='ServerLevel[Mundo nuevo]', x=618.50, y=95.50, z=5973.50]
[09Apr2026 18:43:40.865] [Server thread/WARN] [net.minecraft.server.MinecraftServer/]: Can't keep up! Is the server overloaded? Running 2635ms or 52 ticks behind
[09Apr2026 18:43:47.495] [Server thread/WARN] [net.minecraft.network.play.ServerPlayNetHandler/]: MS_484 moved too quickly! 6.742782641452834,0.8800391385729398,-7.435292221866803
[09Apr2026 18:43:47.498] [Server thread/WARN] [net.minecraft.network.play.ServerPlayNetHandler/]: Goj0 moved too quickly! -9.632740541060457,3.024424088213692,0.804710278537641
[09Apr2026 18:43:50.493] [Server thread/WARN] [net.minecraft.network.play.ServerPlayNetHandler/]: Goj0 moved too quickly! -6.932608886195055,-0.16415469054220466,7.633512106935996
[09Apr2026 18:44:06.689] [Server thread/WARN] [net.minecraft.server.MinecraftServer/]: Can't keep up! Is the server overloaded? Running 10859ms or 217 ticks behind
[09Apr2026 18:44:10.911] [Server thread/WARN] [net.minecraft.world.TrackedEntity/]: Fetching packet for removed entity ArmorStandEntity['THT-b8'/11882, l='ServerLevel[Mundo nuevo]', x=383.50, y=72.50, z=5988.50]
[09Apr2026 18:44:10.915] [Server thread/WARN] [net.minecraft.network.play.ServerPlayNetHandler/]: Goj0 moved too quickly! -6.527333246811452,-1.0,7.786502325611764
[09Apr2026 18:44:10.917] [Server thread/WARN] [net.minecraft.network.play.ServerPlayNetHandler/]: MS_484 moved too quickly! 2.7010678845392704,2.176759275064242,9.432453385649751
[09Apr2026 18:44:10.949] [Server thread/WARN] [com.ferreusveritas.dynamictrees.trees.Species/]: Block Block{dtbop:maple_twiglet_leaves} not valid leaves for Species{registryName=dynamictrees:oak}.
[09Apr2026 18:44:10.950] [Server thread/WARN] [com.ferreusveritas.dynamictrees.trees.Species/]: Block Block{dtbop:maple_twiglet_leaves} not valid leaves for Species{registryName=dynamictrees:oak}.
[09Apr2026 18:44:10.950] [Server thread/WARN] [com.ferreusveritas.dynamictrees.trees.Species/]: Block Block{dtbop:maple_twiglet_leaves} not valid leaves for Species{registryName=dynamictrees:oak}.
[09Apr2026 18:44:10.950] [Server thread/WARN] [com.ferreusveritas.dynamictrees.trees.Species/]: Block Block{dtbop:maple_twiglet_leaves} not valid leaves for Species{registryName=dynamictrees:oak}.
[09Apr2026 18:44:10.950] [Server thread/WARN] [com.ferreusveritas.dynamictrees.trees.Species/]: Block Block{dtbop:maple_twiglet_leaves} not valid leaves for Species{registryName=dynamictrees:oak}.
[09Apr2026 18:44:21.518] [Server thread/WARN] [net.minecraft.network.play.ServerPlayNetHandler/]: MS_484 moved too quickly! 9.135117342866806,-1.0244240882136921,4.644217620189011
[09Apr2026 18:44:27.310] [Server thread/WARN] [net.minecraft.server.MinecraftServer/]: Can't keep up! Is the server overloaded? Running 5630ms or 112 ticks behind
[09Apr2026 18:44:52.293] [Server thread/WARN] [com.ferreusveritas.dynamictrees.trees.Species/]: Block Block{dtbop:maple_twiglet_leaves} not valid leaves for Species{registryName=dynamictrees:oak}.
[09Apr2026 18:44:52.293] [Server thread/WARN] [com.ferreusveritas.dynamictrees.trees.Species/]: Block Block{dtbop:maple_twiglet_leaves} not valid leaves for Species{registryName=dynamictrees:oak}.
[09Apr2026 18:44:52.293] [Server thread/WARN] [com.ferreusveritas.dynamictrees.trees.Species/]: Block Block{dtbop:maple_twiglet_leaves} not valid leaves for Species{registryName=dynamictrees:oak}.
[09Apr2026 18:44:52.293] [Server thread/WARN] [com.ferreusveritas.dynamictrees.trees.Species/]: Block Block{dtbop:maple_twiglet_leaves} not valid leaves for Species{registryName=dynamictrees:oak}.
[09Apr2026 18:44:52.294] [Server thread/WARN] [com.ferreusveritas.dynamictrees.trees.Species/]: Block Block{dtbop:maple_twiglet_leaves} not valid leaves for Species{registryName=dynamictrees:oak}.
[09Apr2026 18:46:19.733] [Server thread/INFO] [net.minecraft.network.play.ServerPlayNetHandler/]: Goj0 lost connection: Disconnected
[09Apr2026 18:46:19.734] [Server thread/INFO] [net.minecraft.server.dedicated.DedicatedServer/]: Goj0 left the game
[09Apr2026 18:46:26.185] [Server thread/INFO] [net.minecraft.server.dedicated.DedicatedServer/]: MS_484 has reached the goal [Half a flight]
[09Apr2026 18:47:38.846] [Server thread/INFO] [com.teampotato.redirector.Redirector/]: Redirecting com/github/alexthe666/iceandfire/pathfinding/raycoms/PathFindingStatus
[09Apr2026 18:47:38.847] [Server thread/INFO] [com.teampotato.redirector.Redirector/]: Redirecting com/github/alexthe666/iceandfire/pathfinding/raycoms/AbstractAdvancedPathNavigate$RestrictionType
[09Apr2026 18:47:38.851] [Ice and Fire Pathfinding Worker #0/INFO] [com.teampotato.redirector.Redirector/]: Redirecting com/github/alexthe666/iceandfire/pathfinding/raycoms/SurfaceType
[09Apr2026 18:48:04.838] [Server thread/INFO] [com.teampotato.redirector.Redirector/]: Redirecting net/minecraftforge/event/world/PistonEvent$PistonMoveType
[09Apr2026 18:53:38.497] [Server thread/INFO] [net.minecraftforge.common.AdvancementLoadFix/]: Using new advancement loading for net.minecraft.advancements.PlayerAdvancements@774a2b50
[09Apr2026 18:53:38.503] [Server thread/INFO] [net.minecraft.server.management.PlayerList/]: Goj0[/127.71.179.52:37311] logged in with entity id 15875 at (432.7199971723195, 86.10495978814988, 5889.433597151671)
[09Apr2026 18:53:38.512] [Server thread/INFO] [net.minecraft.server.dedicated.DedicatedServer/]: Goj0 joined the game
[09Apr2026 18:53:38.544] [Server thread/INFO] [net.minecraftforge.common.AdvancementLoadFix/]: Using new advancement loading for net.minecraft.advancements.PlayerAdvancements@db0a5db
[09Apr2026 18:53:38.555] [Server thread/INFO] [Waila/]: Syncing config to Goj0 (38c49b64-4c4f-3860-9cc7-470580cdccc6)
[09Apr2026 18:53:38.578] [Netty Epoll Server IO #2/ERROR] [net.minecraft.command.arguments.ArgumentTypes/]: Could not serialize cpw.mods.inventorysorter.InventorySorterCommand$ContainerClassArgument@68c95d05 (class cpw.mods.inventorysorter.InventorySorterCommand$ContainerClassArgument) - will not be sent to client!
[09Apr2026 18:53:38.579] [Netty Epoll Server IO #2/ERROR] [net.minecraft.command.arguments.ArgumentTypes/]: Could not serialize cpw.mods.inventorysorter.InventorySorterCommand$ContainerClassArgument@5784275 (class cpw.mods.inventorysorter.InventorySorterCommand$ContainerClassArgument) - will not be sent to client!
[09Apr2026 18:54:26.006] [Server thread/INFO] [net.minecraft.server.dedicated.DedicatedServer/]: MS_484 has reached the goal [Skyslime Island]
[09Apr2026 18:55:39.174] [Server thread/INFO] [com.teampotato.redirector.Redirector/]: Redirecting cpw/mods/inventorysorter/Action
[09Apr2026 18:55:39.179] [Server thread/INFO] [com.teampotato.redirector.Redirector/]: Redirecting cpw/mods/inventorysorter/SortingHandler
[09Apr2026 18:55:39.181] [Server thread/INFO] [com.teampotato.redirector.Redirector/]: Redirecting cpw/mods/inventorysorter/ScrollWheelHandler
[09Apr2026 18:55:39.187] [Server thread/INFO] [com.teampotato.redirector.Redirector/]: Redirecting cpw/mods/inventorysorter/InventoryHandler
[09Apr2026 18:56:49.965] [Server thread/INFO] [net.minecraft.server.dedicated.DedicatedServer/]: <MS_484> xaero-waypoint:Shared Location:S:1003:102:5778:8:false:0:Internal-overworld-waypoints
[09Apr2026 18:58:30.036] [Server thread/INFO] [net.minecraft.server.dedicated.DedicatedServer/]: Goj0 is bleeding...
[09Apr2026 18:58:30.036] [Server thread/WARN] [tombstone/]: The death event of the player Goj0 was canceled by another mod
[09Apr2026 18:58:30.068] [Server thread/INFO] [tombstone/]: The player Goj0 has successfully been saved
[09Apr2026 18:58:36.659] [Server thread/WARN] [twilightforest/]: Dropping inventory items previously held in reserve for player Goj0 (38c49b64-4c4f-3860-9cc7-470580cdccc6)
[09Apr2026 18:58:36.660] [Server thread/INFO] [net.minecraft.server.dedicated.DedicatedServer/]: Goj0 was turned into KFC by Fire Dragon
[09Apr2026 18:58:39.031] [Netty Epoll Server IO #2/ERROR] [net.minecraft.command.arguments.ArgumentTypes/]: Could not serialize cpw.mods.inventorysorter.InventorySorterCommand$ContainerClassArgument@68c95d05 (class cpw.mods.inventorysorter.InventorySorterCommand$ContainerClassArgument) - will not be sent to client!
[09Apr2026 18:58:39.031] [Netty Epoll Server IO #2/ERROR] [net.minecraft.command.arguments.ArgumentTypes/]: Could not serialize cpw.mods.inventorysorter.InventorySorterCommand$ContainerClassArgument@5784275 (class cpw.mods.inventorysorter.InventorySorterCommand$ContainerClassArgument) - will not be sent to client!
[09Apr2026 18:59:04.790] [Server thread/INFO] [net.minecraft.server.dedicated.DedicatedServer/]: Goj0 is bleeding...
[09Apr2026 18:59:04.790] [Server thread/WARN] [tombstone/]: The death event of the player Goj0 was canceled by another mod
[09Apr2026 18:59:04.819] [Server thread/INFO] [tombstone/]: The player Goj0 has successfully been saved
[09Apr2026 18:59:10.670] [Server thread/WARN] [twilightforest/]: Dropping inventory items previously held in reserve for player Goj0 (38c49b64-4c4f-3860-9cc7-470580cdccc6)
[09Apr2026 18:59:10.671] [Server thread/INFO] [net.minecraft.server.dedicated.DedicatedServer/]: Goj0 was slain by Fire Dragon
[09Apr2026 18:59:12.278] [Netty Epoll Server IO #2/ERROR] [net.minecraft.command.arguments.ArgumentTypes/]: Could not serialize cpw.mods.inventorysorter.InventorySorterCommand$ContainerClassArgument@68c95d05 (class cpw.mods.inventorysorter.InventorySorterCommand$ContainerClassArgument) - will not be sent to client!
[09Apr2026 18:59:12.279] [Netty Epoll Server IO #2/ERROR] [net.minecraft.command.arguments.ArgumentTypes/]: Could not serialize cpw.mods.inventorysorter.InventorySorterCommand$ContainerClassArgument@5784275 (class cpw.mods.inventorysorter.InventorySorterCommand$ContainerClassArgument) - will not be sent to client!
[09Apr2026 19:07:47.754] [Server thread/WARN] [net.minecraft.world.server.ServerWorld/]: Trying to add entity with duplicated UUID 7b915943-a999-459d-b8c5-e8b8f647ed91. Existing iceandfire:fire_dragon#12369, new: iceandfire:fire_dragon#12369
[09Apr2026 19:07:47.754] [Server thread/WARN] [net.minecraft.world.server.ServerWorld/]: Trying to add entity with duplicated UUID bef9cce8-765f-49bb-9d82-aa1afb44f41f. Existing iceandfire:dragon_multipart#12706, new: iceandfire:dragon_multipart#12706
[09Apr2026 19:07:47.755] [Server thread/WARN] [net.minecraft.world.server.ServerWorld/]: Trying to add entity with duplicated UUID 89686069-8588-4cd7-b750-6b98b146a259. Existing iceandfire:dragon_multipart#12707, new: iceandfire:dragon_multipart#12707
[09Apr2026 19:07:47.755] [Server thread/WARN] [net.minecraft.world.server.ServerWorld/]: Trying to add entity with duplicated UUID 89efd732-3cdb-44bf-8214-160cd24a6b16. Existing iceandfire:dragon_multipart#12708, new: iceandfire:dragon_multipart#12708
[09Apr2026 19:07:47.755] [Server thread/WARN] [net.minecraft.world.server.ServerWorld/]: Trying to add entity with duplicated UUID 8982fd0a-cc6e-4abd-bdbf-f35087b25eb3. Existing iceandfire:dragon_multipart#12709, new: iceandfire:dragon_multipart#12709
[09Apr2026 19:07:47.755] [Server thread/WARN] [net.minecraft.world.server.ServerWorld/]: Trying to add entity with duplicated UUID 27bebb2b-1b1e-4ed9-9deb-9770f78bcef8. Existing iceandfire:dragon_multipart#12710, new: iceandfire:dragon_multipart#12710
[09Apr2026 19:07:47.755] [Server thread/WARN] [net.minecraft.world.server.ServerWorld/]: Trying to add entity with duplicated UUID 7c113807-b073-42b1-a62d-4358ef0665f8. Existing iceandfire:dragon_multipart#12711, new: iceandfire:dragon_multipart#12711
[09Apr2026 19:07:47.798] [Server thread/WARN] [net.minecraft.world.server.ServerWorld/]: Trying to add entity with duplicated UUID a39bc1b0-7b4e-465d-b5ff-1d6221017cf5. Existing iceandfire:dragon_multipart#12712, new: iceandfire:dragon_multipart#12712
[09Apr2026 19:07:47.798] [Server thread/WARN] [net.minecraft.world.server.ServerWorld/]: Trying to add entity with duplicated UUID 45a4dfe1-b0e2-4543-a131-23d6901c8c79. Existing iceandfire:dragon_multipart#12713, new: iceandfire:dragon_multipart#12713
[09Apr2026 19:07:47.798] [Server thread/WARN] [net.minecraft.world.server.ServerWorld/]: Trying to add entity with duplicated UUID 02418b60-96f8-4603-9b34-d7914534e2d4. Existing iceandfire:dragon_multipart#12714, new: iceandfire:dragon_multipart#12714
[09Apr2026 19:07:47.798] [Server thread/WARN] [net.minecraft.world.server.ServerWorld/]: Trying to add entity with duplicated UUID 5a4f98b8-b45c-4201-9c8a-e91a3ad05588. Existing iceandfire:dragon_multipart#12715, new: iceandfire:dragon_multipart#12715
[09Apr2026 19:08:51.801] [Server thread/INFO] [net.minecraft.server.dedicated.DedicatedServer/]: MS_484 is bleeding...
[09Apr2026 19:08:51.802] [Server thread/WARN] [tombstone/]: The death event of the player MS_484 was canceled by another mod
[09Apr2026 19:08:51.802] [Server thread/INFO] [tombstone/]: The player MS_484 has successfully been saved
[09Apr2026 19:09:36.254] [Server thread/WARN] [twilightforest/]: Dropping inventory items previously held in reserve for player MS_484 (acf179dc-c25c-35b8-bbe9-f8080242aab4)
[09Apr2026 19:09:36.254] [Server thread/INFO] [net.minecraft.server.dedicated.DedicatedServer/]: MS_484 was doomed to fall by Stymphalian Bird
[09Apr2026 19:09:36.262] [Server thread/INFO] [net.minecraft.server.dedicated.DedicatedServer/]: MS_484 has made the advancement [Your First Grave]
[09Apr2026 19:09:37.624] [Server thread/INFO] [net.minecraft.server.dedicated.DedicatedServer/]: MS_484 has made the advancement [The Most Useful Key]
[09Apr2026 19:09:42.105] [Server thread/INFO] [net.minecraft.server.dedicated.DedicatedServer/]: MS_484 has reached the goal [A Fast Comeback]
[09Apr2026 19:11:38.168] [Server thread/WARN] [net.minecraft.network.play.ServerPlayNetHandler/]: MS_484 moved too quickly! -5.661192975617723,-1.0,-8.48326328623989
[09Apr2026 19:11:49.557] [Server thread/INFO] [com.teampotato.redirector.Redirector/]: Redirecting com/chaosthedude/naturescompass/util/CompassState
[09Apr2026 19:11:49.558] [Server thread/INFO] [naturescompass/]: Starting search: 64 sample space, 50000 max samples, 10000 max radius
[09Apr2026 19:11:49.624] [Server thread/INFO] [naturescompass/]: Search succeeded: 1403 radius, 809 samples
[09Apr2026 19:12:37.550] [Server thread/WARN] [net.minecraft.world.server.ServerWorld/]: Trying to add entity with duplicated UUID c8667d92-e7be-43c0-9bcf-ef52c162ca70. Existing alexsmobs:crow#20892, new: alexsmobs:crow#25341
[09Apr2026 19:12:37.550] [Server thread/WARN] [net.minecraft.world.server.ServerWorld/]: Trying to add entity with duplicated UUID c8667d92-e7be-43c0-9bcf-ef52c162ca70. Existing alexsmobs:crow#20892, new: alexsmobs:crow#20892
[09Apr2026 19:15:18.335] [Server thread/WARN] [net.minecraft.network.play.ServerPlayNetHandler/]: MS_484 moved too quickly! 8.92739382392358,7.928160155707971,0.18661404766135092
[09Apr2026 19:16:30.299] [Server thread/INFO] [com.teampotato.redirector.Redirector/]: Redirecting net/minecraft/command/impl/CloneCommand$Mode
[09Apr2026 19:16:49.900] [Server thread/INFO] [net.minecraft.server.dedicated.DedicatedServer/]: MS_484 has made the advancement [A Strange Grave Dust]
[09Apr2026 19:17:39.241] [Server thread/INFO] [net.minecraft.server.dedicated.DedicatedServer/]: MS_484 is bleeding...
[09Apr2026 19:17:39.241] [Server thread/WARN] [tombstone/]: The death event of the player MS_484 was canceled by another mod
[09Apr2026 19:17:39.257] [Server thread/INFO] [tombstone/]: The player MS_484 has successfully been saved
[09Apr2026 19:17:53.208] [Server thread/INFO] [net.minecraft.server.dedicated.DedicatedServer/]: [Chunky] Task running for minecraft:overworld. Processed: 2972 chunks (18.43%), ETA: 1:59:17, Rate: 1.8 cps, Current: 31, 430
[09Apr2026 19:17:54.314] [Server thread/INFO] [net.minecraft.server.dedicated.DedicatedServer/]: [Chunky] Task running for minecraft:overworld. Processed: 3153 chunks (19.55%), ETA: 0:26:21, Rate: 8.2 cps, Current: 47, 430
[09Apr2026 19:17:55.422] [Server thread/INFO] [net.minecraft.server.dedicated.DedicatedServer/]: [Chunky] Task running for minecraft:overworld. Processed: 3162 chunks (19.60%), ETA: 0:26:25, Rate: 8.2 cps, Current: 56, 430
[09Apr2026 19:17:56.428] [Server thread/INFO] [net.minecraft.server.dedicated.DedicatedServer/]: [Chunky] Task running for minecraft:overworld. Processed: 3194 chunks (19.80%), ETA: 0:15:44, Rate: 13.7 cps, Current: 85, 430
[09Apr2026 19:17:57.461] [Server thread/INFO] [net.minecraft.server.dedicated.DedicatedServer/]: [Chunky] Task running for minecraft:overworld. Processed: 3396 chunks (21.06%), ETA: 0:12:19, Rate: 17.2 cps, Current: 63, 431
[09Apr2026 19:17:58.771] [Server thread/INFO] [net.minecraft.server.dedicated.DedicatedServer/]: [Chunky] Task running for minecraft:overworld. Processed: 3611 chunks (22.39%), ETA: 0:10:21, Rate: 20.2 cps, Current: 33, 432
[09Apr2026 19:17:59.195] [Worker-Main-1/WARN] [net.minecraft.entity.EntityType/]: Skipping Entity with id nuggets_dungeons_ii:air_golem
[09Apr2026 19:17:59.195] [Worker-Main-1/WARN] [net.minecraft.entity.EntityType/]: Skipping Entity with id nuggets_dungeons_ii:air_golem
[09Apr2026 19:17:59.195] [Worker-Main-1/WARN] [net.minecraft.entity.EntityType/]: Skipping Entity with id nuggets_dungeons_ii:air_golem
[09Apr2026 19:17:59.195] [Worker-Main-1/WARN] [net.minecraft.entity.EntityType/]: Skipping Entity with id nuggets_dungeons_ii:air_golem
[09Apr2026 19:17:59.808] [Server thread/INFO] [net.minecraft.server.dedicated.DedicatedServer/]: [Chunky] Task running for minecraft:overworld. Processed: 3659 chunks (22.69%), ETA: 0:08:46, Rate: 23.7 cps, Current: 31, 433
[09Apr2026 19:17:59.859] [Server thread/WARN] [twilightforest/]: Dropping inventory items previously held in reserve for player MS_484 (acf179dc-c25c-35b8-bbe9-f8080242aab4)
[09Apr2026 19:17:59.860] [Server thread/INFO] [net.minecraft.server.dedicated.DedicatedServer/]: MS_484 was slain by Aaron Mamaguevo
[09Apr2026 19:18:00.477] [Server thread/INFO] [com.teampotato.redirector.Redirector/]: Redirecting net/minecraft/entity/passive/IronGolemEntity$Cracks
[09Apr2026 19:18:00.827] [Server thread/INFO] [net.minecraft.server.dedicated.DedicatedServer/]: [Chunky] Task running for minecraft:overworld. Processed: 3871 chunks (24.00%), ETA: 0:08:11, Rate: 24.9 cps, Current: 60, 433
[09Apr2026 19:18:02.197] [Server thread/INFO] [net.minecraft.server.dedicated.DedicatedServer/]: [Chunky] Task running for minecraft:overworld. Processed: 3893 chunks (24.14%), ETA: 0:08:35, Rate: 23.7 cps, Current: 86, 433
[09Apr2026 19:18:03.509] [Server thread/WARN] [net.minecraft.server.MinecraftServer/]: Can't keep up! Is the server overloaded? Running 2128ms or 42 ticks behind
[09Apr2026 19:18:03.778] [Server thread/INFO] [net.minecraft.server.dedicated.DedicatedServer/]: [Chunky] Task running for minecraft:overworld. Processed: 4142 chunks (25.68%), ETA: 0:06:31, Rate: 30.6 cps, Current: 81, 434
[09Apr2026 19:18:04.789] [Server thread/INFO] [net.minecraft.server.dedicated.DedicatedServer/]: [Chunky] Task running for minecraft:overworld. Processed: 4177 chunks (25.90%), ETA: 0:05:50, Rate: 34.1 cps, Current: 42, 435
[09Apr2026 19:18:05.931] [Server thread/INFO] [net.minecraft.server.dedicated.DedicatedServer/]: [Chunky] Task running for minecraft:overworld. Processed: 4393 chunks (27.24%), ETA: 0:05:52, Rate: 33.3 cps, Current: 72, 435
[09Apr2026 19:18:06.995] [Server thread/INFO] [net.minecraft.server.dedicated.DedicatedServer/]: [Chunky] Task running for minecraft:overworld. Processed: 4411 chunks (27.35%), ETA: 0:06:26, Rate: 30.3 cps, Current: 90, 430
[09Apr2026 19:18:08.108] [Server thread/INFO] [net.minecraft.server.dedicated.DedicatedServer/]: [Chunky] Task running for minecraft:overworld. Processed: 4444 chunks (27.55%), ETA: 0:06:26, Rate: 30.3 cps, Current: 45, 436
[09Apr2026 19:18:09.987] [Server thread/INFO] [net.minecraft.server.dedicated.DedicatedServer/]: [Chunky] Task running for minecraft:overworld. Processed: 4637 chunks (28.75%), ETA: 0:07:53, Rate: 24.3 cps, Current: 48, 436
[09Apr2026 19:18:10.670] [Worker-Main-1/WARN] [net.minecraft.entity.EntityType/]: Skipping Entity with id nuggets_dungeons_ii:aetheric_sentry
[09Apr2026 19:18:10.670] [Worker-Main-1/WARN] [net.minecraft.entity.EntityType/]: Skipping Entity with id nuggets_dungeons_ii:aetheric_sentry
[09Apr2026 19:18:10.670] [Worker-Main-1/WARN] [net.minecraft.entity.EntityType/]: Skipping Entity with id nuggets_dungeons_ii:aetheric_sentry
[09Apr2026 19:18:10.670] [Worker-Main-1/WARN] [net.minecraft.entity.EntityType/]: Skipping Entity with id nuggets_dungeons_ii:aetheric_sentry
[09Apr2026 19:18:11.018] [Server thread/INFO] [net.minecraft.server.dedicated.DedicatedServer/]: [Chunky] Task running for minecraft:overworld. Processed: 4687 chunks (29.06%), ETA: 0:07:09, Rate: 26.6 cps, Current: 23, 431
[09Apr2026 19:18:12.199] [Server thread/INFO] [net.minecraft.server.dedicated.DedicatedServer/]: [Chunky] Task running for minecraft:overworld. Processed: 4914 chunks (30.47%), ETA: 0:08:07, Rate: 23.0 cps, Current: 51, 437
[09Apr2026 19:18:13.312] [Server thread/INFO] [net.minecraft.server.dedicated.DedicatedServer/]: [Chunky] Task running for minecraft:overworld. Processed: 4935 chunks (30.60%), ETA: 0:08:15, Rate: 22.6 cps, Current: 73, 437
[09Apr2026 19:18:14.432] [Server thread/INFO] [net.minecraft.server.dedicated.DedicatedServer/]: [Chunky] Task running for minecraft:overworld. Processed: 4957 chunks (30.73%), ETA: 0:08:07, Rate: 22.9 cps, Current: 92, 435
[09Apr2026 19:18:15.488] [Server thread/INFO] [net.minecraft.server.dedicated.DedicatedServer/]: [Chunky] Task running for minecraft:overworld. Processed: 4979 chunks (30.87%), ETA: 0:08:10, Rate: 22.7 cps, Current: 30, 438
[09Apr2026 19:18:15.754] [Worker-Main-2/WARN] [com.BrassAmber.ba_bt.worldGen.BTJigsawManager/]: Bound Top = 191  Position = BlockPos{x=1440, y=70, z=7168}
[09Apr2026 19:18:15.762] [Worker-Main-2/WARN] [com.BrassAmber.ba_bt.worldGen.BTJigsawManager/]: Bound Top = 70  Position = BlockPos{x=1418, y=76, z=7146}
[09Apr2026 19:18:15.763] [Worker-Main-2/WARN] [com.BrassAmber.ba_bt.worldGen.BTJigsawManager/]: Bound Top = 70  Position = BlockPos{x=1417, y=76, z=7155}
[09Apr2026 19:18:15.861] [Worker-Main-2/WARN] [com.BrassAmber.ba_bt.worldGen.BTJigsawManager/]: Bound Top = 191  Position = BlockPos{x=1437, y=87, z=7165}
[09Apr2026 19:18:15.862] [Worker-Main-2/WARN] [com.BrassAmber.ba_bt.worldGen.BTJigsawManager/]: Bound Top = 87  Position = BlockPos{x=1420, y=91, z=7158}
[09Apr2026 19:18:15.862] [Worker-Main-2/WARN] [com.BrassAmber.ba_bt.worldGen.BTJigsawManager/]: Bound Top = 87  Position = BlockPos{x=1415, y=88, z=7141}
[09Apr2026 19:18:15.863] [Worker-Main-2/WARN] [com.BrassAmber.ba_bt.worldGen.BTJigsawManager/]: Bound Top = 191  Position = BlockPos{x=1437, y=98, z=7165}
[09Apr2026 19:18:15.863] [Worker-Main-2/WARN] [com.BrassAmber.ba_bt.worldGen.BTJigsawManager/]: Bound Top = 191  Position = BlockPos{x=1437, y=109, z=7165}
[09Apr2026 19:18:15.864] [Worker-Main-2/WARN] [com.BrassAmber.ba_bt.worldGen.BTJigsawManager/]: Bound Top = 98  Position = BlockPos{x=1424, y=99, z=7161}
[09Apr2026 19:18:15.864] [Worker-Main-2/WARN] [com.BrassAmber.ba_bt.worldGen.BTJigsawManager/]: Bound Top = 98  Position = BlockPos{x=1423, y=99, z=7144}
[09Apr2026 19:18:15.865] [Worker-Main-2/WARN] [com.BrassAmber.ba_bt.worldGen.BTJigsawManager/]: Bound Top = 191  Position = BlockPos{x=1437, y=120, z=7165}
[09Apr2026 19:18:15.865] [Worker-Main-2/WARN] [com.BrassAmber.ba_bt.worldGen.BTJigsawManager/]: Bound Top = 109  Position = BlockPos{x=1429, y=115, z=7145}
[09Apr2026 19:18:15.866] [Worker-Main-2/WARN] [com.BrassAmber.ba_bt.worldGen.BTJigsawManager/]: Bound Top = 109  Position = BlockPos{x=1420, y=110, z=7151}
[09Apr2026 19:18:15.867] [Worker-Main-2/WARN] [com.BrassAmber.ba_bt.worldGen.BTJigsawManager/]: Bound Top = 191  Position = BlockPos{x=1437, y=131, z=7165}
[09Apr2026 19:18:15.867] [Worker-Main-2/WARN] [com.BrassAmber.ba_bt.worldGen.BTJigsawManager/]: Bound Top = 120  Position = BlockPos{x=1426, y=124, z=7144}
[09Apr2026 19:18:15.868] [Worker-Main-2/WARN] [com.BrassAmber.ba_bt.worldGen.BTJigsawManager/]: Bound Top = 120  Position = BlockPos{x=1431, y=121, z=7161}
[09Apr2026 19:18:15.869] [Worker-Main-2/WARN] [com.BrassAmber.ba_bt.worldGen.BTJigsawManager/]: Bound Top = 120  Position = BlockPos{x=1419, y=121, z=7144}
[09Apr2026 19:18:15.878] [Worker-Main-2/WARN] [com.BrassAmber.ba_bt.worldGen.BTJigsawManager/]: Bound Top = 191  Position = BlockPos{x=1437, y=142, z=7165}
[09Apr2026 19:18:15.879] [Worker-Main-2/WARN] [com.BrassAmber.ba_bt.worldGen.BTJigsawManager/]: Bound Top = 131  Position = BlockPos{x=1412, y=132, z=7153}
[09Apr2026 19:18:15.879] [Worker-Main-2/WARN] [com.BrassAmber.ba_bt.worldGen.BTJigsawManager/]: Bound Top = 131  Position = BlockPos{x=1423, y=132, z=7158}
[09Apr2026 19:18:15.880] [Worker-Main-2/WARN] [com.BrassAmber.ba_bt.worldGen.BTJigsawManager/]: Bound Top = 131  Position = BlockPos{x=1422, y=132, z=7141}
[09Apr2026 19:18:15.884] [Worker-Main-2/WARN] [com.BrassAmber.ba_bt.worldGen.BTJigsawManager/]: Bound Top = 191  Position = BlockPos{x=1438, y=153, z=7166}
[09Apr2026 19:18:15.885] [Worker-Main-2/WARN] [com.BrassAmber.ba_bt.worldGen.BTJigsawManager/]: Bound Top = 142  Position = BlockPos{x=1423, y=143, z=7144}
[09Apr2026 19:18:15.886] [Worker-Main-2/WARN] [com.BrassAmber.ba_bt.worldGen.BTJigsawManager/]: Bound Top = 142  Position = BlockPos{x=1424, y=143, z=7161}
[09Apr2026 19:18:15.887] [Worker-Main-2/WARN] [com.BrassAmber.ba_bt.worldGen.BTJigsawManager/]: Bound Top = 142  Position = BlockPos{x=1434, y=143, z=7149}
[09Apr2026 19:18:15.887] [Worker-Main-2/WARN] [com.BrassAmber.ba_bt.worldGen.BTJigsawManager/]: Bound Top = 153  Position = BlockPos{x=1420, y=157, z=7158}
[09Apr2026 19:18:15.888] [Worker-Main-2/WARN] [com.BrassAmber.ba_bt.worldGen.BTJigsawManager/]: Bound Top = 153  Position = BlockPos{x=1427, y=158, z=7157}
[09Apr2026 19:18:15.888] [Worker-Main-2/WARN] [com.BrassAmber.ba_bt.worldGen.BTJigsawManager/]: Bound Top = 153  Position = BlockPos{x=1427, y=154, z=7158}
[09Apr2026 19:18:15.890] [Worker-Main-2/WARN] [com.BrassAmber.ba_bt.worldGen.BTJigsawManager/]: Bound Top = 153  Position = BlockPos{x=1415, y=154, z=7141}
[09Apr2026 19:18:16.490] [Server thread/INFO] [net.minecraft.server.dedicated.DedicatedServer/]: [Chunky] Task running for minecraft:overworld. Processed: 4992 chunks (30.95%), ETA: 0:08:19, Rate: 22.3 cps, Current: 44, 438
[09Apr2026 19:18:17.547] [Server thread/INFO] [net.minecraft.server.dedicated.DedicatedServer/]: [Chunky] Task running for minecraft:overworld. Processed: 5199 chunks (32.23%), ETA: 0:08:39, Rate: 21.0 cps, Current: 54, 438
[09Apr2026 19:18:18.621] [Server thread/INFO] [net.minecraft.server.dedicated.DedicatedServer/]: [Chunky] Task running for minecraft:overworld. Processed: 5224 chunks (32.39%), ETA: 0:07:55, Rate: 22.9 cps, Current: 77, 438
[09Apr2026 19:18:19.628] [Server thread/INFO] [net.minecraft.server.dedicated.DedicatedServer/]: [Chunky] Task running for minecraft:overworld. Processed: 5251 chunks (32.56%), ETA: 0:07:46, Rate: 23.3 cps, Current: 21, 431
[09Apr2026 19:18:19.647] [Worker-Main-3/WARN] [net.minecraft.entity.EntityType/]: Skipping Entity with id nuggets_dungeons_ii:spider_broodmother_boss
[09Apr2026 19:18:20.698] [Server thread/INFO] [net.minecraft.server.dedicated.DedicatedServer/]: [Chunky] Task running for minecraft:overworld. Processed: 5282 chunks (32.75%), ETA: 0:08:55, Rate: 20.2 cps, Current: 44, 439
[09Apr2026 19:18:21.738] [Server thread/INFO] [net.minecraft.server.dedicated.DedicatedServer/]: [Chunky] Task running for minecraft:overworld. Processed: 5510 chunks (34.16%), ETA: 0:08:29, Rate: 20.9 cps, Current: 77, 439
[09Apr2026 19:18:22.456] [Worker-Main-2/WARN] [net.minecraft.entity.EntityType/]: Skipping Entity with id nuggets_dungeons_ii:ill
[09Apr2026 19:18:22.457] [Worker-Main-2/WARN] [net.minecraft.entity.EntityType/]: Skipping Entity with id nuggets_dungeons_ii:illager_scientist
[09Apr2026 19:18:22.457] [Worker-Main-2/WARN] [net.minecraft.entity.EntityType/]: Skipping Entity with id nuggets_dungeons_ii:illager_scientist
[09Apr2026 19:18:22.457] [Worker-Main-2/WARN] [net.minecraft.entity.EntityType/]: Skipping Entity with id nuggets_dungeons_ii:illager_scientist
[09Apr2026 19:18:22.457] [Worker-Main-2/WARN] [net.minecraft.entity.EntityType/]: Skipping Entity with id nuggets_dungeons_ii:ill
[09Apr2026 19:18:22.749] [Server thread/INFO] [net.minecraft.server.dedicated.DedicatedServer/]: [Chunky] Task running for minecraft:overworld. Processed: 5547 chunks (34.39%), ETA: 0:07:39, Rate: 23.1 cps, Current: 20, 430
[09Apr2026 19:18:23.548] [Worker-Main-3/ERROR] [net.minecraft.util.registry.SimpleRegistry/]: Adding duplicate value 'net.minecraft.world.gen.feature.jigsaw.JigsawPattern@4ba6cf08' to registry
[09Apr2026 19:18:23.548] [Worker-Main-3/WARN] [net.minecraft.world.gen.feature.jigsaw.JigsawManager/]: Empty or none existent pool: towers_of_the_wild:regular_bottom
[09Apr2026 19:18:23.799] [Server thread/INFO] [net.minecraft.server.dedicated.DedicatedServer/]: [Chunky] Task running for minecraft:overworld. Processed: 5585 chunks (34.63%), ETA: 0:07:10, Rate: 24.5 cps, Current: 50, 440
[09Apr2026 19:18:24.847] [Server thread/INFO] [net.minecraft.server.dedicated.DedicatedServer/]: [Chunky] Task running for minecraft:overworld. Processed: 5828 chunks (36.13%), ETA: 0:06:10, Rate: 27.8 cps, Current: 92, 440
[09Apr2026 19:18:25.525] [Server thread/WARN] [net.minecraft.server.MinecraftServer/]: Can't keep up! Is the server overloaded? Running 7045ms or 140 ticks behind
[09Apr2026 19:18:25.907] [Server thread/INFO] [net.minecraft.server.dedicated.DedicatedServer/]: [Chunky] Task running for minecraft:overworld. Processed: 5858 chunks (36.32%), ETA: 0:06:09, Rate: 27.8 cps, Current: 19, 441
[09Apr2026 19:18:26.921] [Server thread/INFO] [net.minecraft.server.dedicated.DedicatedServer/]: [Chunky] Task running for minecraft:overworld. Processed: 6102 chunks (37.83%), ETA: 0:05:23, Rate: 31.0 cps, Current: 58, 441
[09Apr2026 19:18:27.921] [Server thread/INFO] [net.minecraft.server.dedicated.DedicatedServer/]: [Chunky] Task running for minecraft:overworld. Processed: 6132 chunks (38.02%), ETA: 0:05:23, Rate: 30.9 cps, Current: 88, 441
[09Apr2026 19:18:28.412] [Worker-Main-3/WARN] [net.minecraft.entity.EntityType/]: Skipping Entity with id nuggets_dungeons_ii:iceman
[09Apr2026 19:18:28.413] [Worker-Main-3/WARN] [net.minecraft.entity.EntityType/]: Skipping Entity with id nuggets_dungeons_ii:iceman
[09Apr2026 19:18:28.413] [Worker-Main-3/WARN] [net.minecraft.entity.EntityType/]: Skipping Entity with id nuggets_dungeons_ii:iceman
[09Apr2026 19:18:28.414] [Worker-Main-3/WARN] [net.minecraft.entity.EntityType/]: Skipping Entity with id nuggets_dungeons_ii:iceman
[09Apr2026 19:18:28.414] [Worker-Main-3/WARN] [net.minecraft.entity.EntityType/]: Skipping Entity with id nuggets_dungeons_ii:iceman
[09Apr2026 19:18:29.030] [Server thread/INFO] [net.minecraft.server.dedicated.DedicatedServer/]: [Chunky] Task running for minecraft:overworld. Processed: 6163 chunks (38.21%), ETA: 0:05:13, Rate: 31.8 cps, Current: 18, 438
[09Apr2026 19:18:30.055] [Server thread/INFO] [net.minecraft.server.dedicated.DedicatedServer/]: [Chunky] Task running for minecraft:overworld. Processed: 6190 chunks (38.38%), ETA: 0:05:18, Rate: 31.2 cps, Current: 53, 442
[09Apr2026 19:18:32.055] [Server thread/INFO] [net.minecraft.server.dedicated.DedicatedServer/]: [Chunky] Task running for minecraft:overworld. Processed: 6440 chunks (39.93%), ETA: 0:05:35, Rate: 28.8 cps, Current: 80, 442
[09Apr2026 19:18:33.111] [Server thread/INFO] [net.minecraft.server.dedicated.DedicatedServer/]: [Chunky] Task running for minecraft:overworld. Processed: 6476 chunks (40.15%), ETA: 0:05:51, Rate: 27.5 cps, Current: 17, 439
[09Apr2026 19:18:33.148] [Worker-Main-1/WARN] [net.minecraft.entity.EntityType/]: Skipping Entity with id nuggets_dungeons_ii:snowrachnid
[09Apr2026 19:18:33.149] [Worker-Main-1/WARN] [net.minecraft.entity.EntityType/]: Skipping Entity with id nuggets_dungeons_ii:snowrachnid
[09Apr2026 19:18:33.149] [Worker-Main-1/WARN] [net.minecraft.entity.EntityType/]: Skipping Entity with id nuggets_dungeons_ii:snowrachnid
[09Apr2026 19:18:33.149] [Worker-Main-1/WARN] [net.minecraft.entity.EntityType/]: Skipping Entity with id nuggets_dungeons_ii:snowrachnid
[09Apr2026 19:18:33.394] [Worker-Main-2/INFO] [com.teampotato.redirector.Redirector/]: Redirecting net/minecraft/entity/passive/horse/CoatColors
[09Apr2026 19:18:33.399] [Worker-Main-2/INFO] [com.teampotato.redirector.Redirector/]: Redirecting net/minecraft/entity/passive/horse/CoatTypes
[09Apr2026 19:18:34.153] [Server thread/INFO] [net.minecraft.server.dedicated.DedicatedServer/]: [Chunky] Task running for minecraft:overworld. Processed: 6499 chunks (40.29%), ETA: 0:05:57, Rate: 26.9 cps, Current: 35, 443
[09Apr2026 19:18:35.254] [Server thread/INFO] [net.minecraft.server.dedicated.DedicatedServer/]: [Chunky] Task running for minecraft:overworld. Processed: 6746 chunks (41.83%), ETA: 0:06:00, Rate: 26.0 cps, Current: 65, 443
[09Apr2026 19:18:36.313] [Server thread/INFO] [net.minecraft.server.dedicated.DedicatedServer/]: [Chunky] Task running for minecraft:overworld. Processed: 6781 chunks (42.04%), ETA: 0:05:49, Rate: 26.8 cps, Current: 98, 441
[09Apr2026 19:18:37.357] [Server thread/INFO] [net.minecraft.server.dedicated.DedicatedServer/]: [Chunky] Task running for minecraft:overworld. Processed: 6810 chunks (42.22%), ETA: 0:06:01, Rate: 25.8 cps, Current: 18, 444
[09Apr2026 19:18:38.459] [Server thread/INFO] [net.minecraft.server.dedicated.DedicatedServer/]: [Chunky] Task running for minecraft:overworld. Processed: 6838 chunks (42.40%), ETA: 0:06:01, Rate: 25.7 cps, Current: 46, 444
[09Apr2026 19:18:39.477] [Server thread/INFO] [net.minecraft.server.dedicated.DedicatedServer/]: [Chunky] Task running for minecraft:overworld. Processed: 7104 chunks (44.04%), ETA: 0:05:19, Rate: 28.2 cps, Current: 90, 444
[09Apr2026 19:18:40.553] [Server thread/INFO] [net.minecraft.server.dedicated.DedicatedServer/]: [Chunky] Task running for minecraft:overworld. Processed: 7132 chunks (44.22%), ETA: 0:05:21, Rate: 28.0 cps, Current: 18, 445
[09Apr2026 19:18:41.556] [Server thread/INFO] [net.minecraft.server.dedicated.DedicatedServer/]: [Chunky] Task running for minecraft:overworld. Processed: 7162 chunks (44.40%), ETA: 0:05:08, Rate: 29.1 cps, Current: 34, 445
[09Apr2026 19:18:42.610] [Server thread/INFO] [net.minecraft.server.dedicated.DedicatedServer/]: [Chunky] Task running for minecraft:overworld. Processed: 7190 chunks (44.58%), ETA: 0:05:10, Rate: 28.8 cps, Current: 61, 445
[09Apr2026 19:18:43.724] [Server thread/INFO] [net.minecraft.server.dedicated.DedicatedServer/]: [Chunky] Task running for minecraft:overworld. Processed: 7456 chunks (46.23%), ETA: 0:04:37, Rate: 31.3 cps, Current: 100, 441
[09Apr2026 19:18:45.372] [Server thread/INFO] [net.minecraft.server.dedicated.DedicatedServer/]: [Chunky] Task running for minecraft:overworld. Processed: 7472 chunks (46.33%), ETA: 0:05:24, Rate: 26.7 cps, Current: 16, 446
[09Apr2026 19:18:46.386] [Server thread/INFO] [net.minecraft.server.dedicated.DedicatedServer/]: [Chunky] Task running for minecraft:overworld. Processed: 7493 chunks (46.46%), ETA: 0:05:31, Rate: 26.0 cps, Current: 47, 446
[09Apr2026 19:18:47.440] [Server thread/INFO] [net.minecraft.server.dedicated.DedicatedServer/]: [Chunky] Task running for minecraft:overworld. Processed: 7504 chunks (46.52%), ETA: 0:05:58, Rate: 24.1 cps, Current: 30, 446
[09Apr2026 19:18:48.516] [Server thread/INFO] [net.minecraft.server.dedicated.DedicatedServer/]: [Chunky] Task running for minecraft:overworld. Processed: 7523 chunks (46.64%), ETA: 0:06:08, Rate: 23.4 cps, Current: 51, 446
[09Apr2026 19:18:49.537] [Server thread/INFO] [net.minecraft.server.dedicated.DedicatedServer/]: [Chunky] Task running for minecraft:overworld. Processed: 7777 chunks (48.22%), ETA: 0:06:37, Rate: 21.0 cps, Current: 78, 446
[09Apr2026 19:18:50.670] [Server thread/INFO] [net.minecraft.server.dedicated.DedicatedServer/]: [Chunky] Task running for minecraft:overworld. Processed: 7801 chunks (48.37%), ETA: 0:06:35, Rate: 21.0 cps, Current: 101, 444
[09Apr2026 19:18:52.053] [Server thread/INFO] [net.minecraft.server.dedicated.DedicatedServer/]: [Chunky] Task running for minecraft:overworld. Processed: 7820 chunks (48.48%), ETA: 0:07:13, Rate: 19.2 cps, Current: 13, 433
[09Apr2026 19:18:53.086] [Server thread/INFO] [net.minecraft.server.dedicated.DedicatedServer/]: [Chunky] Task running for minecraft:overworld. Processed: 7829 chunks (48.54%), ETA: 0:07:38, Rate: 18.1 cps, Current: 13, 440
[09Apr2026 19:18:53.440] [Worker-Main-3/WARN] [net.minecraft.entity.EntityType/]: Skipping Entity with id nuggets_dungeons_ii:cryomancer
[09Apr2026 19:18:53.440] [Worker-Main-3/WARN] [net.minecraft.entity.EntityType/]: Skipping Entity with id nuggets_dungeons_ii:cryomancer
[09Apr2026 19:18:53.440] [Worker-Main-3/WARN] [net.minecraft.entity.EntityType/]: Skipping Entity with id nuggets_dungeons_ii:cryomancer
[09Apr2026 19:18:53.441] [Worker-Main-3/WARN] [net.minecraft.entity.EntityType/]: Skipping Entity with id nuggets_dungeons_ii:cryomancer
[09Apr2026 19:18:54.377] [Server thread/INFO] [net.minecraft.server.dedicated.DedicatedServer/]: [Chunky] Task running for minecraft:overworld. Processed: 7870 chunks (48.79%), ETA: 0:07:17, Rate: 18.9 cps, Current: 50, 447
[09Apr2026 19:18:55.396] [Server thread/INFO] [net.minecraft.server.dedicated.DedicatedServer/]: [Chunky] Task running for minecraft:overworld. Processed: 8134 chunks (50.43%), ETA: 0:06:38, Rate: 20.1 cps, Current: 78, 447
[09Apr2026 19:18:56.868] [Server thread/INFO] [net.minecraft.server.dedicated.DedicatedServer/]: [Chunky] Task running for minecraft:overworld. Processed: 8161 chunks (50.60%), ETA: 0:06:23, Rate: 20.8 cps, Current: 12, 432
[09Apr2026 19:18:57.917] [Server thread/INFO] [net.minecraft.server.dedicated.DedicatedServer/]: [Chunky] Task running for minecraft:overworld. Processed: 8186 chunks (50.75%), ETA: 0:06:16, Rate: 21.1 cps, Current: 12, 438
[09Apr2026 19:18:58.399] [Worker-Main-1/WARN] [net.minecraft.entity.EntityType/]: Skipping Entity with id nuggets_dungeons_ii:meteoron
[09Apr2026 19:18:58.401] [Worker-Main-1/WARN] [net.minecraft.entity.EntityType/]: Skipping Entity with id nuggets_dungeons_ii:meteoron
[09Apr2026 19:18:58.401] [Worker-Main-1/WARN] [net.minecraft.entity.EntityType/]: Skipping Entity with id nuggets_dungeons_ii:meteoron
[09Apr2026 19:18:58.401] [Worker-Main-1/WARN] [net.minecraft.entity.EntityType/]: Skipping Entity with id nuggets_dungeons_ii:meteoron
[09Apr2026 19:18:58.920] [Server thread/INFO] [net.minecraft.server.dedicated.DedicatedServer/]: [Chunky] Task running for minecraft:overworld. Processed: 8217 chunks (50.95%), ETA: 0:05:57, Rate: 22.2 cps, Current: 41, 448
[09Apr2026 19:18:59.968] [Server thread/INFO] [net.minecraft.server.dedicated.DedicatedServer/]: [Chunky] Task running for minecraft:overworld. Processed: 8226 chunks (51.00%), ETA: 0:06:18, Rate: 20.9 cps, Current: 59, 448
[09Apr2026 19:19:00.988] [Chunky-minecraft:overworld Thread/INFO] [net.minecraft.server.dedicated.DedicatedServer/]: [Chunky] Task running for minecraft:overworld. Processed: 8305 chunks (51.49%), ETA: 0:04:56, Rate: 26.4 cps, Current: 103, 376
[09Apr2026 19:19:02.011] [Server thread/INFO] [net.minecraft.server.dedicated.DedicatedServer/]: [Chunky] Task running for minecraft:overworld. Processed: 8492 chunks (52.65%), ETA: 0:04:35, Rate: 27.7 cps, Current: 101, 448
[09Apr2026 19:19:02.555] [Chunky-minecraft:overworld Thread/INFO] [net.minecraft.server.dedicated.DedicatedServer/]: [Chunky] Task stopped for minecraft:overworld.
[09Apr2026 19:19:11.803] [Server thread/INFO] [com.teampotato.redirector.Redirector/]: Redirecting tictim/paraglider/utils/StatueDialog$Case
[09Apr2026 19:19:11.807] [Server thread/INFO] [com.teampotato.redirector.Redirector/]: Redirecting tictim/paraglider/recipe/bargain/BargainResult$FailedReason
[09Apr2026 19:19:17.549] [Server thread/INFO] [net.minecraft.server.dedicated.DedicatedServer/]: MS_484 has made the advancement [Not Today, Thank You]
[09Apr2026 19:21:47.353] [Server thread/INFO] [net.minecraft.server.dedicated.DedicatedServer/]: <MS_484> zzzzzzzzzzzzzzzzzzzzzzz
[09Apr2026 19:22:11.054] [Server thread/INFO] [net.minecraft.server.dedicated.DedicatedServer/]: <MS_484> zzzzzzzzzzzzzzzzzzz
[09Apr2026 19:22:12.855] [Server thread/INFO] [net.minecraft.server.dedicated.DedicatedServer/]: <MS_484> zzzzzzzzzzzzzzzzzzzzzzzzzzzzzzzzzzz
[09Apr2026 19:22:15.004] [Server thread/INFO] [net.minecraft.server.dedicated.DedicatedServer/]: <MS_484> zzzzzzzzzzzzzzzzzzzzzzzzzzzzzzzzzzzzzzzzzzz
[09Apr2026 19:22:17.273] [Server thread/INFO] [net.minecraft.server.dedicated.DedicatedServer/]: <MS_484> zzzzzzzzzzzzzzzzzzzzzzzzzzzzzzzzzzzzzzzzzzzzzzzzz
[09Apr2026 19:22:19.408] [Server thread/INFO] [net.minecraft.server.dedicated.DedicatedServer/]: <MS_484> zzzzzzzzzzzzzzzzzzzzzzzzzzzzzzzzzzzzzzzzzz
[09Apr2026 19:22:21.303] [Server thread/INFO] [net.minecraft.server.dedicated.DedicatedServer/]: <MS_484> zzzzzzzzzzzzzzzzzzzzzzzzzzzzzzzzzz
[09Apr2026 19:22:23.460] [Server thread/INFO] [net.minecraft.server.dedicated.DedicatedServer/]: <MS_484> zzzzzzzzzzzzzzzzzzzzzzzzzzzzzzzzzzzzzzzzzz
[09Apr2026 19:28:14.993] [Server thread/WARN] [net.minecraft.network.play.ServerPlayNetHandler/]: MS_484 moved too quickly! -0.34969651473102203,-10.187349867097168,2.988235563750095
[09Apr2026 19:28:15.669] [Server thread/INFO] [net.minecraft.server.dedicated.DedicatedServer/]: MS_484 is bleeding...
[09Apr2026 19:28:15.669] [Server thread/WARN] [tombstone/]: The death event of the player MS_484 was canceled by another mod
[09Apr2026 19:28:15.700] [Server thread/INFO] [tombstone/]: The player MS_484 has successfully been saved
[09Apr2026 19:28:26.752] [Server thread/WARN] [twilightforest/]: Dropping inventory items previously held in reserve for player MS_484 (acf179dc-c25c-35b8-bbe9-f8080242aab4)
[09Apr2026 19:28:26.752] [Server thread/INFO] [net.minecraft.server.dedicated.DedicatedServer/]: MS_484 fell from a high place
[09Apr2026 19:30:27.491] [Server thread/INFO] [net.minecraft.entity.Entity/]: Villager VillagerEntity['Epstein'/33587, l='ServerLevel[Mundo nuevo]', x=287.24, y=139.00, z=6743.86] died, message: 'Epstein was slain by Ice Dragon'
[09Apr2026 19:30:36.460] [Server thread/INFO] [net.minecraft.entity.Entity/]: Villager VillagerEntity['Concaldo'/33586, l='ServerLevel[Mundo nuevo]', x=300.02, y=129.81, z=6734.61] died, message: 'Concaldo was turned to ice by Ice Dragon'
[09Apr2026 19:30:42.895] [Server thread/INFO] [net.minecraft.entity.Entity/]: Villager VillagerEntity['Giantiago Villacalvo'/33605, l='ServerLevel[Mundo nuevo]', x=304.37, y=127.57, z=6735.00] died, message: 'Giantiago Villacalvo was frozen by Ice Dragon'
[09Apr2026 19:30:52.143] [Server thread/INFO] [net.minecraft.server.dedicated.DedicatedServer/]: MS_484 is bleeding...
[09Apr2026 19:30:52.144] [Server thread/WARN] [tombstone/]: The death event of the player MS_484 was canceled by another mod
[09Apr2026 19:30:52.157] [Server thread/INFO] [tombstone/]: The player MS_484 has successfully been saved
[09Apr2026 19:30:58.006] [Server thread/WARN] [twilightforest/]: Dropping inventory items previously held in reserve for player MS_484 (acf179dc-c25c-35b8-bbe9-f8080242aab4)
[09Apr2026 19:30:58.006] [Server thread/INFO] [net.minecraft.server.dedicated.DedicatedServer/]: MS_484 was slain by Ice Dragon
[09Apr2026 19:30:59.724] [Server thread/INFO] [net.minecraft.entity.Entity/]: Villager VillagerEntity['Santiaga Pata'/33606, l='ServerLevel[Mundo nuevo]', x=266.93, y=146.50, z=6683.75] died, message: 'Santiaga Pata was slain by Ice Dragon'
[09Apr2026 19:31:41.174] [Worker-Main-3/WARN] [net.minecraft.entity.EntityType/]: Skipping Entity with id nuggets_dungeons_ii:frostrachnid
[09Apr2026 19:31:41.174] [Worker-Main-3/WARN] [net.minecraft.entity.EntityType/]: Skipping Entity with id nuggets_dungeons_ii:frostrachnid
[09Apr2026 19:31:41.174] [Worker-Main-3/WARN] [net.minecraft.entity.EntityType/]: Skipping Entity with id nuggets_dungeons_ii:frostrachnid
[09Apr2026 19:33:45.092] [Server thread/INFO] [net.minecraft.server.dedicated.DedicatedServer/]: MS_484 is bleeding...
[09Apr2026 19:33:45.092] [Server thread/WARN] [tombstone/]: The death event of the player MS_484 was canceled by another mod
[09Apr2026 19:33:45.096] [Server thread/INFO] [tombstone/]: The player MS_484 has successfully been saved
[09Apr2026 19:33:51.597] [Server thread/WARN] [twilightforest/]: Dropping inventory items previously held in reserve for player MS_484 (acf179dc-c25c-35b8-bbe9-f8080242aab4)
[09Apr2026 19:33:51.597] [Server thread/INFO] [net.minecraft.server.dedicated.DedicatedServer/]: MS_484 was shot by Skeleton
[09Apr2026 19:34:23.047] [Server thread/INFO] [net.minecraft.server.dedicated.DedicatedServer/]: MS_484 is bleeding...
[09Apr2026 19:34:23.047] [Server thread/WARN] [tombstone/]: The death event of the player MS_484 was canceled by another mod
[09Apr2026 19:34:23.048] [Server thread/INFO] [tombstone/]: The player MS_484 has successfully been saved
[09Apr2026 19:34:28.595] [Server thread/WARN] [twilightforest/]: Dropping inventory items previously held in reserve for player MS_484 (acf179dc-c25c-35b8-bbe9-f8080242aab4)
[09Apr2026 19:34:28.596] [Server thread/INFO] [net.minecraft.server.dedicated.DedicatedServer/]: MS_484 has reached the goal [Chain Death]
[09Apr2026 19:34:28.596] [Server thread/INFO] [net.minecraft.server.dedicated.DedicatedServer/]: MS_484 fell from a high place
[09Apr2026 19:35:19.585] [Server thread/INFO] [net.minecraft.server.dedicated.DedicatedServer/]: Goj0 has made the advancement [Ice Bucket Challenge]
[09Apr2026 19:35:55.449] [Server thread/WARN] [net.minecraft.server.MinecraftServer/]: Can't keep up! Is the server overloaded? Running 3768ms or 75 ticks behind
[09Apr2026 19:36:43.949] [Server thread/INFO] [com.teampotato.redirector.Redirector/]: Redirecting ovh/corail/tombstone/network/SMessageUpgradePerk$SyncType
[09Apr2026 19:36:43.958] [Server thread/INFO] [net.minecraft.server.dedicated.DedicatedServer/]: MS_484 has made the advancement [Knowledge raises the soul]
[09Apr2026 19:37:44.325] [Server thread/WARN] [net.minecraft.world.server.ServerWorld/]: Trying to add entity with duplicated UUID c839d282-53d2-4673-9e46-4d5ab7754648. Existing iceandfire:ice_dragon#33631, new: iceandfire:ice_dragon#33631
[09Apr2026 19:37:44.325] [Server thread/WARN] [net.minecraft.world.server.ServerWorld/]: Trying to add entity with duplicated UUID 5c2fccea-15f8-47c9-9d07-9a3b447d39f9. Existing iceandfire:dragon_multipart#33887, new: iceandfire:dragon_multipart#33887
[09Apr2026 19:37:44.325] [Server thread/WARN] [net.minecraft.world.server.ServerWorld/]: Trying to add entity with duplicated UUID daad9973-bb4a-494c-8c15-607bf94a0d4b. Existing iceandfire:dragon_multipart#33888, new: iceandfire:dragon_multipart#33888
[09Apr2026 19:37:44.325] [Server thread/WARN] [net.minecraft.world.server.ServerWorld/]: Trying to add entity with duplicated UUID 3a169633-05a8-4f5e-8e00-060081505165. Existing iceandfire:dragon_multipart#33889, new: iceandfire:dragon_multipart#33889
[09Apr2026 19:37:44.325] [Server thread/WARN] [net.minecraft.world.server.ServerWorld/]: Trying to add entity with duplicated UUID e12160e3-9fb0-4daf-92a3-314c8e3c95be. Existing iceandfire:dragon_multipart#33890, new: iceandfire:dragon_multipart#33890
[09Apr2026 19:37:44.325] [Server thread/WARN] [net.minecraft.world.server.ServerWorld/]: Trying to add entity with duplicated UUID 664781f0-fbd1-4b54-a857-127755b6688b. Existing iceandfire:dragon_multipart#33891, new: iceandfire:dragon_multipart#33891
[09Apr2026 19:37:44.325] [Server thread/WARN] [net.minecraft.world.server.ServerWorld/]: Trying to add entity with duplicated UUID c5d6be16-18e7-4340-a5e5-b64b3f2e4296. Existing iceandfire:dragon_multipart#33892, new: iceandfire:dragon_multipart#33892
[09Apr2026 19:37:44.325] [Server thread/WARN] [net.minecraft.world.server.ServerWorld/]: Trying to add entity with duplicated UUID cba2fee3-daaf-4e01-b7cf-26573580cc30. Existing iceandfire:dragon_multipart#33893, new: iceandfire:dragon_multipart#33893
[09Apr2026 19:37:44.326] [Server thread/WARN] [net.minecraft.world.server.ServerWorld/]: Trying to add entity with duplicated UUID b47b9ed2-e8ba-487d-a785-2422ad7fb3d5. Existing iceandfire:dragon_multipart#33894, new: iceandfire:dragon_multipart#33894
[09Apr2026 19:37:44.326] [Server thread/WARN] [net.minecraft.world.server.ServerWorld/]: Trying to add entity with duplicated UUID cabc6247-5702-4691-9acc-c8e81545185c. Existing iceandfire:dragon_multipart#33895, new: iceandfire:dragon_multipart#33895
[09Apr2026 19:37:44.326] [Server thread/WARN] [net.minecraft.world.server.ServerWorld/]: Trying to add entity with duplicated UUID 3127a86b-bb97-409f-ad26-20a3ac79c0d2. Existing iceandfire:dragon_multipart#33896, new: iceandfire:dragon_multipart#33896
[09Apr2026 19:37:44.852] [Server thread/INFO] [net.minecraft.server.dedicated.DedicatedServer/]: MS_484 is bleeding...
[09Apr2026 19:37:44.852] [Server thread/WARN] [tombstone/]: The death event of the player MS_484 was canceled by another mod
[09Apr2026 19:37:44.853] [Server thread/INFO] [tombstone/]: The player MS_484 has successfully been saved
[09Apr2026 19:37:50.001] [Server thread/WARN] [twilightforest/]: Dropping inventory items previously held in reserve for player MS_484 (acf179dc-c25c-35b8-bbe9-f8080242aab4)
[09Apr2026 19:37:50.001] [Server thread/INFO] [net.minecraft.server.dedicated.DedicatedServer/]: MS_484 was doomed to fall by Skeleton
[09Apr2026 19:38:03.496] [Server thread/INFO] [net.minecraft.network.play.ServerPlayNetHandler/]: MS_484 lost connection: Disconnected
[09Apr2026 19:38:03.496] [Server thread/INFO] [net.minecraft.server.dedicated.DedicatedServer/]: MS_484 left the game
[09Apr2026 19:38:10.152] [Server thread/INFO] [net.minecraft.server.dedicated.DedicatedServer/]: Goj0 is bleeding...
[09Apr2026 19:38:10.152] [Server thread/WARN] [tombstone/]: The death event of the player Goj0 was canceled by another mod
[09Apr2026 19:38:10.163] [Server thread/INFO] [tombstone/]: The player Goj0 has successfully been saved
[09Apr2026 19:38:10.302] [Server thread/WARN] [net.minecraft.world.TrackedEntity/]: Fetching packet for removed entity ItemEntity['Diorite'/41583, l='ServerLevel[Mundo nuevo]', x=131.43, y=102.73, z=6704.41]
[09Apr2026 19:38:10.302] [Server thread/WARN] [net.minecraft.world.TrackedEntity/]: Fetching packet for removed entity ItemEntity['Coal'/41584, l='ServerLevel[Mundo nuevo]', x=132.41, y=106.48, z=6708.34]
[09Apr2026 19:38:10.302] [Server thread/WARN] [net.minecraft.world.TrackedEntity/]: Fetching packet for removed entity ItemEntity['Diorite'/41585, l='ServerLevel[Mundo nuevo]', x=128.57, y=103.32, z=6708.61]
[09Apr2026 19:38:10.302] [Server thread/WARN] [net.minecraft.world.TrackedEntity/]: Fetching packet for removed entity ItemEntity['Diorite'/41586, l='ServerLevel[Mundo nuevo]', x=127.62, y=102.73, z=6706.58]
[09Apr2026 19:38:13.595] [Server thread/WARN] [net.minecraft.world.TrackedEntity/]: Fetching packet for removed entity ItemEntity['Air'/41606, l='ServerLevel[Mundo nuevo]', x=133.49, y=103.40, z=6701.33]
[09Apr2026 19:38:16.595] [Server thread/WARN] [twilightforest/]: Dropping inventory items previously held in reserve for player Goj0 (38c49b64-4c4f-3860-9cc7-470580cdccc6)
[09Apr2026 19:38:16.596] [Server thread/INFO] [net.minecraft.server.dedicated.DedicatedServer/]: Goj0 was blown up by Skeleton
[09Apr2026 19:38:18.313] [Netty Epoll Server IO #2/ERROR] [net.minecraft.command.arguments.ArgumentTypes/]: Could not serialize cpw.mods.inventorysorter.InventorySorterCommand$ContainerClassArgument@68c95d05 (class cpw.mods.inventorysorter.InventorySorterCommand$ContainerClassArgument) - will not be sent to client!
[09Apr2026 19:38:18.313] [Netty Epoll Server IO #2/ERROR] [net.minecraft.command.arguments.ArgumentTypes/]: Could not serialize cpw.mods.inventorysorter.InventorySorterCommand$ContainerClassArgument@5784275 (class cpw.mods.inventorysorter.InventorySorterCommand$ContainerClassArgument) - will not be sent to client!
[09Apr2026 19:41:35.352] [Server thread/INFO] [naturescompass/]: Starting search: 64 sample space, 50000 max samples, 10000 max radius
[09Apr2026 19:41:35.771] [Server thread/INFO] [naturescompass/]: Search failed: 10002 radius, 24532 samples
[09Apr2026 19:41:48.449] [Server thread/INFO] [naturescompass/]: Starting search: 64 sample space, 50000 max samples, 10000 max radius
[09Apr2026 19:41:48.574] [Server thread/INFO] [naturescompass/]: Search succeeded: 3125 radius, 3252 samples
[09Apr2026 19:42:08.613] [Server thread/INFO] [naturescompass/]: Starting search: 64 sample space, 50000 max samples, 10000 max radius
[09Apr2026 19:42:08.812] [Server thread/INFO] [naturescompass/]: Search succeeded: 5223 radius, 12300 samples
[09Apr2026 19:46:21.337] [Server thread/INFO] [net.minecraft.server.dedicated.DedicatedServer/]: Goj0 is bleeding...
[09Apr2026 19:46:21.337] [Server thread/WARN] [tombstone/]: The death event of the player Goj0 was canceled by another mod
[09Apr2026 19:46:21.348] [Server thread/INFO] [tombstone/]: The player Goj0 has successfully been saved
[09Apr2026 19:46:26.449] [Server thread/WARN] [twilightforest/]: Dropping inventory items previously held in reserve for player Goj0 (38c49b64-4c4f-3860-9cc7-470580cdccc6)
[09Apr2026 19:46:26.449] [Server thread/INFO] [net.minecraft.server.dedicated.DedicatedServer/]: Goj0 was turned to ice by Ice Dragon
[09Apr2026 19:46:28.292] [Netty Epoll Server IO #2/ERROR] [net.minecraft.command.arguments.ArgumentTypes/]: Could not serialize cpw.mods.inventorysorter.InventorySorterCommand$ContainerClassArgument@68c95d05 (class cpw.mods.inventorysorter.InventorySorterCommand$ContainerClassArgument) - will not be sent to client!
[09Apr2026 19:46:28.292] [Netty Epoll Server IO #2/ERROR] [net.minecraft.command.arguments.ArgumentTypes/]: Could not serialize cpw.mods.inventorysorter.InventorySorterCommand$ContainerClassArgument@5784275 (class cpw.mods.inventorysorter.InventorySorterCommand$ContainerClassArgument) - will not be sent to client!
[09Apr2026 19:46:43.938] [Server thread/INFO] [net.minecraft.server.dedicated.DedicatedServer/]: Goj0 is bleeding...
[09Apr2026 19:46:43.938] [Server thread/WARN] [tombstone/]: The death event of the player Goj0 was canceled by another mod
[09Apr2026 19:46:43.947] [Server thread/INFO] [tombstone/]: The player Goj0 has successfully been saved
[09Apr2026 19:46:48.867] [Server thread/WARN] [twilightforest/]: Dropping inventory items previously held in reserve for player Goj0 (38c49b64-4c4f-3860-9cc7-470580cdccc6)
[09Apr2026 19:46:48.867] [Server thread/INFO] [net.minecraft.server.dedicated.DedicatedServer/]: Goj0 was slain by Ice Dragon
[09Apr2026 19:46:50.398] [Netty Epoll Server IO #2/ERROR] [net.minecraft.command.arguments.ArgumentTypes/]: Could not serialize cpw.mods.inventorysorter.InventorySorterCommand$ContainerClassArgument@68c95d05 (class cpw.mods.inventorysorter.InventorySorterCommand$ContainerClassArgument) - will not be sent to client!
[09Apr2026 19:46:50.398] [Netty Epoll Server IO #2/ERROR] [net.minecraft.command.arguments.ArgumentTypes/]: Could not serialize cpw.mods.inventorysorter.InventorySorterCommand$ContainerClassArgument@5784275 (class cpw.mods.inventorysorter.InventorySorterCommand$ContainerClassArgument) - will not be sent to client!
[09Apr2026 19:47:00.188] [Server thread/INFO] [net.minecraft.server.dedicated.DedicatedServer/]: Goj0 is bleeding...
[09Apr2026 19:47:00.188] [Server thread/WARN] [tombstone/]: The death event of the player Goj0 was canceled by another mod
[09Apr2026 19:47:00.197] [Server thread/INFO] [tombstone/]: The player Goj0 has successfully been saved
[09Apr2026 19:47:08.319] [Server thread/WARN] [twilightforest/]: Dropping inventory items previously held in reserve for player Goj0 (38c49b64-4c4f-3860-9cc7-470580cdccc6)
[09Apr2026 19:47:08.319] [Server thread/INFO] [net.minecraft.server.dedicated.DedicatedServer/]: Goj0 was frozen by Ice Dragon
[09Apr2026 19:47:09.726] [Netty Epoll Server IO #2/ERROR] [net.minecraft.command.arguments.ArgumentTypes/]: Could not serialize cpw.mods.inventorysorter.InventorySorterCommand$ContainerClassArgument@68c95d05 (class cpw.mods.inventorysorter.InventorySorterCommand$ContainerClassArgument) - will not be sent to client!
[09Apr2026 19:47:09.726] [Netty Epoll Server IO #2/ERROR] [net.minecraft.command.arguments.ArgumentTypes/]: Could not serialize cpw.mods.inventorysorter.InventorySorterCommand$ContainerClassArgument@5784275 (class cpw.mods.inventorysorter.InventorySorterCommand$ContainerClassArgument) - will not be sent to client!
[09Apr2026 19:47:25.839] [Server thread/INFO] [net.minecraft.server.dedicated.DedicatedServer/]: Goj0 is bleeding...
[09Apr2026 19:47:25.839] [Server thread/WARN] [tombstone/]: The death event of the player Goj0 was canceled by another mod
[09Apr2026 19:47:25.850] [Server thread/INFO] [tombstone/]: The player Goj0 has successfully been saved
[09Apr2026 19:47:30.747] [Server thread/WARN] [twilightforest/]: Dropping inventory items previously held in reserve for player Goj0 (38c49b64-4c4f-3860-9cc7-470580cdccc6)
[09Apr2026 19:47:30.748] [Server thread/INFO] [net.minecraft.server.dedicated.DedicatedServer/]: Goj0 was turned to ice by Ice Dragon
[09Apr2026 19:47:32.071] [Netty Epoll Server IO #2/ERROR] [net.minecraft.command.arguments.ArgumentTypes/]: Could not serialize cpw.mods.inventorysorter.InventorySorterCommand$ContainerClassArgument@68c95d05 (class cpw.mods.inventorysorter.InventorySorterCommand$ContainerClassArgument) - will not be sent to client!
[09Apr2026 19:47:32.071] [Netty Epoll Server IO #2/ERROR] [net.minecraft.command.arguments.ArgumentTypes/]: Could not serialize cpw.mods.inventorysorter.InventorySorterCommand$ContainerClassArgument@5784275 (class cpw.mods.inventorysorter.InventorySorterCommand$ContainerClassArgument) - will not be sent to client!
[09Apr2026 19:47:42.387] [Server thread/INFO] [net.minecraft.server.dedicated.DedicatedServer/]: Goj0 is bleeding...
[09Apr2026 19:47:42.387] [Server thread/WARN] [tombstone/]: The death event of the player Goj0 was canceled by another mod
[09Apr2026 19:47:42.399] [Server thread/INFO] [tombstone/]: The player Goj0 has successfully been saved
[09Apr2026 19:47:47.504] [Server thread/WARN] [twilightforest/]: Dropping inventory items previously held in reserve for player Goj0 (38c49b64-4c4f-3860-9cc7-470580cdccc6)
[09Apr2026 19:47:47.505] [Server thread/INFO] [net.minecraft.server.dedicated.DedicatedServer/]: Goj0 was frozen by Ice Dragon
[09Apr2026 19:47:48.824] [Netty Epoll Server IO #2/ERROR] [net.minecraft.command.arguments.ArgumentTypes/]: Could not serialize cpw.mods.inventorysorter.InventorySorterCommand$ContainerClassArgument@68c95d05 (class cpw.mods.inventorysorter.InventorySorterCommand$ContainerClassArgument) - will not be sent to client!
[09Apr2026 19:47:48.824] [Netty Epoll Server IO #2/ERROR] [net.minecraft.command.arguments.ArgumentTypes/]: Could not serialize cpw.mods.inventorysorter.InventorySorterCommand$ContainerClassArgument@5784275 (class cpw.mods.inventorysorter.InventorySorterCommand$ContainerClassArgument) - will not be sent to client!
[09Apr2026 19:48:00.590] [Server thread/INFO] [net.minecraft.server.dedicated.DedicatedServer/]: Goj0 is bleeding...
[09Apr2026 19:48:00.590] [Server thread/WARN] [tombstone/]: The death event of the player Goj0 was canceled by another mod
[09Apr2026 19:48:00.604] [Server thread/INFO] [tombstone/]: The player Goj0 has successfully been saved
[09Apr2026 19:48:06.253] [Server thread/WARN] [twilightforest/]: Dropping inventory items previously held in reserve for player Goj0 (38c49b64-4c4f-3860-9cc7-470580cdccc6)
[09Apr2026 19:48:06.253] [Server thread/INFO] [net.minecraft.server.dedicated.DedicatedServer/]: Goj0 was frozen by Ice Dragon
[09Apr2026 19:48:09.760] [Netty Epoll Server IO #2/ERROR] [net.minecraft.command.arguments.ArgumentTypes/]: Could not serialize cpw.mods.inventorysorter.InventorySorterCommand$ContainerClassArgument@68c95d05 (class cpw.mods.inventorysorter.InventorySorterCommand$ContainerClassArgument) - will not be sent to client!
[09Apr2026 19:48:09.760] [Netty Epoll Server IO #2/ERROR] [net.minecraft.command.arguments.ArgumentTypes/]: Could not serialize cpw.mods.inventorysorter.InventorySorterCommand$ContainerClassArgument@5784275 (class cpw.mods.inventorysorter.InventorySorterCommand$ContainerClassArgument) - will not be sent to client!
[09Apr2026 19:48:39.244] [Server thread/INFO] [net.minecraft.server.dedicated.DedicatedServer/]: Goj0 is bleeding...
[09Apr2026 19:48:39.244] [Server thread/WARN] [tombstone/]: The death event of the player Goj0 was canceled by another mod
[09Apr2026 19:48:39.257] [Server thread/INFO] [tombstone/]: The player Goj0 has successfully been saved
[09Apr2026 19:48:44.701] [Server thread/WARN] [twilightforest/]: Dropping inventory items previously held in reserve for player Goj0 (38c49b64-4c4f-3860-9cc7-470580cdccc6)
[09Apr2026 19:48:44.701] [Server thread/INFO] [net.minecraft.server.dedicated.DedicatedServer/]: Goj0 was slain by Ice Dragon
[09Apr2026 19:48:46.361] [Netty Epoll Server IO #2/ERROR] [net.minecraft.command.arguments.ArgumentTypes/]: Could not serialize cpw.mods.inventorysorter.InventorySorterCommand$ContainerClassArgument@68c95d05 (class cpw.mods.inventorysorter.InventorySorterCommand$ContainerClassArgument) - will not be sent to client!
[09Apr2026 19:48:46.361] [Netty Epoll Server IO #2/ERROR] [net.minecraft.command.arguments.ArgumentTypes/]: Could not serialize cpw.mods.inventorysorter.InventorySorterCommand$ContainerClassArgument@5784275 (class cpw.mods.inventorysorter.InventorySorterCommand$ContainerClassArgument) - will not be sent to client!
[09Apr2026 19:48:57.594] [Server thread/INFO] [net.minecraft.server.dedicated.DedicatedServer/]: Goj0 is bleeding...
[09Apr2026 19:48:57.594] [Server thread/WARN] [tombstone/]: The death event of the player Goj0 was canceled by another mod
[09Apr2026 19:48:57.601] [Server thread/INFO] [tombstone/]: The player Goj0 has successfully been saved
[09Apr2026 19:49:10.206] [Server thread/WARN] [twilightforest/]: Dropping inventory items previously held in reserve for player Goj0 (38c49b64-4c4f-3860-9cc7-470580cdccc6)
[09Apr2026 19:49:10.207] [Server thread/INFO] [net.minecraft.server.dedicated.DedicatedServer/]: Goj0 was frozen by Ice Dragon
[09Apr2026 19:49:11.664] [Netty Epoll Server IO #2/ERROR] [net.minecraft.command.arguments.ArgumentTypes/]: Could not serialize cpw.mods.inventorysorter.InventorySorterCommand$ContainerClassArgument@68c95d05 (class cpw.mods.inventorysorter.InventorySorterCommand$ContainerClassArgument) - will not be sent to client!
[09Apr2026 19:49:11.664] [Netty Epoll Server IO #2/ERROR] [net.minecraft.command.arguments.ArgumentTypes/]: Could not serialize cpw.mods.inventorysorter.InventorySorterCommand$ContainerClassArgument@5784275 (class cpw.mods.inventorysorter.InventorySorterCommand$ContainerClassArgument) - will not be sent to client!
[09Apr2026 19:49:22.591] [Server thread/INFO] [net.minecraft.server.dedicated.DedicatedServer/]: Goj0 is bleeding...
[09Apr2026 19:49:22.592] [Server thread/WARN] [tombstone/]: The death event of the player Goj0 was canceled by another mod
[09Apr2026 19:49:22.600] [Server thread/INFO] [tombstone/]: The player Goj0 has successfully been saved
[09Apr2026 19:49:27.710] [Server thread/WARN] [twilightforest/]: Dropping inventory items previously held in reserve for player Goj0 (38c49b64-4c4f-3860-9cc7-470580cdccc6)
[09Apr2026 19:49:27.711] [Server thread/INFO] [net.minecraft.server.dedicated.DedicatedServer/]: Goj0 was frozen by Ice Dragon
[09Apr2026 19:49:29.260] [Netty Epoll Server IO #2/ERROR] [net.minecraft.command.arguments.ArgumentTypes/]: Could not serialize cpw.mods.inventorysorter.InventorySorterCommand$ContainerClassArgument@68c95d05 (class cpw.mods.inventorysorter.InventorySorterCommand$ContainerClassArgument) - will not be sent to client!
[09Apr2026 19:49:29.260] [Netty Epoll Server IO #2/ERROR] [net.minecraft.command.arguments.ArgumentTypes/]: Could not serialize cpw.mods.inventorysorter.InventorySorterCommand$ContainerClassArgument@5784275 (class cpw.mods.inventorysorter.InventorySorterCommand$ContainerClassArgument) - will not be sent to client!
[09Apr2026 19:49:37.142] [Server thread/INFO] [net.minecraft.server.dedicated.DedicatedServer/]: Goj0 is bleeding...
[09Apr2026 19:49:37.143] [Server thread/WARN] [tombstone/]: The death event of the player Goj0 was canceled by another mod
[09Apr2026 19:49:37.160] [Server thread/INFO] [tombstone/]: The player Goj0 has successfully been saved
[09Apr2026 19:49:43.161] [Server thread/WARN] [twilightforest/]: Dropping inventory items previously held in reserve for player Goj0 (38c49b64-4c4f-3860-9cc7-470580cdccc6)
[09Apr2026 19:49:43.162] [Server thread/INFO] [net.minecraft.server.dedicated.DedicatedServer/]: Goj0 was slain by Ice Dragon
[09Apr2026 19:49:44.472] [Netty Epoll Server IO #2/ERROR] [net.minecraft.command.arguments.ArgumentTypes/]: Could not serialize cpw.mods.inventorysorter.InventorySorterCommand$ContainerClassArgument@68c95d05 (class cpw.mods.inventorysorter.InventorySorterCommand$ContainerClassArgument) - will not be sent to client!
[09Apr2026 19:49:44.472] [Netty Epoll Server IO #2/ERROR] [net.minecraft.command.arguments.ArgumentTypes/]: Could not serialize cpw.mods.inventorysorter.InventorySorterCommand$ContainerClassArgument@5784275 (class cpw.mods.inventorysorter.InventorySorterCommand$ContainerClassArgument) - will not be sent to client!
[09Apr2026 19:49:53.243] [Server thread/INFO] [net.minecraft.server.dedicated.DedicatedServer/]: Goj0 is bleeding...
[09Apr2026 19:49:53.243] [Server thread/WARN] [tombstone/]: The death event of the player Goj0 was canceled by another mod
[09Apr2026 19:49:53.250] [Server thread/INFO] [tombstone/]: The player Goj0 has successfully been saved
[09Apr2026 19:49:58.774] [Server thread/WARN] [twilightforest/]: Dropping inventory items previously held in reserve for player Goj0 (38c49b64-4c4f-3860-9cc7-470580cdccc6)
[09Apr2026 19:49:58.775] [Server thread/INFO] [net.minecraft.server.dedicated.DedicatedServer/]: Goj0 was turned to ice by Ice Dragon
[09Apr2026 19:50:00.081] [Netty Epoll Server IO #2/ERROR] [net.minecraft.command.arguments.ArgumentTypes/]: Could not serialize cpw.mods.inventorysorter.InventorySorterCommand$ContainerClassArgument@68c95d05 (class cpw.mods.inventorysorter.InventorySorterCommand$ContainerClassArgument) - will not be sent to client!
[09Apr2026 19:50:00.082] [Netty Epoll Server IO #2/ERROR] [net.minecraft.command.arguments.ArgumentTypes/]: Could not serialize cpw.mods.inventorysorter.InventorySorterCommand$ContainerClassArgument@5784275 (class cpw.mods.inventorysorter.InventorySorterCommand$ContainerClassArgument) - will not be sent to client!
[09Apr2026 19:50:12.043] [Server thread/INFO] [net.minecraft.server.dedicated.DedicatedServer/]: Goj0 is bleeding...
[09Apr2026 19:50:12.043] [Server thread/WARN] [tombstone/]: The death event of the player Goj0 was canceled by another mod
[09Apr2026 19:50:12.050] [Server thread/INFO] [tombstone/]: The player Goj0 has successfully been saved
[09Apr2026 19:50:25.269] [Server thread/WARN] [twilightforest/]: Dropping inventory items previously held in reserve for player Goj0 (38c49b64-4c4f-3860-9cc7-470580cdccc6)
[09Apr2026 19:50:25.269] [Server thread/INFO] [net.minecraft.server.dedicated.DedicatedServer/]: Goj0 was slain by Ice Dragon
[09Apr2026 19:50:27.290] [Netty Epoll Server IO #2/ERROR] [net.minecraft.command.arguments.ArgumentTypes/]: Could not serialize cpw.mods.inventorysorter.InventorySorterCommand$ContainerClassArgument@68c95d05 (class cpw.mods.inventorysorter.InventorySorterCommand$ContainerClassArgument) - will not be sent to client!
[09Apr2026 19:50:27.290] [Netty Epoll Server IO #2/ERROR] [net.minecraft.command.arguments.ArgumentTypes/]: Could not serialize cpw.mods.inventorysorter.InventorySorterCommand$ContainerClassArgument@5784275 (class cpw.mods.inventorysorter.InventorySorterCommand$ContainerClassArgument) - will not be sent to client!
[09Apr2026 19:52:02.548] [Server thread/WARN] [net.minecraft.world.server.ServerWorld/]: Trying to add entity with duplicated UUID 04905904-a051-4648-b57b-23dfaea57263. Existing iceandfire:dragon_multipart#59014, new: iceandfire:dragon_multipart#59014
[09Apr2026 19:52:16.307] [Server thread/INFO] [net.minecraft.server.dedicated.DedicatedServer/]: Goj0 has made the advancement [Alligator In Name Only]
[09Apr2026 19:52:37.805] [Server thread/WARN] [com.ferreusveritas.dynamictrees.trees.Species/]: Block Block{dtbop:dying_leaves} not valid leaves for Species{registryName=dtbop:dead}.
[09Apr2026 19:52:37.805] [Server thread/WARN] [com.ferreusveritas.dynamictrees.trees.Species/]: Block Block{dtbop:dying_leaves} not valid leaves for Species{registryName=dtbop:dead}.
[09Apr2026 19:52:37.805] [Server thread/WARN] [com.ferreusveritas.dynamictrees.trees.Species/]: Block Block{dtbop:dying_leaves} not valid leaves for Species{registryName=dtbop:dead}.
[09Apr2026 19:52:37.806] [Server thread/WARN] [com.ferreusveritas.dynamictrees.trees.Species/]: Block Block{dtbop:dying_leaves} not valid leaves for Species{registryName=dtbop:dead}.
[09Apr2026 19:54:32.849] [Server thread/INFO] [net.minecraft.server.dedicated.DedicatedServer/]: [Goj0: The difficulty has been set to Easy]
[09Apr2026 19:54:55.402] [Server thread/INFO] [net.minecraft.server.dedicated.DedicatedServer/]: Goj0 is bleeding...
[09Apr2026 19:54:55.403] [Server thread/WARN] [tombstone/]: The death event of the player Goj0 was canceled by another mod
[09Apr2026 19:54:55.406] [Server thread/INFO] [tombstone/]: The player Goj0 has successfully been saved
[09Apr2026 19:55:00.998] [Server thread/WARN] [twilightforest/]: Dropping inventory items previously held in reserve for player Goj0 (38c49b64-4c4f-3860-9cc7-470580cdccc6)
[09Apr2026 19:55:00.998] [Server thread/INFO] [net.minecraft.server.dedicated.DedicatedServer/]: Goj0 withered away
[09Apr2026 19:55:02.548] [Netty Epoll Server IO #2/ERROR] [net.minecraft.command.arguments.ArgumentTypes/]: Could not serialize cpw.mods.inventorysorter.InventorySorterCommand$ContainerClassArgument@68c95d05 (class cpw.mods.inventorysorter.InventorySorterCommand$ContainerClassArgument) - will not be sent to client!
[09Apr2026 19:55:02.549] [Netty Epoll Server IO #2/ERROR] [net.minecraft.command.arguments.ArgumentTypes/]: Could not serialize cpw.mods.inventorysorter.InventorySorterCommand$ContainerClassArgument@5784275 (class cpw.mods.inventorysorter.InventorySorterCommand$ContainerClassArgument) - will not be sent to client!
[09Apr2026 19:55:22.456] [Server thread/WARN] [net.minecraft.world.server.ServerWorld/]: Trying to add entity with duplicated UUID 8b4db2bb-f63f-44c3-a6ef-3b42384dbaa2. Existing iceandfire:ice_dragon#61658, new: iceandfire:ice_dragon#61658
[09Apr2026 19:55:22.457] [Server thread/WARN] [net.minecraft.world.server.ServerWorld/]: Trying to add entity with duplicated UUID 38f10230-ce9a-4012-abee-1d440aa6034f. Existing iceandfire:dragon_multipart#61981, new: iceandfire:dragon_multipart#61981
[09Apr2026 19:55:22.457] [Server thread/WARN] [net.minecraft.world.server.ServerWorld/]: Trying to add entity with duplicated UUID b337ff1c-7238-492f-9195-623d57466051. Existing iceandfire:dragon_multipart#61972, new: iceandfire:dragon_multipart#61972
[09Apr2026 19:55:22.457] [Server thread/WARN] [net.minecraft.world.server.ServerWorld/]: Trying to add entity with duplicated UUID 74c0d43a-7779-4f9d-a2bc-178abced2a63. Existing iceandfire:dragon_multipart#61973, new: iceandfire:dragon_multipart#61973
[09Apr2026 19:55:22.457] [Server thread/WARN] [net.minecraft.world.server.ServerWorld/]: Trying to add entity with duplicated UUID 7c244537-1196-4201-9bc8-28df8e1e69a5. Existing iceandfire:dragon_multipart#61974, new: iceandfire:dragon_multipart#61974
[09Apr2026 19:55:22.457] [Server thread/WARN] [net.minecraft.world.server.ServerWorld/]: Trying to add entity with duplicated UUID 1104d195-2c86-4b83-8ba3-79c194a74542. Existing iceandfire:dragon_multipart#61975, new: iceandfire:dragon_multipart#61975
[09Apr2026 19:55:22.457] [Server thread/WARN] [net.minecraft.world.server.ServerWorld/]: Trying to add entity with duplicated UUID d6e4d639-4107-4bcd-9896-d7435223eaf5. Existing iceandfire:dragon_multipart#61976, new: iceandfire:dragon_multipart#61976
[09Apr2026 19:55:22.457] [Server thread/WARN] [net.minecraft.world.server.ServerWorld/]: Trying to add entity with duplicated UUID 9441982a-bf3d-49dd-8fe3-8e12a423469d. Existing iceandfire:dragon_multipart#61977, new: iceandfire:dragon_multipart#61977
[09Apr2026 19:55:22.457] [Server thread/WARN] [net.minecraft.world.server.ServerWorld/]: Trying to add entity with duplicated UUID ce8b8ff9-b0ba-45e9-851d-6e11d566b8a3. Existing iceandfire:dragon_multipart#61978, new: iceandfire:dragon_multipart#61978
[09Apr2026 19:55:22.457] [Server thread/WARN] [net.minecraft.world.server.ServerWorld/]: Trying to add entity with duplicated UUID c205399b-ab5f-4497-bd92-b3e9ddf544f2. Existing iceandfire:dragon_multipart#61979, new: iceandfire:dragon_multipart#61979
[09Apr2026 19:55:22.457] [Server thread/WARN] [net.minecraft.world.server.ServerWorld/]: Trying to add entity with duplicated UUID 15bcda7b-edb4-4589-a336-5ccd9df52136. Existing iceandfire:dragon_multipart#61980, new: iceandfire:dragon_multipart#61980
[09Apr2026 19:55:41.462] [Server thread/WARN] [net.minecraft.world.server.ServerWorld/]: Trying to add entity with duplicated UUID 1104d195-2c86-4b83-8ba3-79c194a74542. Existing iceandfire:dragon_multipart#61975, new: iceandfire:dragon_multipart#61975
[09Apr2026 19:57:44.688] [Server thread/WARN] [net.minecraft.network.play.ServerPlayNetHandler/]: Goj0 moved too quickly! -8.58174697876683,-1.6709083839322858,5.2941668176763415
[09Apr2026 19:57:44.692] [Server thread/WARN] [net.minecraft.server.MinecraftServer/]: Can't keep up! Is the server overloaded? Running 4162ms or 83 ticks behind
[09Apr2026 19:57:46.389] [Worker-Main-2/WARN] [net.minecraft.entity.EntityType/]: Skipping Entity with id nuggets_dungeons_ii:alien
[09Apr2026 19:57:46.390] [Worker-Main-2/WARN] [net.minecraft.entity.EntityType/]: Skipping Entity with id nuggets_dungeons_ii:alien
[09Apr2026 19:57:46.390] [Worker-Main-2/WARN] [net.minecraft.entity.EntityType/]: Skipping Entity with id nuggets_dungeons_ii:alien
[09Apr2026 19:57:46.390] [Worker-Main-2/WARN] [net.minecraft.entity.EntityType/]: Skipping Entity with id nuggets_dungeons_ii:alien
[09Apr2026 19:58:02.387] [Worker-Main-1/ERROR] [net.minecraft.util.registry.SimpleRegistry/]: Adding duplicate value 'net.minecraft.world.gen.feature.jigsaw.JigsawPattern@4ba6cf08' to registry
[09Apr2026 19:58:02.388] [Worker-Main-1/WARN] [net.minecraft.world.gen.feature.jigsaw.JigsawManager/]: Empty or none existent pool: towers_of_the_wild:regular_bottom
[09Apr2026 19:59:50.188] [Worker-Main-2/WARN] [net.minecraft.entity.EntityType/]: Skipping Entity with id nuggets_dungeons_ii:lunaron
[09Apr2026 19:59:50.189] [Worker-Main-2/WARN] [net.minecraft.entity.EntityType/]: Skipping Entity with id nuggets_dungeons_ii:lunaron
[09Apr2026 19:59:50.189] [Worker-Main-2/WARN] [net.minecraft.entity.EntityType/]: Skipping Entity with id nuggets_dungeons_ii:lunaron
[09Apr2026 19:59:50.189] [Worker-Main-2/WARN] [net.minecraft.entity.EntityType/]: Skipping Entity with id nuggets_dungeons_ii:lunaron
[09Apr2026 19:59:50.189] [Worker-Main-2/WARN] [net.minecraft.entity.EntityType/]: Skipping Entity with id nuggets_dungeons_ii:lunaron
[09Apr2026 20:03:26.398] [Worker-Main-2/WARN] [net.minecraft.entity.EntityType/]: Skipping Entity with id nuggets_dungeons_ii:aetheric_sentry
[09Apr2026 20:03:26.401] [Worker-Main-2/WARN] [net.minecraft.entity.EntityType/]: Skipping Entity with id nuggets_dungeons_ii:aetheric_sentry
[09Apr2026 20:03:26.402] [Worker-Main-2/WARN] [net.minecraft.entity.EntityType/]: Skipping Entity with id nuggets_dungeons_ii:aetheric_sentry
[09Apr2026 20:03:26.402] [Worker-Main-2/WARN] [net.minecraft.entity.EntityType/]: Skipping Entity with id nuggets_dungeons_ii:aetheric_sentry
[09Apr2026 20:03:27.058] [Server thread/WARN] [net.minecraft.network.play.ServerPlayNetHandler/]: Goj0 moved too quickly! -0.4196361728775173,-10.54376293542802,0.3350540805604396
[09Apr2026 20:03:27.058] [Server thread/WARN] [net.minecraft.server.MinecraftServer/]: Can't keep up! Is the server overloaded? Running 5078ms or 101 ticks behind
[09Apr2026 20:03:37.584] [Worker-Main-2/ERROR] [net.minecraft.util.registry.SimpleRegistry/]: Adding duplicate value 'net.minecraft.world.gen.feature.jigsaw.JigsawPattern@4ba6cf08' to registry
[09Apr2026 20:03:37.584] [Worker-Main-2/WARN] [net.minecraft.world.gen.feature.jigsaw.JigsawManager/]: Empty or none existent pool: towers_of_the_wild:regular_bottom
[09Apr2026 20:04:40.447] [Worker-Main-2/ERROR] [net.minecraft.util.registry.SimpleRegistry/]: Adding duplicate value 'net.minecraft.world.gen.feature.jigsaw.JigsawPattern@4ba6cf08' to registry
[09Apr2026 20:04:40.447] [Worker-Main-2/WARN] [net.minecraft.world.gen.feature.jigsaw.JigsawManager/]: Empty or none existent pool: towers_of_the_wild:regular_bottom
[09Apr2026 20:04:53.416] [Worker-Main-1/WARN] [net.minecraft.entity.EntityType/]: Skipping Entity with id nuggets_dungeons_ii:sky_knight
[09Apr2026 20:04:53.416] [Worker-Main-1/WARN] [net.minecraft.entity.EntityType/]: Skipping Entity with id nuggets_dungeons_ii:sky_knight
[09Apr2026 20:04:53.417] [Worker-Main-1/WARN] [net.minecraft.entity.EntityType/]: Skipping Entity with id nuggets_dungeons_ii:sky_knight
[09Apr2026 20:04:53.417] [Worker-Main-1/WARN] [net.minecraft.entity.EntityType/]: Skipping Entity with id nuggets_dungeons_ii:sky_knight
[09Apr2026 20:04:53.417] [Worker-Main-1/WARN] [net.minecraft.entity.EntityType/]: Skipping Entity with id nuggets_dungeons_ii:sky_knight
[09Apr2026 20:04:53.417] [Worker-Main-1/WARN] [net.minecraft.entity.EntityType/]: Skipping Entity with id nuggets_dungeons_ii:sky_knight
[09Apr2026 20:05:06.934] [Worker-Main-2/ERROR] [net.minecraft.util.registry.SimpleRegistry/]: Adding duplicate value 'net.minecraft.world.gen.feature.jigsaw.JigsawPattern@4ba6cf08' to registry
[09Apr2026 20:05:06.935] [Worker-Main-2/WARN] [net.minecraft.world.gen.feature.jigsaw.JigsawManager/]: Empty or none existent pool: towers_of_the_wild:regular_bottom
[09Apr2026 20:05:08.788] [Worker-Main-3/WARN] [net.minecraft.entity.EntityType/]: Skipping Entity with id nuggets_dungeons_ii:lunaron
[09Apr2026 20:05:08.788] [Worker-Main-3/WARN] [net.minecraft.entity.EntityType/]: Skipping Entity with id nuggets_dungeons_ii:lunaron
[09Apr2026 20:05:08.788] [Worker-Main-3/WARN] [net.minecraft.entity.EntityType/]: Skipping Entity with id nuggets_dungeons_ii:lunaron
[09Apr2026 20:05:08.789] [Worker-Main-3/WARN] [net.minecraft.entity.EntityType/]: Skipping Entity with id nuggets_dungeons_ii:lunaron
[09Apr2026 20:05:08.789] [Worker-Main-3/WARN] [net.minecraft.entity.EntityType/]: Skipping Entity with id nuggets_dungeons_ii:lunaron
[09Apr2026 20:05:12.834] [Worker-Main-1/WARN] [net.minecraft.entity.EntityType/]: Skipping Entity with id nuggets_dungeons_ii:voidlion
[09Apr2026 20:05:12.834] [Worker-Main-1/WARN] [net.minecraft.entity.EntityType/]: Skipping Entity with id nuggets_dungeons_ii:voidlion
[09Apr2026 20:05:12.834] [Worker-Main-1/WARN] [net.minecraft.entity.EntityType/]: Skipping Entity with id nuggets_dungeons_ii:voidlion
[09Apr2026 20:05:24.417] [Worker-Main-3/ERROR] [net.minecraft.util.registry.SimpleRegistry/]: Adding duplicate value 'net.minecraft.world.gen.feature.jigsaw.JigsawPattern@4ba6cf08' to registry
[09Apr2026 20:05:24.417] [Worker-Main-3/WARN] [net.minecraft.world.gen.feature.jigsaw.JigsawManager/]: Empty or none existent pool: towers_of_the_wild:regular_bottom
[09Apr2026 20:05:53.318] [Server thread/INFO] [net.minecraft.server.dedicated.DedicatedServer/]: Goj0 is bleeding...
[09Apr2026 20:05:53.318] [Server thread/WARN] [tombstone/]: The death event of the player Goj0 was canceled by another mod
[09Apr2026 20:05:53.342] [Server thread/INFO] [tombstone/]: The player Goj0 has successfully been saved
[09Apr2026 20:05:59.358] [Server thread/WARN] [twilightforest/]: Dropping inventory items previously held in reserve for player Goj0 (38c49b64-4c4f-3860-9cc7-470580cdccc6)
[09Apr2026 20:05:59.359] [Server thread/INFO] [net.minecraft.server.dedicated.DedicatedServer/]: Goj0 blew up
[09Apr2026 20:06:01.020] [Netty Epoll Server IO #2/ERROR] [net.minecraft.command.arguments.ArgumentTypes/]: Could not serialize cpw.mods.inventorysorter.InventorySorterCommand$ContainerClassArgument@68c95d05 (class cpw.mods.inventorysorter.InventorySorterCommand$ContainerClassArgument) - will not be sent to client!
[09Apr2026 20:06:01.020] [Netty Epoll Server IO #2/ERROR] [net.minecraft.command.arguments.ArgumentTypes/]: Could not serialize cpw.mods.inventorysorter.InventorySorterCommand$ContainerClassArgument@5784275 (class cpw.mods.inventorysorter.InventorySorterCommand$ContainerClassArgument) - will not be sent to client!
[09Apr2026 20:06:03.768] [Server thread/WARN] [net.minecraft.world.chunk.Chunk/]: Wrong location! (46, 333) should be (46, 334), EntityCrow['Crow'/67160, l='ServerLevel[Mundo nuevo]', x=747.65, y=65.75, z=5342.16]
[09Apr2026 20:06:03.769] [Server thread/WARN] [net.minecraft.world.server.ServerWorld/]: Trying to add entity with duplicated UUID c8667d92-e7be-43c0-9bcf-ef52c162ca70. Existing alexsmobs:crow#67160, new: alexsmobs:crow#67162
[09Apr2026 20:07:45.797] [Server thread/INFO] [net.minecraft.server.dedicated.DedicatedServer/]: Goj0 is bleeding...
[09Apr2026 20:07:45.799] [Server thread/WARN] [tombstone/]: The death event of the player Goj0 was canceled by another mod
[09Apr2026 20:07:45.802] [Server thread/INFO] [tombstone/]: The player Goj0 has successfully been saved
[09Apr2026 20:07:50.810] [Server thread/WARN] [twilightforest/]: Dropping inventory items previously held in reserve for player Goj0 (38c49b64-4c4f-3860-9cc7-470580cdccc6)
[09Apr2026 20:07:50.810] [Server thread/INFO] [net.minecraft.server.dedicated.DedicatedServer/]: Goj0 was shot by Skeleton
[09Apr2026 20:07:52.995] [Netty Epoll Server IO #2/ERROR] [net.minecraft.command.arguments.ArgumentTypes/]: Could not serialize cpw.mods.inventorysorter.InventorySorterCommand$ContainerClassArgument@68c95d05 (class cpw.mods.inventorysorter.InventorySorterCommand$ContainerClassArgument) - will not be sent to client!
[09Apr2026 20:07:52.995] [Netty Epoll Server IO #2/ERROR] [net.minecraft.command.arguments.ArgumentTypes/]: Could not serialize cpw.mods.inventorysorter.InventorySorterCommand$ContainerClassArgument@5784275 (class cpw.mods.inventorysorter.InventorySorterCommand$ContainerClassArgument) - will not be sent to client!
[09Apr2026 20:09:18.951] [Server thread/INFO] [net.minecraft.server.dedicated.DedicatedServer/]: Goj0 is bleeding...
[09Apr2026 20:09:18.952] [Server thread/WARN] [tombstone/]: The death event of the player Goj0 was canceled by another mod
[09Apr2026 20:09:18.955] [Server thread/INFO] [tombstone/]: The player Goj0 has successfully been saved
[09Apr2026 20:09:38.750] [Server thread/WARN] [twilightforest/]: Dropping inventory items previously held in reserve for player Goj0 (38c49b64-4c4f-3860-9cc7-470580cdccc6)
[09Apr2026 20:09:38.751] [Server thread/INFO] [net.minecraft.server.dedicated.DedicatedServer/]: Goj0 was shot by Skeleton
[09Apr2026 20:09:40.545] [Netty Epoll Server IO #2/ERROR] [net.minecraft.command.arguments.ArgumentTypes/]: Could not serialize cpw.mods.inventorysorter.InventorySorterCommand$ContainerClassArgument@68c95d05 (class cpw.mods.inventorysorter.InventorySorterCommand$ContainerClassArgument) - will not be sent to client!
[09Apr2026 20:09:40.545] [Netty Epoll Server IO #2/ERROR] [net.minecraft.command.arguments.ArgumentTypes/]: Could not serialize cpw.mods.inventorysorter.InventorySorterCommand$ContainerClassArgument@5784275 (class cpw.mods.inventorysorter.InventorySorterCommand$ContainerClassArgument) - will not be sent to client!
[09Apr2026 20:09:57.835] [Server thread/INFO] [net.minecraft.server.dedicated.DedicatedServer/]: Goj0 is bleeding...
[09Apr2026 20:09:57.835] [Server thread/WARN] [tombstone/]: The death event of the player Goj0 was canceled by another mod
[09Apr2026 20:09:57.851] [Server thread/INFO] [tombstone/]: The player Goj0 has successfully been saved
[09Apr2026 20:10:10.344] [Server thread/WARN] [twilightforest/]: Dropping inventory items previously held in reserve for player Goj0 (38c49b64-4c4f-3860-9cc7-470580cdccc6)
[09Apr2026 20:10:10.345] [Server thread/INFO] [net.minecraft.server.dedicated.DedicatedServer/]: Goj0 was slain by Zombie
[09Apr2026 20:10:11.960] [Netty Epoll Server IO #2/ERROR] [net.minecraft.command.arguments.ArgumentTypes/]: Could not serialize cpw.mods.inventorysorter.InventorySorterCommand$ContainerClassArgument@68c95d05 (class cpw.mods.inventorysorter.InventorySorterCommand$ContainerClassArgument) - will not be sent to client!
[09Apr2026 20:10:11.960] [Netty Epoll Server IO #2/ERROR] [net.minecraft.command.arguments.ArgumentTypes/]: Could not serialize cpw.mods.inventorysorter.InventorySorterCommand$ContainerClassArgument@5784275 (class cpw.mods.inventorysorter.InventorySorterCommand$ContainerClassArgument) - will not be sent to client!
[09Apr2026 20:10:47.386] [Server thread/INFO] [net.minecraft.server.dedicated.DedicatedServer/]: Goj0 is bleeding...
[09Apr2026 20:10:47.387] [Server thread/WARN] [tombstone/]: The death event of the player Goj0 was canceled by another mod
[09Apr2026 20:10:47.398] [Server thread/INFO] [tombstone/]: The player Goj0 has successfully been saved
[09Apr2026 20:10:54.728] [Server thread/WARN] [twilightforest/]: Dropping inventory items previously held in reserve for player Goj0 (38c49b64-4c4f-3860-9cc7-470580cdccc6)
[09Apr2026 20:10:54.728] [Server thread/INFO] [net.minecraft.server.dedicated.DedicatedServer/]: Goj0 was slain by Zombie
[09Apr2026 20:10:57.784] [Netty Epoll Server IO #2/ERROR] [net.minecraft.command.arguments.ArgumentTypes/]: Could not serialize cpw.mods.inventorysorter.InventorySorterCommand$ContainerClassArgument@68c95d05 (class cpw.mods.inventorysorter.InventorySorterCommand$ContainerClassArgument) - will not be sent to client!
[09Apr2026 20:10:57.784] [Netty Epoll Server IO #2/ERROR] [net.minecraft.command.arguments.ArgumentTypes/]: Could not serialize cpw.mods.inventorysorter.InventorySorterCommand$ContainerClassArgument@5784275 (class cpw.mods.inventorysorter.InventorySorterCommand$ContainerClassArgument) - will not be sent to client!
[09Apr2026 20:11:19.235] [Server thread/INFO] [net.minecraft.server.dedicated.DedicatedServer/]: Goj0 is bleeding...
[09Apr2026 20:11:19.235] [Server thread/WARN] [tombstone/]: The death event of the player Goj0 was canceled by another mod
[09Apr2026 20:11:19.250] [Server thread/INFO] [tombstone/]: The player Goj0 has successfully been saved
[09Apr2026 20:12:19.193] [Server thread/WARN] [twilightforest/]: Dropping inventory items previously held in reserve for player Goj0 (38c49b64-4c4f-3860-9cc7-470580cdccc6)
[09Apr2026 20:12:19.194] [Server thread/INFO] [net.minecraft.server.dedicated.DedicatedServer/]: Goj0 was slain by Zombie
[09Apr2026 20:12:21.529] [Netty Epoll Server IO #2/ERROR] [net.minecraft.command.arguments.ArgumentTypes/]: Could not serialize cpw.mods.inventorysorter.InventorySorterCommand$ContainerClassArgument@68c95d05 (class cpw.mods.inventorysorter.InventorySorterCommand$ContainerClassArgument) - will not be sent to client!
[09Apr2026 20:12:21.530] [Netty Epoll Server IO #2/ERROR] [net.minecraft.command.arguments.ArgumentTypes/]: Could not serialize cpw.mods.inventorysorter.InventorySorterCommand$ContainerClassArgument@5784275 (class cpw.mods.inventorysorter.InventorySorterCommand$ContainerClassArgument) - will not be sent to client!
[09Apr2026 20:12:44.535] [Server thread/INFO] [net.minecraft.server.dedicated.DedicatedServer/]: Goj0 is bleeding...
[09Apr2026 20:12:44.536] [Server thread/WARN] [tombstone/]: The death event of the player Goj0 was canceled by another mod
[09Apr2026 20:12:44.555] [Server thread/INFO] [tombstone/]: The player Goj0 has successfully been saved
[09Apr2026 20:12:53.959] [Server thread/WARN] [twilightforest/]: Dropping inventory items previously held in reserve for player Goj0 (38c49b64-4c4f-3860-9cc7-470580cdccc6)
[09Apr2026 20:12:53.960] [Server thread/INFO] [net.minecraft.server.dedicated.DedicatedServer/]: Goj0 was slain by Zombie
[09Apr2026 20:12:55.319] [Netty Epoll Server IO #2/ERROR] [net.minecraft.command.arguments.ArgumentTypes/]: Could not serialize cpw.mods.inventorysorter.InventorySorterCommand$ContainerClassArgument@68c95d05 (class cpw.mods.inventorysorter.InventorySorterCommand$ContainerClassArgument) - will not be sent to client!
[09Apr2026 20:12:55.321] [Netty Epoll Server IO #2/ERROR] [net.minecraft.command.arguments.ArgumentTypes/]: Could not serialize cpw.mods.inventorysorter.InventorySorterCommand$ContainerClassArgument@5784275 (class cpw.mods.inventorysorter.InventorySorterCommand$ContainerClassArgument) - will not be sent to client!
[09Apr2026 20:13:02.651] [Server thread/INFO] [net.minecraft.server.dedicated.DedicatedServer/]: [Goj0: Set own game mode to Creative Mode]
[09Apr2026 20:13:19.405] [Server thread/WARN] [net.minecraft.network.play.ServerPlayNetHandler/]: Goj0 moved too quickly! 9.933479781868073,0.0,-1.9907041732130892
[09Apr2026 20:13:23.085] [Server thread/WARN] [net.minecraft.network.play.ServerPlayNetHandler/]: Goj0 moved too quickly! 9.290037384833795,0.0,-5.560672848963804
[09Apr2026 20:13:28.001] [Server thread/WARN] [net.minecraft.network.play.ServerPlayNetHandler/]: Goj0 moved too quickly! 8.38183446978644,3.3750001341104507,-5.038928634070544
[09Apr2026 20:14:15.972] [Server thread/WARN] [net.minecraft.network.play.ServerPlayNetHandler/]: Goj0 moved too quickly! 0.0,-11.453369813810042,0.0
[09Apr2026 20:15:21.004] [Server thread/INFO] [net.minecraft.server.dedicated.DedicatedServer/]: [Goj0: Set own game mode to Survival Mode]
[09Apr2026 20:17:05.242] [Server thread/INFO] [net.minecraft.network.play.ServerPlayNetHandler/]: Goj0 lost connection: Disconnected
[09Apr2026 20:17:05.243] [Server thread/INFO] [net.minecraft.server.dedicated.DedicatedServer/]: Goj0 left the game
[09Apr2026 20:24:03.202] [Server thread/INFO] [ModernFix/]: Shutting down locating executor service
[09Apr2026 20:24:03.415] [Server thread/INFO] [net.minecraft.server.MinecraftServer/]: Stopping server
[09Apr2026 20:24:03.449] [Server thread/INFO] [net.minecraft.server.MinecraftServer/]: Saving players
[09Apr2026 20:24:03.449] [Server thread/INFO] [net.minecraft.server.MinecraftServer/]: Saving worlds
[09Apr2026 20:24:03.450] [Server thread/INFO] [net.minecraft.server.MinecraftServer/]: Saving chunks for level 'ServerLevel[Mundo nuevo]'/minecraft:overworld
[09Apr2026 20:24:03.493] [Server thread/INFO] [net.minecraft.world.server.ChunkManager/]: ThreadedAnvilChunkStorage (world): All chunks are saved
[09Apr2026 20:24:03.493] [Server thread/INFO] [net.minecraft.server.MinecraftServer/]: Saving chunks for level 'ServerLevel[Mundo nuevo]'/minecraft:the_nether
[09Apr2026 20:24:03.495] [Server thread/INFO] [net.minecraft.world.server.ChunkManager/]: ThreadedAnvilChunkStorage (DIM-1): All chunks are saved
[09Apr2026 20:24:03.495] [Server thread/INFO] [net.minecraft.server.MinecraftServer/]: Saving chunks for level 'ServerLevel[Mundo nuevo]'/minecraft:the_end
[09Apr2026 20:24:03.499] [Server thread/INFO] [net.minecraft.world.server.ChunkManager/]: ThreadedAnvilChunkStorage (DIM1): All chunks are saved
[09Apr2026 20:24:03.499] [Server thread/INFO] [net.minecraft.server.MinecraftServer/]: Saving chunks for level 'ServerLevel[Mundo nuevo]'/twilightforest:twilightforest
[09Apr2026 20:24:03.500] [Server thread/INFO] [net.minecraft.world.server.ChunkManager/]: ThreadedAnvilChunkStorage (twilightforest): All chunks are saved
[09Apr2026 20:24:03.500] [Server thread/INFO] [net.minecraft.server.MinecraftServer/]: Saving chunks for level 'ServerLevel[Mundo nuevo]'/nuggets_dungeons_ii:shadow_realm
[09Apr2026 20:24:03.506] [Server thread/INFO] [net.minecraft.world.server.ChunkManager/]: ThreadedAnvilChunkStorage (shadow_realm): All chunks are saved
[09Apr2026 20:24:03.506] [Server thread/INFO] [net.minecraft.server.MinecraftServer/]: Saving chunks for level 'ServerLevel[Mundo nuevo]'/twilightforest:skylight_forest
[09Apr2026 20:24:03.507] [Server thread/INFO] [net.minecraft.world.server.ChunkManager/]: ThreadedAnvilChunkStorage (skylight_forest): All chunks are saved
[09Apr2026 20:24:03.649] [Server thread/INFO] [net.minecraft.world.server.ChunkManager/]: ThreadedAnvilChunkStorage (world): All chunks are saved
[09Apr2026 20:24:05.416] [Server thread/INFO] [net.minecraft.world.server.ChunkManager/]: ThreadedAnvilChunkStorage (DIM-1): All chunks are saved
[09Apr2026 20:24:05.419] [Server thread/INFO] [net.minecraft.world.server.ChunkManager/]: ThreadedAnvilChunkStorage (DIM1): All chunks are saved
[09Apr2026 20:24:05.420] [Server thread/INFO] [net.minecraft.world.server.ChunkManager/]: ThreadedAnvilChunkStorage (twilightforest): All chunks are saved
[09Apr2026 20:24:05.421] [Server thread/INFO] [net.minecraft.world.server.ChunkManager/]: ThreadedAnvilChunkStorage (shadow_realm): All chunks are saved
[09Apr2026 20:24:05.421] [Server thread/INFO] [net.minecraft.world.server.ChunkManager/]: ThreadedAnvilChunkStorage (skylight_forest): All chunks are saved
